run_id,fold,protocol,representation,classifier,feature_dimension,preprocessing,train,validation,test,total_sec,refit_sec,test_inference_sec,test_inference_sec_per_clip,downstream_fit_reused,accuracy,balanced_accuracy,precision,sensitivity,specificity,f1,macro_f1,mcc,cohen_kappa,roc_auc,tn,fp,fn,tp,n
0f32c295a44a06b7,0,R_R,classical,mlp,52,peak_filter,11805,3990,4003,12.542731865309179,6.355242781806737,0.00736849894747138,1.8407441787337948e-06,False,0.4921309018236323,0.4905035827528525,0.48079470198675495,0.3675949367088608,0.6134122287968442,0.41664275466284073,0.48348174008302397,-0.019591049240200983,-0.01905144719698515,0.5057863331086311,1244,784,1249,726,4003
3589f95250c85779,1,R_R,classical,mlp,52,peak_filter,11842,3966,3990,8.843678656034172,3.2784933671355247,0.007301085162907839,1.8298459054906864e-06,False,0.537092731829574,0.5385034130863412,0.5678391959798995,0.33748133399701347,0.7395254921756689,0.42335310646269125,0.5183543845062043,0.08407960903332848,0.07678668203031691,0.5971671144664759,1465,516,1331,678,3990
62eba2cfffc55985,2,R_R,classical,mlp,52,peak_filter,11862,3970,3966,11.063993029296398,4.518537417985499,0.007262353785336018,1.8311532489500802e-06,False,0.5506807866868382,0.5513627458160911,0.5756484149855908,0.4011044176706827,0.7016210739614995,0.4727810650887574,0.5406523954617777,0.10768625655704064,0.10258367693981474,0.583546953772537,1385,589,1193,799,3966
0c967ffff3ee133c,3,R_R,classical,mlp,52,peak_filter,11959,3869,3970,12.983204773627222,4.596127416938543,0.0072272527031600475,1.820466675858954e-06,False,0.5110831234256927,0.5106437275025056,0.5115979381443299,0.4016186140617097,0.6196688409433015,0.4499858316803627,0.504974779363192,0.021812564086865344,0.021305840004003374,0.5387822984898333,1235,758,1183,794,3970
11279ed86b5d6306,4,R_R,classical,mlp,52,peak_filter,11926,4003,3869,10.684436794836074,5.086849173065275,0.00714209396392107,1.8459793134973043e-06,False,0.5461359524424916,0.5507137100892665,0.5927750410509032,0.36427850655903127,0.7371489136195019,0.45125,0.5321476972234465,0.10916028136821077,0.10045271539200551,0.5995595227209165,1391,496,1260,722,3869
11b18e56b8452776,0,R_S,classical,mlp,52,peak_filter,11805,3990,4003,0.14901888696476817,6.355242781806737,0.007576430216431618,1.8926880380793449e-06,True,0.49862603047714216,0.4925405088258058,0.4012345679012346,0.03291139240506329,0.9521696252465484,0.06083294337856809,0.35943333998030463,-0.03785097444517518,-0.015100111680936612,0.5482138666267197,1931,97,1910,65,4003
82e10d9335520fe0,1,R_S,classical,mlp,52,peak_filter,11842,3966,3990,0.1409648167900741,3.2784933671355247,0.007453592028468847,1.8680681775611147e-06,True,0.48771929824561405,0.4906841474847286,0.44336569579288027,0.06819313091090094,0.9131751640585563,0.1182053494391717,0.37860108517525526,-0.03485159493044557,-0.018520946870951294,0.5505186278103908,1809,172,1872,137,3990
3d421d7ebbdf0275,2,R_S,classical,mlp,52,peak_filter,11862,3970,3966,0.1407783213071525,4.518537417985499,0.007444314192980528,1.877033331563421e-06,True,0.4969742813918306,0.49920807851466653,0.45161290322580644,0.007028112449799197,0.9913880445795339,0.01384083044982699,0.338110125835846,-0.00899243168973204,-0.0015767659436785042,0.5136338159120779,1957,17,1978,14,3966
6149b383ca8453a8,3,R_S,classical,mlp,52,peak_filter,11959,3869,3970,0.141189306974411,4.596127416938543,0.007444052956998348,1.8750763115864856e-06,True,0.5022670025188917,0.5003056981681713,0.5094339622641509,0.013657056145675266,0.9869543401906673,0.026600985221674877,0.3461262117309728,0.0026635760145018545,0.0006137940857156021,0.5399163892033854,1967,26,1950,27,3970
797ba46d97fcfb84,4,R_S,classical,mlp,52,peak_filter,11926,4003,3869,0.13944191066548228,5.086849173065275,0.007238115184009075,1.8707974112197144e-06,True,0.46549495993796847,0.4769838990768533,0.14754098360655737,0.009081735620585268,0.9448860625331214,0.017110266159695818,0.3250265565800254,-0.13166724914086184,-0.04496988807810287,0.4740946205301877,1783,104,1964,18,3869
92a1b608b544f4e3,0,S_R,classical,mlp,52,peak_filter,11805,3990,4003,0.14746378920972347,3.986123297829181,0.007618121802806854,1.903103123359194e-06,True,0.5036222832875343,0.49706126881881507,0.16666666666666666,0.0015189873417721519,0.992603550295858,0.0030105368790767687,0.3362799233538906,-0.04391945745928607,-0.005954561844186523,0.5521047112575836,2013,15,1972,3,4003
cb8591cf7117a340,1,S_R,classical,mlp,52,peak_filter,11842,3966,3990,0.1414357707835734,3.16117553319782,0.007529313210397959,1.8870459173929722e-06,True,0.4982456140350877,0.5015838620202024,0.5360824742268041,0.025883524141363863,0.9772841998990409,0.04938271604938271,0.35427937300596474,0.01028374922767746,0.0031465605350375903,0.45721009621267644,1936,45,1957,52,3990
160d15794262c9bf,2,S_R,classical,mlp,52,peak_filter,11862,3970,3966,0.14096768805757165,5.909701503813267,0.007405298762023449,1.8671958552757058e-06,True,0.47806354009077157,0.480011993261801,0.3607142857142857,0.05070281124497992,0.9093211752786221,0.08890845070422536,0.3615920345393918,-0.07802989866990753,-0.03981998249069818,0.4232993269938925,1795,179,1891,101,3966
dd00a01b974a8fd8,3,S_R,classical,mlp,52,peak_filter,11959,3869,3970,0.1401964221149683,6.719784612301737,0.0074916803278028965,1.8870731304289411e-06,True,0.4889168765743073,0.4871045878582119,0.37,0.03743045017703591,0.9367787255393879,0.06798346348185577,0.3579549453449536,-0.05895715707995892,-0.025884213864432626,0.5055672851946913,1867,126,1903,74,3970
630e66d08caa2c12,4,S_R,classical,mlp,52,peak_filter,11926,4003,3869,0.14010483864694834,6.156131647061557,0.007345449645072222,1.8985395825981447e-06,True,0.48823985525975705,0.49981871822555624,0.509090909090909,0.028254288597376387,0.9713831478537361,0.05353728489483748,0.3514232651891828,-0.001090408953610751,-0.0003541437165346384,0.48358838449062225,1833,54,1926,56,3869
6dfea94a83aee9d1,0,S_S,classical,mlp,52,peak_filter,11805,3990,4003,11.584187001921237,3.986123297829181,0.007351874839514494,1.836591266428802e-06,False,0.5303522358231326,0.5288937158265299,0.5304682488774856,0.41873417721518985,0.6390532544378699,0.4680249009620826,0.5238156705168195,0.05924848635473357,0.05794692204544705,0.5574280328564651,1296,732,1148,827,4003
35e54d320f57df3f,1,S_S,classical,mlp,52,peak_filter,11842,3966,3990,11.555423281621188,3.16117553319782,0.007315817754715681,1.833538284389895e-06,False,0.5619047619047619,0.5631988208538607,0.6034892942109437,0.3787954206072673,0.7476022211004543,0.4654434250764526,0.5471590798418356,0.1359289199365963,0.12606592835979047,0.5938197344659784,1481,500,1248,761,3990
1ca5dc0675aba993,2,S_S,classical,mlp,52,peak_filter,11862,3970,3966,13.263448614161462,5.909701503813267,0.0073403348214924335,1.850815638298647e-06,False,0.5070600100857287,0.5083441669413215,0.521486643437863,0.2254016064257028,0.7912867274569402,0.31475639677532424,0.4649190528865792,0.020239456374249287,0.016645245634180572,0.55541924537054,1562,412,1543,449,3966
58f6d2ba638c6303,3,S_S,classical,mlp,52,peak_filter,11959,3869,3970,15.154193086083978,6.719784612301737,0.00726353470236063,1.8296057184787481e-06,False,0.546095717884131,0.5459868264266359,0.5466169419286094,0.5189681335356601,0.5730055193176117,0.5324338349766476,0.5457078621775064,0.0921093396823132,0.0919923307358732,0.585313899609686,1142,851,951,1026,3970
b9bbd479eb1019f1,4,S_S,classical,mlp,52,peak_filter,11926,4003,3869,11.919702374842018,6.156131647061557,0.007045475300401449,1.821006797725885e-06,False,0.5642284828120961,0.5682075350117137,0.6126331811263318,0.40615539858728555,0.730259671436142,0.48847087378640774,0.5544560582349418,0.14398159841667582,0.1352674769683364,0.5797900500369783,1378,509,1177,805,3869
f2ee6d12c2e141fb,0,R_R,classical,random_forest,52,peak_filter,11805,3990,4003,30.803338828962296,12.80028475401923,0.06559911603108048,1.6387488391476513e-05,False,0.5268548588558581,0.5266660424936959,0.5208440555841483,0.5124050632911392,0.5409270216962525,0.5165900969882593,0.5266414281418792,0.05335020313052386,0.05334337881937401,0.5331826579781789,1097,931,963,1012,4003
c5574abc4e28970d,1,R_R,classical,random_forest,52,peak_filter,11842,3966,3990,31.254021210130304,12.428071015980095,0.06468342524021864,1.621138477198462e-05,False,0.5761904761904761,0.5773638766891743,0.6195488721804512,0.4101543056246889,0.7445734477536597,0.49356094639113507,0.5645999086620618,0.16410952446572596,0.1543590598433071,0.6211239226609988,1475,506,1185,824,3990
1021dadd485d42fc,2,R_R,classical,random_forest,52,peak_filter,11862,3970,3966,32.19904260477051,12.950746913906187,0.06500461464747787,1.6390472679646462e-05,False,0.5857286938981341,0.5862111058214621,0.6116442738323736,0.4799196787148594,0.6925025329280649,0.5378340365682138,0.5812313888575591,0.1764229494011748,0.17225307788049438,0.6298618994722558,1367,607,1036,956,3966
7327e96ce4cc3427,3,R_R,classical,random_forest,52,peak_filter,11959,3869,3970,32.39269390096888,13.294278714805841,0.0660686963237822,1.6641988998433806e-05,False,0.5465994962216625,0.5464256409826909,0.5488141202426917,0.5032878098128477,0.5895634721525339,0.525065963060686,0.5456655116508249,0.0932010732950179,0.0928822100060196,0.5791971444821671,1175,818,982,995,3970
c0277c628a00f4e5,4,R_R,classical,random_forest,52,peak_filter,11926,4003,3869,31.79448076710105,13.150552147999406,0.0652265241369605,1.685875526931003e-05,False,0.5388989402946498,0.5442851589049725,0.5908256880733945,0.3249243188698285,0.7636459989401165,0.4192708333333333,0.5184652494999286,0.09841662230898203,0.08757816457469902,0.6090655860347793,1441,446,1338,644,3869
868206ce247d6d97,0,R_S,classical,random_forest,52,peak_filter,11805,3990,4003,0.3653170159086585,12.80028475401923,0.0435004229657352,1.0866955524790206e-05,True,0.5033724706470147,0.4971124510024218,0.44036697247706424,0.02430379746835443,0.9699211045364892,0.046065259117082535,0.35518392979494784,-0.017740492028973407,-0.0058472879792490495,0.5759633485631538,1967,61,1927,48,4003
5aeb251f545f3099,1,R_S,classical,random_forest,52,peak_filter,11842,3966,3990,0.33828119095414877,12.428071015980095,0.043676810804754496,1.094656912399862e-05,True,0.5172932330827068,0.519967566445694,0.5873684210526315,0.13887506222000995,0.901060070671378,0.2246376811594203,0.4371004999683564,0.06165635841953844,0.03972079109190618,0.6139572830892986,1785,196,1730,279,3990
fc69606be6eda158,2,R_S,classical,random_forest,52,peak_filter,11862,3970,3966,0.3395098689943552,12.950746913906187,0.04396898997947574,1.108648259694295e-05,True,0.5057992939989914,0.5079497320589349,0.6538461538461539,0.03413654618473896,0.9817629179331308,0.0648854961832061,0.3645195129990739,0.049748263246822966,0.01583105439076271,0.5511711231959244,1938,36,1924,68,3966
417c8484341fdd1d,3,R_S,classical,random_forest,52,peak_filter,11959,3869,3970,0.350362426135689,13.294278714805841,0.04331571515649557,1.0910759485263368e-05,True,0.5259445843828715,0.5243085244486203,0.6273458445040214,0.11836115326251896,0.9302558956347216,0.19914893617021276,0.43123815323716364,0.08331456716108109,0.04877589832682716,0.6347188604729603,1854,139,1743,234,3970
2e595016917f2545,4,R_S,classical,random_forest,52,peak_filter,11926,4003,3869,0.3422680697403848,13.150552147999406,0.04414499504491687,1.1409923764517154e-05,True,0.49185836133367794,0.5039474240073754,0.7666666666666667,0.01160443995963673,0.9962904080551139,0.02286282306163022,0.3397583413247376,0.044989572401045196,0.007703859939876101,0.5555060462017191,1880,7,1959,23,3869
6fe8d02f09702202,0,S_R,classical,random_forest,52,peak_filter,11805,3990,4003,0.32804521592333913,12.006537062115967,0.04341527679935098,1.0845684936135643e-05,True,0.5061204096927304,0.4995466007540009,0.42857142857142855,0.0030379746835443038,0.9960552268244576,0.006033182503770739,0.33873206407887557,-0.007679488220011553,-0.0009187183423811085,0.5497193718323221,2020,8,1969,6,4003
84ce7dce5ea5a6b2,1,S_R,classical,random_forest,52,peak_filter,11842,3966,3990,0.360214957036078,12.348947225138545,0.044593652710318565,1.1176354062736482e-05,True,0.5040100250626567,0.5073221738923959,0.6339285714285714,0.0353409656545545,0.9793033821302373,0.06694955209806695,0.36458930071194523,0.044329142122163906,0.01454727164400249,0.5676834356450994,1940,41,1938,71,3990
cf1858605267d5ae,2,S_R,classical,random_forest,52,peak_filter,11862,3970,3966,0.33143641892820597,12.176421439275146,0.043920098803937435,1.1074155018642822e-05,True,0.4964699949571357,0.4986786049974976,0.4528301886792453,0.012048192771084338,0.9853090172239108,0.0234718826405868,0.3421249340160637,-0.011507686925585922,-0.0026311132176222163,0.5773289459764082,1945,29,1968,24,3966
e9f172109360759d,3,S_R,classical,random_forest,52,peak_filter,11959,3869,3970,0.3132079760544002,12.37145242607221,0.04357033083215356,1.0974894416159587e-05,True,0.49773299748110833,0.495822378831728,0.4174757281553398,0.02175012645422357,0.9698946312092324,0.041346153846153845,0.35053655815174584,-0.026279090852711656,-0.008387154795118423,0.5249153524437199,1933,60,1934,43,3970
7833f323136f1051,4,S_R,classical,random_forest,52,peak_filter,11926,4003,3869,0.3188292598351836,12.17284030886367,0.043481048196554184,1.1238316928548509e-05,True,0.48823985525975705,0.5003521358361983,0.5384615384615384,0.007063572149344097,0.9936406995230525,0.013944223107569721,0.3341972424438372,0.004308797948097194,0.000687200230423457,0.6295366566186297,1875,12,1968,14,3869
e0cb3fb5fdcc6b76,0,S_S,classical,random_forest,52,peak_filter,11805,3990,4003,30.265806772280484,12.006537062115967,0.06445166887715459,1.6100841588097573e-05,False,0.5543342493130152,0.5530585723915812,0.5592064476131432,0.4567088607594937,0.6494082840236687,0.5027870680044593,0.5494922211910028,0.10816504800577068,0.1063719136563317,0.5745312460989189,1317,711,1073,902,4003
60b72d4eb4a5114d,1,S_S,classical,random_forest,52,peak_filter,11842,3966,3990,30.374560792930424,12.348947225138545,0.0647130492143333,1.6218809326900575e-05,False,0.5659147869674186,0.5674517674000567,0.6233303650934996,0.34843205574912894,0.7864714790509844,0.44699872286079184,0.5448689983940923,0.14998637571891205,0.13448438505467997,0.6108179522286008,1558,423,1309,700,3990
0618bd73cf0a0758,2,S_S,classical,random_forest,52,peak_filter,11862,3970,3966,30.5750447884202,12.176421439275146,0.06473028613254428,1.6321302605280957e-05,False,0.5549672213817448,0.5555336848915419,0.5762256548018805,0.4307228915662651,0.6803444782168186,0.49296179258833667,0.5482108446203872,0.11468176713512702,0.11093964922708799,0.5906573355224343,1343,631,1134,858,3966
3f16ed073539bc87,3,S_S,classical,random_forest,52,peak_filter,11959,3869,3970,30.380978912115097,12.37145242607221,0.06402652012184262,1.612758693245406e-05,False,0.5962216624685138,0.5957694368326574,0.6215864759427828,0.48356095093576124,0.7079779227295534,0.543954480796586,0.5908472968954681,0.19658662203436955,0.1917097511106528,0.6389411498667186,1411,582,1021,956,3970
7292eb34b8e7b29a,4,S_S,classical,random_forest,52,peak_filter,11926,4003,3869,29.970435180701315,12.17284030886367,0.06547504290938377,1.692298860413124e-05,False,0.5647454122512277,0.5709092484185972,0.6536082474226804,0.31987891019172554,0.821939586645469,0.42953929539295393,0.5388398524603717,0.1635538147936073,0.14001885903871703,0.5940885831519178,1551,336,1348,634,3869
a734839494ff324c,0,R_R,classical,svm_rbf,52,peak_filter,11805,3990,4003,163.33367570396513,78.14326682779938,2.7817363110370934,0.0006949128930894562,,0.509617786660005,0.509323396499638,0.5031380753138075,0.4870886075949367,0.5315581854043393,0.49498327759197325,0.5092056470504174,0.018663827619049653,0.018654568647131553,0.5249809003070931,1078,950,1013,962,4003
00d46f251b34d7a2,1,R_R,classical,svm_rbf,52,peak_filter,11842,3966,3990,164.34681519074365,78.25905797723681,2.827501374296844,0.0007086469609766526,,0.575187969924812,0.5762522711402926,0.6127873563218391,0.42458934793429565,0.7279151943462897,0.5016171714201706,0.5657245062167462,0.15998372122990587,0.15217425642483684,0.6086274058508544,1442,539,1156,853,3990
f52416cc0e5a1a50,2,R_R,classical,svm_rbf,52,peak_filter,11862,3970,3966,163.20196640864015,78.30908973282203,2.848546226043254,0.0007182416101974922,,0.5640443772062531,0.5648650834340401,0.6037884767166535,0.38403614457831325,0.745694022289767,0.46946916231972996,0.5497356511363255,0.1391135611478076,0.12951525274752063,0.6279171905453629,1472,502,1227,765,3966
c77c532a32f16888,3,R_R,classical,svm_rbf,52,peak_filter,11959,3869,3970,164.60643040016294,77.8273571128957,2.539150265045464,0.0006395844496336181,,0.5025188916876574,0.5020610832907589,0.500651890482399,0.3884673748103187,0.6156547917711992,0.4374821988037596,0.49577880543032865,0.004232833643048239,0.0041258776253824125,0.5291831983515395,1227,766,1209,768,3970
6500e4e7c6d29651,4,R_R,classical,svm_rbf,52,peak_filter,11926,4003,3869,167.1847484591417,80.63948900299147,2.7972946376539767,0.0007230019740640932,,0.567846988886017,0.5701009669965567,0.5977301387137453,0.4783047426841574,0.661897191308956,0.531390134529148,0.5652154509576195,0.1424909337392669,0.13950033574152043,0.6109655687622091,1249,638,1034,948,3869
0b850127789d4756,0,R_S,classical,svm_rbf,52,peak_filter,11805,3990,4003,161.1878409520723,76.2553240749985,2.7713722749613225,0.0006923238258709274,,0.5066200349737696,0.5,0.0,0.0,1.0,0.0,0.33626264301110925,0.0,0.0,0.508217361995356,2028,0,1975,0,4003
c2f101c4c9d91c1a,1,R_S,classical,svm_rbf,52,peak_filter,11842,3966,3990,166.40527412388474,79.85420827800408,2.8315844079479575,0.0007096702776811924,,0.4964912280701754,0.49998944678276375,0.5,0.0014932802389248383,0.9984856133266027,0.002977667493796526,0.33308983961445904,-0.00027234022369693894,-2.0958758403022415e-05,0.5227905520563824,1978,3,2006,3,3990
7c8e123494027778,2,R_S,classical,svm_rbf,52,peak_filter,11862,3970,3966,163.28616459900513,78.08720023185015,2.8395846229977906,0.0007159820027730184,,0.4977307110438729,0.5,0.0,0.0,1.0,0.0,0.3323232323232323,0.0,0.0,0.4726544221465395,1974,0,1992,0,3966
2060f32edffa5785,3,R_S,classical,svm_rbf,52,peak_filter,11959,3869,3970,165.2548707621172,77.85266086412594,2.539900762028992,0.0006397734916949602,,0.507808564231738,0.5058412587708979,0.7446808510638298,0.017703591299949417,0.9939789262418465,0.03458498023715415,0.3521471216263526,0.054005170655933174,0.011728477005117033,0.4755506183630567,1981,12,1942,35,3970
462224063dd995f1,4,R_S,classical,svm_rbf,52,peak_filter,11926,4003,3869,167.1915166983381,80.25235796812922,2.7955286339856684,0.0007225455244212118,,0.4872059963814939,0.4994700582935877,0.0,0.0,0.9989401165871754,0.0,0.3275981925616962,-0.02330739770431649,-0.0010338844949666637,0.512855230727849,1885,2,1982,0,3869
e3d0a502f746aa6a,0,S_R,classical,svm_rbf,52,peak_filter,11805,3990,4003,158.12746745580807,76.21832227287814,2.7193363779224455,0.000679324601029839,,0.5056207844116912,0.499020422939605,0.16666666666666666,0.0005063291139240507,0.997534516765286,0.0010095911155981827,0.3362724304125709,-0.02531881806063636,-0.001985013615189768,0.514230644396175,2023,5,1974,1,4003
81009b4b04765b98,1,S_R,classical,svm_rbf,52,peak_filter,11842,3966,3990,155.23255775589496,74.68385374173522,2.701763703022152,0.0006771337601559279,,0.5005012531328321,0.5038237823785896,0.5754716981132075,0.030363364858138377,0.9772841998990409,0.05768321513002364,0.35893538420610305,0.02377731580559342,0.00759671042171528,0.45026306406632044,1936,45,1948,61,3990
8a112fcb8118a4b2,2,S_R,classical,svm_rbf,52,peak_filter,11862,3970,3966,154.4907156820409,74.33500497881323,2.6786585627123713,0.0006754055881776025,,0.4868885526979324,0.48904432318941415,0.2828282828282828,0.014056224899598393,0.96403242147923,0.026781444285031087,0.3391910987903498,-0.07022354761329473,-0.021816828279835665,0.4728624477647164,1903,71,1964,28,3966
661ab4954b6fa72e,3,S_R,classical,svm_rbf,52,peak_filter,11959,3869,3970,158.14755888702348,74.95972314616665,2.687076753936708,0.0006768455299588685,,0.490176322418136,0.48823715579134963,0.18666666666666668,0.0070814365199797676,0.9693928750627195,0.01364522417153996,0.33494761208576995,-0.08640024263111326,-0.023616891446886612,0.47683533743925693,1932,61,1963,14,3970
032b53db0f1204b5,4,S_R,classical,svm_rbf,52,peak_filter,11926,4003,3869,159.40533246472478,74.70369494799525,2.3432382638566196,0.0006056444207435047,,0.4626518480227449,0.4702971951591884,0.4332874828060523,0.15893037336024218,0.7816640169581346,0.23255813953488372,0.4095779363413134,-0.07601423633555585,-0.05847359747808123,0.4736664158668076,1475,412,1667,315,3869
6119579bb3316919,0,S_S,classical,svm_rbf,52,peak_filter,11805,3990,4003,156.65472094202414,74.98296674201265,2.741998972836882,0.0006849860037064406,,0.5483387459405445,0.547114947694305,0.5512584407612032,0.4546835443037975,0.6395463510848126,0.4983351831298557,0.5438063921101346,0.09589706927319469,0.09444610299312006,0.5559356352832497,1297,731,1077,898,4003
f4b8084fc5a0a24c,1,S_S,classical,svm_rbf,52,peak_filter,11842,3966,3990,155.69057191582397,74.83237954601645,2.7012995118275285,0.0006770174215106588,,0.5636591478696742,0.5647263990488034,0.5964028776978417,0.41264310602289694,0.7168096920747098,0.48779052662547806,0.5538712510883339,0.13584685049801054,0.1291715296120467,0.5996717446905382,1420,561,1180,829,3990
9e7992bd69b67853,2,S_S,classical,svm_rbf,52,peak_filter,11862,3970,3966,154.29797651199624,74.46598490094766,2.6703836070373654,0.0006733191142302989,,0.5443772062531518,0.5451791970312863,0.5720966484801248,0.3684738955823293,0.7218844984802432,0.4482442748091603,0.5301131187230255,0.09657463608477314,0.09021200231859683,0.5567639097423127,1425,549,1258,734,3966
bffcec62c667fe28,3,S_S,classical,svm_rbf,52,peak_filter,11959,3869,3970,160.01847942685708,76.82289403583854,2.68052637623623,0.0006751955607647935,,0.5987405541561713,0.5986233811257966,0.6027837259100642,0.569549822964087,0.6276969392875063,0.5856957087126138,0.5983423598508124,0.19758868701561363,0.1972904247441607,0.6239123223644922,1251,742,851,1126,3970
de55f6af8f3519c0,4,S_S,classical,svm_rbf,52,peak_filter,11926,4003,3869,158.03055323008448,74.69972245255485,2.344083100091666,0.000605862781104075,,0.5451020935642285,0.5491331094851009,0.5851226993865031,0.3849646821392533,0.7133015368309485,0.46439440048691416,0.5345332289945801,0.10391052536212828,0.09742728390221289,0.5623628020493932,1346,541,1219,763,3869
c2061df52161594a,0,R_R,classical,xgboost,52,peak_filter,11805,3990,4003,4.358147831633687,0.7734955758787692,0.0046839406713843346,1.1701075871557168e-06,False,0.5298526105420934,0.5295584600404464,0.5243328100470958,0.5073417721518987,0.5517751479289941,0.5156973751930005,0.529450629344073,0.05917225790189199,0.059141963091254635,0.5358718448056325,1119,909,973,1002,4003
99e70e2a3b70e437,1,R_R,classical,xgboost,52,peak_filter,11842,3966,3990,4.327735920902342,0.7874050340615213,0.004716055002063513,1.181968672196369e-06,False,0.5681704260651629,0.5692871477643888,0.604992657856094,0.4101543056246889,0.7284199899040888,0.48887570453871254,0.5575209505553185,0.14612134172145522,0.13825961978867785,0.5974800676109451,1443,538,1185,824,3990
9af60e2457a307ea,2,R_R,classical,xgboost,52,peak_filter,11862,3970,3966,4.551027792040259,0.7956481790170074,0.00468743359670043,1.1819045881745915e-06,False,0.5844679778113969,0.5850155942920618,0.6142098273572377,0.4643574297188755,0.7056737588652482,0.5288736420811893,0.5786001047573289,0.1751728486280636,0.16984226417740067,0.6329222665738944,1393,581,1067,925,3966
70f56c92abde51ca,3,R_R,classical,xgboost,52,peak_filter,11959,3869,3970,4.416458943393081,0.7861883291043341,0.004718475975096226,1.1885329912081173e-06,False,0.5445843828715365,0.5445201350909266,0.5439875065070275,0.5285786545270612,0.5604616156547918,0.5361723961005644,0.5444345404550324,0.08908586300639777,0.0890503952952918,0.5738110701567779,1117,876,932,1045,3970
13fe7416fc4143a6,4,R_R,classical,xgboost,52,peak_filter,11926,4003,3869,4.565908310003579,0.7905209646560252,0.004826976917684078,1.2476032353797049e-06,False,0.5443266994055311,0.5490240195677365,0.591326105087573,0.3577194752774975,0.7403285638579756,0.4457717698836844,0.529447219152946,0.10597696198671512,0.09708260809882585,0.6064575883534749,1397,490,1273,709,3869
40aff8b85809418e,0,R_S,classical,xgboost,52,peak_filter,11805,3990,4003,0.14469879306852818,0.7734955758787692,0.005147150717675686,1.2858233119349702e-06,True,0.5038720959280539,0.4973673632437021,0.34285714285714286,0.0060759493670886075,0.9886587771203156,0.011940298507462687,0.3403597423157727,-0.02827604131734432,-0.005333734625900144,0.5398144957930742,2005,23,1963,12,4003
8ad589252d6c2a92,1,R_S,classical,xgboost,52,peak_filter,11842,3966,3990,0.13851764798164368,0.7874050340615213,0.005104337353259325,1.2792825446765226e-06,True,0.49724310776942354,0.5007360869022262,0.6666666666666666,0.0029865604778496766,0.9984856133266027,0.005946481665014866,0.33474110396568424,0.015515791978757866,0.0014618887183061036,0.6043905403975899,1978,3,2003,6,3990
ca09e1ca177857a4,2,R_S,classical,xgboost,52,peak_filter,11862,3970,3966,0.13864694396033883,0.7956481790170074,0.0052683292888104916,1.328373496926498e-06,True,0.49747856782652544,0.49966202194797427,0.49333333333333335,0.01857429718875502,0.9807497467071935,0.03580067731011127,0.3479941152961469,-0.002481278362022103,-0.0006730032275290565,0.5474478969576381,1936,38,1955,37,3966
5262ded2dfa13ac6,3,R_S,classical,xgboost,52,peak_filter,11959,3869,3970,0.13772557396441698,0.7861883291043341,0.005211355164647102,1.3126839205660207e-06,True,0.5141057934508816,0.5123101568692243,0.6111111111111112,0.06676783004552352,0.9578524836929252,0.12038303693570451,0.39236482628062413,0.05427209134078611,0.024708659263340205,0.6050993855327231,1909,84,1845,132,3970
274df48d8512425d,4,R_S,classical,xgboost,52,peak_filter,11926,4003,3869,0.13673251401633024,0.7905209646560252,0.0051522511057555676,1.3316751371815888e-06,True,0.49444300852933576,0.5063558245727178,0.7241379310344828,0.02119071644803229,0.9915209326974033,0.041176470588235294,0.348949063654946,0.052288502164359034,0.012408441352353639,0.5742717846950054,1871,16,1940,42,3869
916809bb7b2b2acc,0,S_R,classical,xgboost,52,peak_filter,11805,3990,4003,0.15379967028275132,3.227155001834035,0.011568378191441298,2.8899271025334244e-06,True,0.5086185360979265,0.5021642573589993,0.58,0.014683544303797468,0.9896449704142012,0.028641975308641977,0.34988360260165424,0.019485341181279994,0.0043843549564871465,0.5485421816093676,2007,21,1946,29,4003
ce6894924d0aef27,1,S_R,classical,xgboost,52,peak_filter,11842,3966,3990,0.13915510196238756,0.7721610278822482,0.005119103007018566,1.2829832097790893e-06,True,0.4992481203007519,0.5026849143518478,0.6341463414634146,0.012941762070681932,0.9924280666330136,0.025365853658536587,0.3442174968124049,0.02662300924305091,0.005332909448839573,0.5151001462625656,1966,15,1983,26,3990
04b6e814d51ea772,2,S_R,classical,xgboost,52,peak_filter,11862,3970,3966,0.1395406760275364,0.7656627809628844,0.005162743851542473,1.3017508450687023e-06,True,0.4952092788703984,0.49743960645011653,0.35294117647058826,0.006024096385542169,0.9888551165146909,0.011846001974333662,0.3364343453826968,-0.027772101781668983,-0.005097940924039701,0.5601764962585906,1952,22,1980,12,3966
193b0f36b2389443,3,S_R,classical,xgboost,52,peak_filter,11959,3869,3970,0.14885436091572046,3.261475145816803,0.011451595928519964,2.8845329794760617e-06,True,0.4889168765743073,0.4871451953359266,0.39166666666666666,0.04754678806272129,0.9267436026091319,0.08479927830401443,0.36513247158255063,-0.05393770014590917,-0.025800601844246485,0.5263325534159645,1847,146,1883,94,3970
71af8902c52371fe,4,S_R,classical,xgboost,52,peak_filter,11926,4003,3869,0.14830895932391286,3.0183022138662636,0.01148534333333373,2.9685560437667954e-06,True,0.5001292323597829,0.511181850218474,0.6237113402061856,0.06104944500504541,0.9613142554319025,0.11121323529411764,0.38174829330329757,0.05122145426909781,0.0218671339128943,0.6183681752625778,1814,73,1861,121,3869
2fea6cb9201fb234,0,S_S,classical,xgboost,52,peak_filter,11805,3990,4003,7.096521581988782,3.227155001834035,0.011591511778533459,2.8957061650096074e-06,False,0.5263552335748188,0.5241748433325844,0.5294556301267711,0.3594936708860759,0.6888560157790927,0.428226779252111,0.5119811934640086,0.05121448085357122,0.048553353028294555,0.5577854342995532,1397,631,1265,710,4003
a09bf54f2e6ac7de,1,S_S,classical,xgboost,52,peak_filter,11842,3966,3990,4.515740335918963,0.7721610278822482,0.004826896823942661,1.2097485774292384e-06,False,0.5478696741854636,0.5490152968883839,0.5762081784386617,0.38576406172224986,0.712266532054518,0.46213476446034585,0.5360825140935539,0.10368593754375638,0.0978021495942093,0.568714635729324,1411,570,1234,775,3990
7f660d2d1a0267a5,2,S_S,classical,xgboost,52,peak_filter,11862,3970,3966,4.2862191391177475,0.7656627809628844,0.004704906139522791,1.1863101713370627e-06,False,0.5315179021684316,0.5323299276131883,0.5525902668759811,0.3534136546184739,0.7112462006079028,0.43110838946723823,0.5164543233234177,0.06923580200976712,0.06455377068909052,0.5811184199818524,1404,570,1288,704,3966
1f56de98df6442bb,3,S_S,classical,xgboost,52,peak_filter,11959,3869,3970,6.865482753608376,3.261475145816803,0.011115441098809242,2.7998592188436378e-06,False,0.5629722921914357,0.5624017648009815,0.5850914205344585,0.4208396560445119,0.703963873557451,0.48955575169167403,0.5537406593736943,0.1301470540003609,0.12494432405142541,0.611599373731175,1403,590,1145,832,3970
5b44bd27f19c6bab,4,S_S,classical,xgboost,52,peak_filter,11926,4003,3869,6.782875478733331,3.0183022138662636,0.011212367098778486,2.8980013178543518e-06,False,0.5792194365469113,0.5836901482713793,0.6429725363489499,0.40161453077699294,0.7657657657657657,0.49440993788819876,0.5670367529193097,0.17935825159646618,0.16581350615859514,0.6064664118026735,1445,442,1186,796,3869
78be7a753066a38d,0,R_R,data2vec_audio,mlp,768,peak,11805,3990,4003,30.011568567715585,14.3624133663252,0.036928556859493256,9.225220299648577e-06,False,0.5306020484636522,0.5322631263575762,0.5191846522781774,0.6577215189873418,0.4068047337278107,0.5802993075720349,0.5239269278013192,0.06663769573966136,0.06430204722728572,0.5532764087583951,825,1203,676,1299,4003
36a4a20b8b7d7dde,1,R_R,data2vec_audio,mlp,768,peak,11842,3966,3990,22.177339543122798,8.394819519948214,0.036408484913408756,9.124933562257834e-06,False,0.5588972431077694,0.5594278045614522,0.5734513274336284,0.4838227974116476,0.6350328117112569,0.5248380129589633,0.5566191935702207,0.12021971443693334,0.11872446962709182,0.5986789884691026,1258,723,1037,972,3990
a84d5dae6a0d88d5,2,R_R,data2vec_audio,mlp,768,peak,11862,3970,3966,19.68772605713457,7.844628251157701,0.03622247418388724,9.133251181010399e-06,False,0.5262228946041352,0.5264340034911683,0.5314063368538077,0.4799196787148594,0.5729483282674772,0.5043524136111844,0.5252986410002312,0.053096530349315524,0.05284466356291195,0.550884770083373,1131,843,1036,956,3966
eeb2f05ca71c56b6,3,R_R,data2vec_audio,mlp,768,peak,11959,3869,3970,24.136855324730277,9.506484870798886,0.036245946772396564,9.129961403626338e-06,False,0.5390428211586902,0.5384871328861942,0.5511482254697286,0.4006069802731411,0.6763672854992474,0.46397188049209137,0.5298206729018123,0.08008599212120639,0.07705875313560695,0.5704675519604402,1348,645,1185,792,3970
253cbd5720e95753,4,R_R,data2vec_audio,mlp,768,peak,11926,4003,3869,20.71904839668423,6.379869472235441,0.03514696890488267,9.084251461587663e-06,False,0.5681054536055828,0.5662510019962386,0.5696372592924317,0.6417759838546923,0.4907260201377848,0.6035587188612099,0.5646235263338124,0.13406771597582332,0.13292574538073776,0.5952201236673249,926,961,710,1272,3869
65e176ff928e3df6,0,R_S,data2vec_audio,mlp,768,peak,11805,3990,4003,0.17968412302434444,14.3624133663252,0.03662032913416624,9.148221117703282e-06,True,0.524356732450662,0.5210776970514068,0.535183349851338,0.27341772151898736,0.7687376725838264,0.36193029490616624,0.4913992374570656,0.0485399358441167,0.042426554155701623,0.5474765935135946,1559,469,1435,540,4003
bb9d899a86178928,1,R_S,data2vec_audio,mlp,768,peak,11842,3966,3990,0.1720297709107399,8.394819519948214,0.03656157199293375,9.163301251361842e-06,True,0.5553884711779449,0.5556163342696382,0.562935190144617,0.523145843703335,0.5880868248359414,0.542311661506708,0.555025226464855,0.11145958107747882,0.11117713345440039,0.5855696312580264,1165,816,958,1051,3990
af44debe6db63f7a,2,R_S,data2vec_audio,mlp,768,peak,11862,3970,3966,0.17150248074904084,7.844628251157701,0.03616337990388274,9.118350959123233e-06,True,0.5584972264246092,0.5579353889723027,0.5486868686868687,0.6817269076305221,0.4341438703140831,0.6080143272890083,0.5513376109749515,0.11960951809868431,0.11599901320336958,0.5593442666308598,857,1117,634,1358,3966
ff74ec1b90a11d04,3,R_S,data2vec_audio,mlp,768,peak,11959,3869,3970,0.17210233956575394,9.506484870798886,0.036268558353185654,9.135657015915782e-06,True,0.5337531486146095,0.5333953358758691,0.5386029411764706,0.44461305007587254,0.6221776216758655,0.48711554447215294,0.5298657842425415,0.06787197155401933,0.06683749000927264,0.55129498515416,1240,753,1098,879,3970
a2bba9bce6e7ea50,4,R_S,data2vec_audio,mlp,768,peak,11926,4003,3869,0.16796523984521627,6.379869472235441,0.03534297877922654,9.134913098792075e-06,True,0.501163091238046,0.5101588648659343,0.5501930501930502,0.1437941473259334,0.8765235824059353,0.228,0.42976937762504774,0.02982365455962416,0.019946849700255287,0.5676036634961072,1654,233,1697,285,3869
c5da660a0c6a2c85,0,S_R,data2vec_audio,mlp,768,peak,11805,3990,4003,0.1790660060942173,6.654025383293629,0.03677867818623781,9.187778712525059e-06,True,0.5495878091431426,0.5471170698824058,0.5686900958466453,0.36050632911392405,0.7337278106508875,0.441276727610784,0.5320005734726864,0.10161980005019963,0.09468707889247752,0.5877941727211445,1488,540,1263,712,4003
ed51640bea68b3ca,1,S_R,data2vec_audio,mlp,768,peak,11842,3966,3990,0.17248996486887336,10.406458024866879,0.03654465777799487,9.159062099748088e-06,True,0.5070175438596491,0.5073679045004195,0.5116926503340757,0.45744151319064214,0.5572942958101968,0.4830486202365309,0.5059554478428163,0.014809306177517223,0.01472477604385447,0.5385909796626941,1104,877,1090,919,3990
326f3f4cf3d84edf,2,S_R,data2vec_audio,mlp,768,peak,11862,3970,3966,0.17165138479322195,5.797172323334962,0.036190296057611704,9.125137684723072e-06,True,0.546142208774584,0.5457437653348958,0.5411663807890223,0.6335341365461847,0.4579533941236069,0.5837187789084182,0.5424137131792646,0.09293725646368883,0.09155878068222434,0.5643026767658272,904,1070,730,1262,3966
00134dd441f19e89,3,S_R,data2vec_audio,mlp,768,peak,11959,3869,3970,0.1703754081390798,5.502246601972729,0.036414944101125,9.172530000283376e-06,True,0.5120906801007556,0.5105772327577477,0.5404858299595142,0.13505311077389984,0.8861013547415956,0.2161068393363011,0.4309643723103155,0.03204466108232511,0.021218354925811256,0.532008209816807,1766,227,1710,267,3970
7663e43084714f0f,4,S_R,data2vec_audio,mlp,768,peak,11926,4003,3869,0.16932606417685747,8.65084176696837,0.03554961131885648,9.188320320200692e-06,True,0.4985784440423882,0.5050452749894787,0.5229257641921398,0.24167507568113017,0.7684154742978272,0.3305728088336784,0.46487318127634336,0.011865147806100618,0.009955762426104853,0.47537188164599575,1450,437,1503,479,3869
9fa4157118175cae,0,S_S,data2vec_audio,mlp,768,peak,11805,3990,4003,18.993197712115943,6.654025383293629,0.036474158987402916,9.111705967375197e-06,False,0.5640769422932801,0.5648837789928345,0.5512934879571811,0.6258227848101265,0.5039447731755424,0.5861987194688167,0.5628275201989108,0.1307031863586979,0.12953872338219596,0.5945891693506105,1022,1006,739,1236,4003
75140bb1e7772bcb,1,S_S,data2vec_audio,mlp,768,peak,11842,3966,3990,20.379108008928597,10.406458024866879,0.036481479182839394,9.143227865373282e-06,False,0.5959899749373434,0.5955373962047112,0.5880266075388026,0.6600298656047785,0.5310449268046441,0.6219512195121951,0.5940757173987241,0.19271370008319796,0.19124028483157451,0.6377432296714256,1052,929,683,1326,3990
3b9cd24721790eb4,2,S_S,data2vec_audio,mlp,768,peak,11862,3970,3966,18.870300710201263,5.797172323334962,0.036380005069077015,9.17297152523374e-06,False,0.5562279374684821,0.5566696878700211,0.5725907384230288,0.45933734939759036,0.6540020263424519,0.5097493036211699,0.552203071893496,0.11553666330208662,0.11323726025559522,0.6067658424986675,1291,683,1077,915,3966
f61de4cf731dd727,3,S_S,data2vec_audio,mlp,768,peak,11959,3869,3970,13.168177064973861,5.502246601972729,0.03638306399807334,9.164499747625525e-06,False,0.6040302267002519,0.6040420683317256,0.6015037593984962,0.6069802731411229,0.6011038635223281,0.6042296072507553,0.6040301262060228,0.2080850872693086,0.20807653214662314,0.6575188171244779,1198,795,777,1200,3970
ab91312900d86975,4,S_S,data2vec_audio,mlp,768,peak,11926,4003,3869,20.045674636028707,8.65084176696837,0.035341110080480576,9.134430106094746e-06,False,0.5732747479968984,0.5732014735694916,0.5847414234511009,0.5761856710393541,0.570217276099629,0.5804320203303684,0.5731505355398885,0.14636549992133147,0.14634904500614276,0.6135981651503704,1076,811,840,1142,3869
d959347bc432f7f3,0,R_R,data2vec_audio,random_forest,768,peak,11805,3990,4003,126.86326242703944,54.46641911705956,0.11904230387881398,2.9738272265504367e-05,False,0.5518361229078191,0.5533255935884952,0.5369538587178441,0.6658227848101266,0.4408284023668639,0.5944846292947559,0.5468235541783661,0.10941158754772484,0.10631776460161269,0.5747041420118343,894,1134,660,1315,4003
50ba151e4ecc53af,1,R_R,data2vec_audio,random_forest,768,peak,11842,3966,3990,127.48524650698528,51.84964897483587,0.10935691837221384,2.7407748965467127e-05,False,0.544360902255639,0.5452249330310424,0.5634551495016611,0.4221005475360876,0.668349318525997,0.48264086511098464,0.5377825910866164,0.09330581007375494,0.09028978764122864,0.5855295541592365,1324,657,1161,848,3990
b81d5c3d0ff5db25,2,R_R,data2vec_audio,random_forest,768,peak,11862,3970,3966,129.50325644994155,50.06044060830027,0.10984005173668265,2.7695424038497896e-05,False,0.5554715078164397,0.5559326973547687,0.5724225173940544,0.4543172690763052,0.6575481256332321,0.5065771060733277,0.5510632720089053,0.11423623308674492,0.11176026262815664,0.5834470099241953,1298,676,1087,905,3966
2ca591b5d1d4df2d,3,R_R,data2vec_audio,random_forest,768,peak,11959,3869,3970,129.91479774797335,50.694346733391285,0.10689126513898373,2.6924751924177262e-05,False,0.5491183879093199,0.5486806249795376,0.5602060528010303,0.4400606980273141,0.6573005519317612,0.49291784702549574,0.5435110777077592,0.09975141657181788,0.09744513838632651,0.5774994981169551,1310,683,1107,870,3970
542c6eb2c675667c,4,R_R,data2vec_audio,random_forest,768,peak,11926,4003,3869,127.7856164323166,52.345873868092895,0.10713607398793101,2.769089531866917e-05,False,0.5701731713621091,0.5701234266854258,0.581836839404823,0.5721493440968718,0.5680975092739798,0.5769524294072755,0.5700627657937349,0.14020850781238337,0.14018809859895554,0.608577355179124,1072,815,848,1134,3869
65f3b4fc76d46256,0,R_S,data2vec_audio,random_forest,768,peak,11805,3990,4003,0.37537052715197206,54.46641911705956,0.08774027694016695,2.1918630262344978e-05,True,0.5500874344241818,0.5479145132699174,0.5648286140089419,0.3837974683544304,0.7120315581854043,0.45703949351823936,0.5364745345603565,0.1014882833531148,0.09623205367497334,0.5768451801363195,1444,584,1217,758,4003
35c5045b69bba306,1,R_S,data2vec_audio,random_forest,768,peak,11842,3966,3990,0.36856558080762625,51.84964897483587,0.08780861832201481,2.200717251178316e-05,True,0.5506265664160401,0.5503951300420193,0.5507518796992481,0.5833748133399701,0.5174154467440687,0.5665941503504955,0.5500157845169079,0.10101250049154249,0.10083246965999126,0.5755975947710317,1025,956,837,1172,3990
6fa04dc563a60424,2,R_S,data2vec_audio,random_forest,768,peak,11862,3970,3966,0.3342183749191463,50.06044060830027,0.07713036192581058,1.9447897611147396e-05,True,0.47049924357034795,0.4713786757974146,0.45551894563426687,0.2776104417670683,0.6651469098277609,0.34497816593886466,0.45031388195377425,-0.062101830539070015,-0.05714089880965978,0.49464372179701577,1313,661,1439,553,3966
0a40a73dcd48aa21,3,R_S,data2vec_audio,random_forest,768,peak,11959,3869,3970,0.34774785209447145,50.694346733391285,0.08678936585783958,2.1861301223637176e-05,True,0.5355163727959698,0.5347880454631169,0.5524861878453039,0.35407182599898834,0.7155042649272454,0.4315659679408138,0.5194456756228771,0.07462866595576656,0.06967653421124675,0.5687965542524785,1426,567,1277,700,3970
656cf51bdc2caa7d,4,R_S,data2vec_audio,random_forest,768,peak,11926,4003,3869,0.3555739829316735,52.345873868092895,0.08808192098513246,2.276606900623739e-05,True,0.5337296459033342,0.5361789491753284,0.5573453608247423,0.4364278506559031,0.6359300476947536,0.48953027730616866,0.5302075744285363,0.07379294518178628,0.07196488513769195,0.581531611744706,1200,687,1117,865,3869
3459a3f0b4e6665b,0,S_R,data2vec_audio,random_forest,768,peak,11805,3990,4003,0.3556430577300489,53.01649835705757,0.07660206314176321,1.9136163662693784e-05,True,0.5420934299275544,0.5384701520485357,0.5785398230088495,0.2648101265822785,0.8121301775147929,0.36332059742966305,0.5029007902303377,0.09199758361427926,0.07748939285529743,0.5862728135220832,1647,381,1452,523,4003
47ffff0917ef2154,1,S_R,data2vec_audio,random_forest,768,peak,11842,3966,3990,0.34813266480341554,49.95478608692065,0.08748055715113878,2.1924951666952076e-05,True,0.5218045112781955,0.5234096741342404,0.5466297322253001,0.2946739671478347,0.7521453811206461,0.3829236739974127,0.49628998757153775,0.052640599414416865,0.046667332866993094,0.55196039829852,1490,491,1417,592,3990
ca599353127e731c,2,S_R,data2vec_audio,random_forest,768,peak,11862,3970,3966,0.35537943290546536,54.0157622853294,0.08676072396337986,2.1876128079520892e-05,True,0.5037821482602118,0.5049643864210642,0.5126315789473684,0.24447791164658633,0.7654508611955421,0.3310673011556764,0.46833926180028307,0.011631516595568664,0.009905149855921058,0.5367732327486237,1511,463,1505,487,3966
20d8de42a7f9810e,3,S_R,data2vec_audio,random_forest,768,peak,11959,3869,3970,0.35318384505808353,52.517312061972916,0.07735830079764128,1.948571808504818e-05,True,0.5035264483627204,0.5018646446173138,0.5086206896551724,0.08952959028831563,0.9141996989463121,0.15225806451612903,0.4006170108867377,0.006593548522378812,0.0037416647123127422,0.5604980354863671,1822,171,1800,177,3970
f993468fa1e16b4e,4,S_R,data2vec_audio,random_forest,768,peak,11926,4003,3869,0.3419160647317767,51.54143283609301,0.08846777211874723,2.286579791128127e-05,True,0.5275264926337555,0.5356237403189383,0.6163141993957704,0.2058526740665994,0.8653948065712772,0.3086232980332829,0.47488487241672,0.09456464846745932,0.07007274240059913,0.5495940678614152,1633,254,1574,408,3869
9da60b0fb77a2efb,0,S_S,data2vec_audio,random_forest,768,peak,11805,3990,4003,129.76444438612089,53.01649835705757,0.10805223928764462,2.6992815210503277e-05,False,0.5735698226330253,0.5739548847776695,0.5633869441816461,0.6030379746835443,0.5448717948717948,0.5825385179750551,0.5733729097406549,0.1481309865697422,0.14777386836338946,0.6129628242578584,1105,923,784,1191,4003
a0a08eb6e056d290,1,S_S,data2vec_audio,random_forest,768,peak,11842,3966,3990,125.81364976009354,49.95478608692065,0.10068638576194644,2.5234683148357503e-05,False,0.5857142857142857,0.5860333446487274,0.5980176211453745,0.5405674464907915,0.6314992428066633,0.567843137254902,0.5850046011184258,0.17275925270799086,0.17194994841220312,0.6229111853800753,1251,730,923,1086,3990
ca7b16d34fd7c623,2,S_S,data2vec_audio,random_forest,768,peak,11862,3970,3966,128.78605264704674,54.0157622853294,0.10845302231609821,2.734569397783616e-05,False,0.5501765002521433,0.5500619499273691,0.5499040307101728,0.5753012048192772,0.524822695035461,0.5623159960745829,0.549830197207416,0.10025298939763616,0.10014498725638332,0.5871394646468345,1036,938,846,1146,3966
ae21e016bda2d846,3,S_S,data2vec_audio,random_forest,768,peak,11959,3869,3970,129.3701920043677,52.517312061972916,0.10817001946270466,2.7246856287834926e-05,False,0.5858942065491184,0.5854895269508023,0.6050473186119874,0.48507840161861404,0.6859006522829905,0.5384615384615384,0.5814738025793302,0.17455852706657388,0.1711152456486814,0.6203865781119097,1367,626,1018,959,3970
02865321526b463c,4,S_S,data2vec_audio,random_forest,768,peak,11926,4003,3869,129.11333585623652,51.54143283609301,0.09840865479782224,2.5435165365164703e-05,False,0.5856810545360558,0.5844341254651696,0.5885928003740065,0.6352169525731585,0.5336512983571807,0.611016743508857,0.5839158917986641,0.16976858796394168,0.16920564119717307,0.631929281926314,1007,880,723,1259,3869
aaacec583eacaec7,0,R_R,data2vec_audio,svm_rbf,768,peak,11805,3990,4003,1841.0982070388272,841.1985821928829,47.113650066778064,0.011769585327698742,False,0.5380964276792406,0.539434624123037,0.5262063227953411,0.640506329113924,0.4383629191321499,0.5777574788764558,0.5339848877701827,0.08050702217324224,0.07864602219476158,0.5555219334381944,889,1139,710,1265,4003
436258fcac0e729d,1,R_R,data2vec_audio,svm_rbf,768,peak,11842,3966,3990,2017.5565816126764,902.0059016989544,51.29793628770858,0.012856625636017189,False,0.5656641604010025,0.5663973251112044,0.5873417721518988,0.4619213539074166,0.6708732963149924,0.5171356923934244,0.5612323873035217,0.1357612164610721,0.13259455045178736,0.6055531531631132,1329,652,1081,928,3990
76ca9580d75488a5,2,R_R,data2vec_audio,svm_rbf,768,peak,11862,3970,3966,2036.2474754746072,910.9120659381151,52.030712842941284,0.013119191337100676,False,0.5552193645990923,0.5558808181052477,0.581081081081081,0.410140562248996,0.7016210739614995,0.48087110064743965,0.5459053341790352,0.11681492904390935,0.11161193879743458,0.5858977958439635,1385,589,1175,817,3966
cc741cca87d6c401,3,R_R,data2vec_audio,svm_rbf,768,peak,11959,3869,3970,2011.4399207220413,856.9960164888762,47.90997318131849,0.012068003320231358,False,0.563727959697733,0.5633026163144095,0.5782747603833865,0.45776428932726354,0.6688409433015554,0.5110107284020328,0.5585976788895112,0.12953702787053892,0.12671122835047688,0.5970078380045891,1333,660,1072,905,3970
e43fe8ff9bf73d04,4,R_R,data2vec_audio,svm_rbf,768,peak,11926,4003,3869,2047.78357186215,918.9333285521716,50.268444187007844,0.01299261932980301,False,0.5595761178599121,0.5600724485392379,0.5746509129967776,0.5398587285570131,0.5802861685214626,0.5567117585848075,0.5595577282908629,0.12019311210451047,0.1199620688495231,0.5988755717194014,1095,792,912,1070,3869
94a35fad1c6a3d94,0,R_S,data2vec_audio,svm_rbf,768,peak,11805,3990,4003,47.651575583033264,841.1985821928829,47.46029902808368,0.011856182620055878,True,0.5273544841368973,0.5234805133198512,0.5500603136308806,0.23088607594936708,0.8160749506903353,0.3252496433666191,0.4807716882730827,0.057939451765963074,0.04731981511125605,0.5313367288342945,1655,373,1519,456,4003
0b2a554a30f43211,1,R_S,data2vec_audio,svm_rbf,768,peak,11842,3966,3990,52.5578877129592,902.0059016989544,52.38985684281215,0.013130289935541892,True,0.5543859649122806,0.5550675669733549,0.5717837165941578,0.4579392732702837,0.6521958606764261,0.5085682697622996,0.5504785411168216,0.1122536240087653,0.109980381033008,0.5990494817742169,1292,689,1089,920,3990
1283bdfd7f4a4cfe,2,R_S,data2vec_audio,svm_rbf,768,peak,11862,3970,3966,53.3485837969929,910.9120659381151,53.185376786161214,0.013410332018699248,True,0.48663640948058495,0.48783431598735366,0.47649572649572647,0.22389558232931728,0.75177304964539,0.3046448087431694,0.44888515417174457,-0.028650059636538203,-0.02427270181078689,0.5100531304549505,1484,490,1546,446,3966
c290824f9731e3c8,3,R_S,data2vec_audio,svm_rbf,768,peak,11959,3869,3970,49.20048703812063,856.9960164888762,49.03659915085882,0.01235178819920877,True,0.545088161209068,0.5440737066328001,0.5868020304568528,0.29236216489630756,0.7957852483692925,0.39027683997299123,0.5137402681182754,0.10204136822703148,0.08832531200528948,0.5678021786419387,1586,407,1399,578,3970
3fb2102e7d8998df,4,R_S,data2vec_audio,svm_rbf,768,peak,11926,4003,3869,52.74110971624032,918.9333285521716,52.57552632270381,0.013588918667020887,True,0.5262341690359266,0.5325335277700685,0.5788359788359788,0.2759838546922301,0.7890832008479067,0.373761530577383,0.49637982993221674,0.0756997318208211,0.0642212403031015,0.5959943144901891,1489,398,1435,547,3869
ea05722e759cef4c,0,S_R,data2vec_audio,svm_rbf,768,peak,11805,3990,4003,49.53259024070576,808.1181095787324,49.363669644109905,0.012331668659532826,True,0.5443417436922309,0.5400208473772252,0.6089466089466089,0.21367088607594936,0.866370808678501,0.31634182908545727,0.48732040873531013,0.10576773075414084,0.08072641713966122,0.6107182982548124,1757,271,1553,422,4003
e406df7d487494a5,1,S_R,data2vec_audio,svm_rbf,768,peak,11842,3966,3990,45.62954172492027,817.239388145972,45.465888740029186,0.011394959583967215,True,0.5493734335839598,0.5502517821745607,0.5704742818971276,0.4250871080139373,0.6754164563351842,0.48716486023958927,0.5426436728556014,0.10378668270028119,0.1003228745845558,0.5745672741215766,1338,643,1155,854,3990
e52b7cb2010fd571,2,S_R,data2vec_audio,svm_rbf,768,peak,11862,3970,3966,45.469832002650946,920.4344808361493,45.306038041133434,0.011423610196957498,True,0.5123550176500252,0.5131941138413838,0.5232,0.32831325301204817,0.6980749746707193,0.4034546576187539,0.4955439599394409,0.02839936140497728,0.026343488996635078,0.536635015238258,1378,596,1338,654,3966
cf6a0678b445daea,3,S_R,data2vec_audio,svm_rbf,768,peak,11959,3869,3970,49.905517391860485,961.0547539242543,49.74373411294073,0.012529907837012778,True,0.5103274559193954,0.5085469857703784,0.5714285714285714,0.06676783004552352,0.9503261414952333,0.11956521739130435,0.39020828908644073,0.036510370328275775,0.017154785819240126,0.5139734137767468,1894,99,1845,132,3970
854b735524301cc9,4,S_R,data2vec_audio,svm_rbf,768,peak,11926,4003,3869,45.53260702081025,923.6457589999773,45.37405514670536,0.011727592439055405,True,0.5019384853967434,0.5101790518481918,0.543171114599686,0.17457114026236126,0.8457869634340223,0.2642229858724704,0.44389113739804414,0.027439090058729087,0.02001618592812704,0.4920308211101824,1596,291,1636,346,3869
bf9285e4ca779bf5,0,S_S,data2vec_audio,svm_rbf,768,peak,11805,3990,4003,1862.774370664265,808.1181095787324,44.50986589305103,0.011119127127916819,False,0.571821134149388,0.5720702569095948,0.5629522431259045,0.590886075949367,0.5532544378698225,0.5765810276679841,0.5717670171184792,0.14421993172341752,0.1440471149832444,0.6174714752952339,1122,906,808,1167,4003
5f5160916176bd5e,1,S_S,data2vec_audio,svm_rbf,768,peak,11842,3966,3990,1687.9280569129623,817.239388145972,44.860389726702124,0.011243205445288753,False,0.5884711779448621,0.5888589685637247,0.6032639279684862,0.5335988053758088,0.6441191317516406,0.566296883254094,0.5873925999484586,0.1787841642930929,0.1775730170418498,0.6273179073774274,1276,705,937,1072,3990
d9969617ff67fba4,2,S_S,data2vec_audio,svm_rbf,768,peak,11862,3970,3966,2013.9619673709385,920.4344808361493,43.16219003405422,0.010883053462948619,False,0.5731215330307615,0.5732214572576018,0.5788086452293094,0.5512048192771084,0.5952380952380952,0.564669580869118,0.5729605633754444,0.14657931712024114,0.14641107960894606,0.6093941368310121,1175,799,894,1098,3966
4859d775bcf1acd1,3,S_S,data2vec_audio,svm_rbf,768,peak,11959,3869,3970,2050.9709461787716,961.0547539242543,48.65842483798042,0.012256530185889274,False,0.6022670025188916,0.6019712138666415,0.6176122931442081,0.5285786545270612,0.6753637732062218,0.5696375034069229,0.5999674288282566,0.20619946285835875,0.204060508684747,0.6465527677676116,1346,647,932,1045,3970
d515a5366d32777c,4,S_S,data2vec_audio,svm_rbf,768,peak,11926,4003,3869,2003.7197168366984,923.6457589999773,43.313782196026295,0.01119508456862918,False,0.5753424657534246,0.5774041091605049,0.6048237476808905,0.4934409687184662,0.6613672496025437,0.5434843011947763,0.5732642573864677,0.1568890323904111,0.15409389249905148,0.6080460765864695,1248,639,1004,978,3869
c1e491dd26715c29,0,R_R,data2vec_audio,xgboost,768,peak,11805,3990,4003,124.33704275777563,58.92443520203233,0.01989330817013979,4.969599842652958e-06,False,0.5440919310517112,0.5454576436222005,0.5310945273631841,0.6486075949367088,0.4423076923076923,0.5839981764303624,0.5398576126694503,0.0928818162016821,0.0906531822393023,0.5744818115996305,897,1131,694,1281,4003
a7251d0208b2a746,1,R_R,data2vec_audio,xgboost,768,peak,11842,3966,3990,121.59746115189046,57.87465490680188,0.019887244328856468,4.984271761618162e-06,False,0.5591478696741855,0.559947550510336,0.5810635538261998,0.445993031358885,0.673902069661787,0.5046465784286117,0.553745732203694,0.12310785107724675,0.11969846228407977,0.5962442104924608,1335,646,1113,896,3990
f5c7c23032ecfb44,2,R_R,data2vec_audio,xgboost,768,peak,11862,3970,3966,118.83014898886904,56.51297462498769,0.019605292938649654,4.943341638590432e-06,False,0.5516893595562279,0.5520875294491034,0.565403422982885,0.4643574297188755,0.6398176291793313,0.5099228224917309,0.5484093666362,0.10580650906588927,0.10409024518906784,0.5749011751158637,1263,711,1067,925,3966
8ac177903996101c,3,R_R,data2vec_audio,xgboost,768,peak,11959,3869,3970,80.81585120456293,15.660185973159969,0.008938582614064217,2.2515321446005583e-06,False,0.5539042821158691,0.55351837145741,0.564214463840399,0.45776428932726354,0.6492724535875565,0.5054454063110863,0.5495797804668531,0.10906372260361945,0.10711786643069388,0.5807036819053841,1294,699,1072,905,3970
3d928b2e81559b42,4,R_R,data2vec_audio,xgboost,768,peak,11926,4003,3869,123.0764744230546,56.949418533127755,0.019652232993394136,5.07940888947897e-06,False,0.5639700180925303,0.5635736199189634,0.5736395406889665,0.5797174571140262,0.5474297827239004,0.5766624843161857,0.5635777116491667,0.12718866754437308,0.1271811601732158,0.5995579184574258,1033,854,833,1149,3869
26a416eb22850d64,0,R_S,data2vec_audio,xgboost,768,peak,11805,3990,4003,0.16910559497773647,58.92443520203233,0.020225053187459707,5.05247394140887e-06,True,0.5478391206595054,0.5455566374553716,0.5630252100840336,0.37316455696202533,0.717948717948718,0.44884287454323996,0.5327653593385407,0.0971025339494381,0.0915165344208908,0.5744907996904103,1456,572,1238,737,4003
6c614526e6a4cb35,1,R_S,data2vec_audio,xgboost,768,peak,11842,3966,3990,0.16213642898947,57.87465490680188,0.020074490923434496,5.0312007326903495e-06,True,0.5473684210526316,0.5473320587392072,0.5503222607833416,0.5525136884021902,0.5421504290762241,0.5514157973174366,0.5473315708893708,0.09466754284488116,0.09466678158271047,0.580669295087804,1074,907,899,1110,3990
4eddb1e1a004cbf9,2,R_S,data2vec_audio,xgboost,768,peak,11862,3970,3966,0.1613340899348259,56.51297462498769,0.01982489973306656,4.998714002286072e-06,True,0.4921835602622289,0.49291695658011986,0.4918032786885246,0.3313253012048193,0.6545086119554204,0.39592081583683264,0.47895214345560644,-0.01496959213752,-0.014145043064373475,0.5160530673860589,1292,682,1332,660,3966
441b26ba869d4c31,3,R_S,data2vec_audio,xgboost,768,peak,11959,3869,3970,0.1471254900097847,15.660185973159969,0.009770331904292107,2.461040781937558e-06,True,0.5405541561712847,0.5398259106671022,0.5603788476716653,0.35912999494183107,0.7205218263923733,0.43773119605425403,0.5246577615705683,0.0854360900128902,0.07976681041286016,0.5857343139024015,1436,557,1267,710,3970
38cc99ae6fb6e9d9,4,R_S,data2vec_audio,xgboost,768,peak,11926,4003,3869,0.15873650973662734,56.949418533127755,0.019869789946824312,5.135639686436886e-06,True,0.5277849573533213,0.530986349321958,0.5540823447313329,0.40060544904137235,0.6613672496025437,0.4650073206442167,0.5211920711479238,0.06414701416608366,0.06154358414507899,0.586812312401438,1248,639,1188,794,3869
569473be1f4f0b20,0,S_R,data2vec_audio,xgboost,768,peak,11805,3990,4003,0.15261289896443486,15.281930377241224,0.009536979719996452,2.382458086434287e-06,True,0.5158631026729953,0.5121591391406387,0.5209988649262202,0.23240506329113925,0.7919132149901381,0.32142857142857145,0.4725589459084605,0.029345799478547038,0.024495581203573424,0.5492592315182383,1606,422,1516,459,4003
8b44a0429cd46cb0,1,S_R,data2vec_audio,xgboost,768,peak,11842,3966,3990,0.1609973688609898,55.685156817082316,0.02006047824397683,5.027688782951587e-06,True,0.5050125313283208,0.5067909952915063,0.5172764227642277,0.2533598805375809,0.7602221100454316,0.3401269629134647,0.47204864287642356,0.015754462609472025,0.013533194180831654,0.5349841664051395,1506,475,1500,509,3990
f2013a3ecab595a0,2,S_R,data2vec_audio,xgboost,768,peak,11862,3970,3966,0.16122872568666935,55.53202029224485,0.02032233402132988,5.124138684147726e-06,True,0.5042864346949067,0.5054526617106725,0.5134854771784232,0.24849397590361447,0.7624113475177305,0.3349120433017591,0.4699077901396256,0.012711972080980245,0.010879724772038801,0.5208811436221075,1505,469,1497,495,3966
43d56259c513bd32,3,S_R,data2vec_audio,xgboost,768,peak,11959,3869,3970,0.1602505031041801,55.33219597116113,0.020190712995827198,5.085821913306599e-06,True,0.5178841309823677,0.5161971807751004,0.5975232198142415,0.09762266059686393,0.9347717009533367,0.16782608695652174,0.4142321924144311,0.05924575880492069,0.032503516106351826,0.5450152925223107,1863,130,1784,193,3970
667a85a6134840f9,4,S_R,data2vec_audio,xgboost,768,peak,11926,4003,3869,0.15818712301552296,54.23810254968703,0.02005710918456316,5.184055100688333e-06,True,0.5055569914706642,0.5132536228280278,0.5477178423236515,0.19979818365287588,0.8267090620031796,0.29279112754158965,0.4563498653801729,0.033990211762962665,0.026090069928008774,0.5154573461096877,1560,327,1586,396,3869
5271afd2d4879184,0,S_S,data2vec_audio,xgboost,768,peak,11805,3990,4003,78.36232223873958,15.281930377241224,0.009390961844474077,2.345980975386979e-06,False,0.578815888083937,0.5790927021696253,0.5694377703027391,0.6,0.5581854043392505,0.584319526627219,0.5787420417946221,0.15829645988766777,0.15807454338192894,0.6242259006815969,1132,896,790,1185,4003
4834afab8fb95b18,1,S_S,data2vec_audio,xgboost,768,peak,11842,3966,3990,119.01428114902228,55.685156817082316,0.019722228404134512,4.942914387001131e-06,False,0.5834586466165413,0.5838426726374424,0.5975267003934794,0.5291189646590343,0.6385663806158506,0.561246040126716,0.5823882872389305,0.16867276733773054,0.1675497840975595,0.6230523974773791,1265,716,946,1063,3990
4587713516a7e6e1,2,S_S,data2vec_audio,xgboost,768,peak,11862,3970,3966,117.67392525402829,55.53202029224485,0.019507662858814,4.918724876150782e-06,False,0.5542107917297024,0.5542862941126208,0.5583941605839416,0.5376506024096386,0.5709219858156028,0.5478260869565217,0.5541218947960131,0.10862984368283697,0.1085542023466809,0.5956828835097228,1127,847,921,1071,3966
1e708cec1682021c,3,S_S,data2vec_audio,xgboost,768,peak,11959,3869,3970,116.60952212428674,55.33219597116113,0.01969425193965435,4.960768750542657e-06,False,0.5944584382871536,0.5941107482663779,0.6118220597196831,0.5078401618614061,0.6803813346713498,0.5550027639579879,0.5912450191839916,0.19111165407928962,0.18834998995548669,0.6332713307907977,1356,637,973,1004,3970
53d6e9a719f2388d,4,S_S,data2vec_audio,xgboost,768,peak,11926,4003,3869,116.1525495480746,54.23810254968703,0.019308878108859062,4.990663765536072e-06,False,0.5967950374773844,0.5963358889250739,0.6046626984126984,0.6150353178607467,0.5776364599894012,0.6098049024512256,0.5963463014929925,0.1927848520100742,0.19275501221238167,0.6317541498285845,1090,797,763,1219,3869
cdc6c4e4200d2e82,0,R_R,data2vec_fusion,mlp,1536,peak,11805,3990,4003,8.646089039742947,3.8504249211400747,0.04324341705068946,1.0802752198523472e-05,False,0.5518361229078191,0.5520354280578235,0.5439533754249636,0.5670886075949367,0.5369822485207101,0.555280118988597,0.5518092437843287,0.10410470285894559,0.10401304944746459,0.592314433375777,1089,939,855,1120,4003
eccb783eb7c7f65d,1,R_R,data2vec_fusion,mlp,1536,peak,11842,3966,3990,11.679165611043572,4.577174776233733,0.043358094058930874,1.0866690240333552e-05,False,0.5842105263157895,0.5845928304959837,0.598314606741573,0.5301144848183176,0.6390711761736497,0.56215360253365,0.5831526781458515,0.17017259462645495,0.1690494811117652,0.6296554449952498,1266,715,944,1065,3990
843edcf0715cb7d5,2,R_R,data2vec_fusion,mlp,1536,peak,11862,3970,3966,7.8278490281663835,3.089807723183185,0.04233461990952492,1.0674387269169168e-05,False,0.575642965204236,0.5760359065441096,0.5941499085923218,0.4894578313253012,0.662613981762918,0.5367464905037159,0.5726300491597436,0.15438361142178395,0.1519497419173358,0.6019536606405358,1308,666,1017,975,3966
14f658f32fe5f19f,3,R_R,data2vec_fusion,mlp,1536,peak,11959,3869,3970,7.409054576884955,2.590969491750002,0.04156224895268679,1.046908034072715e-05,False,0.5707808564231738,0.5701485294636437,0.6002939015429831,0.4132524026302479,0.7270446562970396,0.4895146794487717,0.5596204427230821,0.14778809421852418,0.1404727496440491,0.6208802127628795,1449,544,1160,817,3970
78ec4d3e6b945915,4,R_R,data2vec_fusion,mlp,1536,peak,11926,4003,3869,9.140926992055029,4.025642762891948,0.04018567083403468,1.0386578142681488e-05,False,0.5484621349185836,0.5508123722939418,0.5748884639898024,0.45509586276488395,0.6465288818229995,0.5080259081948747,0.5453910290914665,0.10345746969039514,0.10109447644282987,0.5911839304134668,1220,667,1080,902,3869
b5bf27de0eaeb865,0,R_S,data2vec_fusion,mlp,1536,peak,11805,3990,4003,0.19603918306529522,3.8504249211400747,0.04183562472462654,1.0451067880246451e-05,True,0.5418436172870347,0.5366687888547674,0.6620689655172414,0.1458227848101266,0.9275147928994083,0.23900414937759337,0.4556350267974457,0.11781132363076727,0.07409250622400365,0.6360941752178363,1881,147,1687,288,4003
03bc55810c393361,1,R_S,data2vec_fusion,mlp,1536,peak,11842,3966,3990,0.19120178697630763,4.577174776233733,0.04224075376987457,1.0586655080169066e-05,True,0.5358395989974938,0.5367419052426625,0.5529332434254889,0.40816326530612246,0.6653205451792025,0.46964490263459335,0.5284944655775463,0.07602844921816587,0.07334809225437544,0.5690611330285799,1318,663,1189,820,3990
bdbdbd3449d93837,2,R_S,data2vec_fusion,mlp,1536,peak,11862,3970,3966,0.1890057479031384,3.089807723183185,0.04118451522663236,1.0384396174138264e-05,True,0.5577407967725668,0.5582809963257285,0.5787037037037037,0.4392570281124498,0.6773049645390071,0.4994292237442922,0.5516567979606737,0.1199946904201562,0.11643407591664545,0.5861911424827985,1337,637,1117,875,3966
6a6ddc214251f574,3,R_S,data2vec_fusion,mlp,1536,peak,11959,3869,3970,0.18934097001329064,2.590969491750002,0.04176367400214076,1.051981712900271e-05,True,0.5685138539042821,0.56861750065543,0.5632790028763183,0.5943348507840162,0.5429001505268439,0.5783903519566822,0.5682769402290504,0.13741187749389494,0.13720463644937764,0.5727594633823339,1082,911,802,1175,3970
d47883d4add4c48a,4,R_S,data2vec_fusion,mlp,1536,peak,11926,4003,3869,0.185117204207927,4.025642762891948,0.040091466158628464,1.0362229557670836e-05,True,0.5205479452054794,0.5302348855652114,0.6545012165450121,0.1357214934409687,0.9247482776894541,0.2248223986627664,0.43888453890107454,0.09809405655818529,0.05928685846287862,0.550850072485972,1745,142,1713,269,3869
3a95f2f17bcff2f5,0,S_R,data2vec_fusion,mlp,1536,peak,11805,3990,4003,0.19509293790906668,1.8107141396030784,0.04222422372549772,1.0548144822757363e-05,True,0.5183612290781914,0.5122427783187277,0.6556291390728477,0.05012658227848101,0.9743589743589743,0.09313264346190028,0.38262074349965763,0.0642533675009087,0.0247846581368949,0.5480026464933963,1976,52,1876,99,4003
36f42654e0ec8a30,1,S_R,data2vec_fusion,mlp,1536,peak,11842,3966,3990,0.18836656026542187,2.762681563384831,0.041423731949180365,1.0381887706561495e-05,True,0.5521303258145364,0.5513501962018972,0.5454918032786885,0.6625186660029866,0.44018172640080766,0.5983367048775006,0.5461238891139131,0.1053521848982006,0.1028563375815813,0.5818644469398058,872,1109,678,1331,3990
44aa5f01fba75a4d,2,S_R,data2vec_fusion,mlp,1536,peak,11862,3970,3966,0.1892106980085373,2.2353887748904526,0.04157469607889652,1.0482777629575523e-05,True,0.5057992939989914,0.506546703531451,0.51203007518797,0.34186746987951805,0.671225937183384,0.4099939795304034,0.4924156448628156,0.013866676621967921,0.013073598218053872,0.5492033992098078,1325,649,1311,681,3966
4cf993864bd5cae8,3,S_R,data2vec_fusion,mlp,1536,peak,11959,3869,3970,0.18873870838433504,2.4354231930337846,0.04115638416260481,1.0366847396122118e-05,True,0.5720403022670025,0.5709562375750635,0.6517467248908297,0.30197268588770865,0.8399397892624184,0.41272035948842034,0.5380423671822923,0.16842063700726748,0.1422188467860882,0.6467639266517282,1674,319,1380,597,3970
cf63771391d42839,4,S_R,data2vec_fusion,mlp,1536,peak,11926,4003,3869,0.18686557095497847,2.5198135608807206,0.04062753217294812,1.0500783709730712e-05,True,0.5275264926337555,0.5283972017366687,0.5427777777777778,0.4929364278506559,0.5638579756226815,0.5166578529878372,0.5272874704777406,0.05691501041606291,0.05666342730332463,0.5159995871695284,1064,823,1005,977,3869
851ccd8f4b6ce976,0,S_S,data2vec_fusion,mlp,1536,peak,11805,3990,4003,6.93793626781553,1.8107141396030784,0.04126356076449156,1.0308159071819026e-05,False,0.5835623282538096,0.5827780690584974,0.5875,0.5235443037974683,0.6420118343195266,0.5536813922356091,0.5816873362489214,0.166759982850224,0.16579197557757308,0.60671984620378,1302,726,941,1034,4003
7047c4e672e86457,1,S_S,data2vec_fusion,mlp,1536,peak,11842,3966,3990,8.754513680003583,2.762681563384831,0.043929757084697485,1.1009964181628443e-05,False,0.6165413533834586,0.6160335029469859,0.6047223436816791,0.6884021901443504,0.5436648157496214,0.6438547486033519,0.6142726511746401,0.23458767928858315,0.23229417367528704,0.6452149074746678,1077,904,626,1383,3990
e87042a980ec51ac,2,S_S,data2vec_fusion,mlp,1536,peak,11862,3970,3966,6.541461816988885,2.2353887748904526,0.041907376144081354,1.0566660651558586e-05,False,0.5600100857286939,0.5604164377876246,0.5758133824432167,0.4708835341365462,0.6499493414387031,0.5180889257111295,0.5566552260195639,0.12280426603093317,0.12073256722504899,0.6099215758678076,1283,691,1054,938,3966
c76a463207c0cae0,3,S_S,data2vec_fusion,mlp,1536,peak,11959,3869,3970,7.743952549993992,2.4354231930337846,0.04238499095663428,1.0676320140210148e-05,False,0.6183879093198993,0.6178731021397349,0.6565040650406504,0.49013657056145676,0.745609633718013,0.5612510860121633,0.6118045044502537,0.24389915160417294,0.23598625358313063,0.6862866771180163,1486,507,1008,969,3970
5e97340b115d2bfa,4,S_S,data2vec_fusion,mlp,1536,peak,11926,4003,3869,6.629897463135421,2.5198135608807206,0.041221482679247856,1.0654298960777424e-05,False,0.5887826311708452,0.5893410327285795,0.6053908355795148,0.5665993945509586,0.6120826709062003,0.5853531404743288,0.5887544989733859,0.17877922450025935,0.1783943237526615,0.632488100375558,1155,732,859,1123,3869
9a8f519f2acf3e20,0,R_R,data2vec_fusion,random_forest,1536,peak,11805,3990,4003,149.47815235890448,49.97289881063625,3.6807612967677414,0.0009195006986679344,False,0.5418436172870347,0.5421139490175517,0.5338779432964921,0.5625316455696202,0.5216962524654832,0.5478303747534516,0.5417632886425485,0.08428703102178703,0.08416886866100692,0.5659808254063365,1058,970,864,1111,4003
47fb6c03ae423e5c,1,R_R,data2vec_fusion,random_forest,1536,peak,11842,3966,3990,142.05871912371367,42.055483502335846,3.627838792745024,0.0009092327801365975,False,0.5466165413533834,0.5470990085252407,0.5580720092915215,0.47834743653558986,0.6158505805148915,0.5151433931921737,0.5446980792743641,0.09509022348353496,0.09410301148613387,0.6018763620245995,1220,761,1048,961,3990
c8a1c76a358ba17a,2,R_R,data2vec_fusion,random_forest,1536,peak,11862,3970,3966,107.57338936626911,30.709270290099084,3.7584132594056427,0.0009476584113478675,False,0.5617750882501261,0.5620658927503326,0.5734104046242775,0.4979919678714859,0.6261398176291794,0.5330467490596453,0.5601100728671149,0.12515329622545893,0.12405739286111861,0.600377446971269,1236,738,1000,992,3966
ccf056b6ba58e2f0,3,R_R,data2vec_fusion,random_forest,1536,peak,11959,3869,3970,106.95051247486845,30.397937553934753,3.571841586381197,0.0008997082081564728,False,0.5821158690176322,0.5817405684691564,0.5985130111524164,0.48861911987860396,0.6748620170597089,0.5380116959064327,0.578272345998744,0.16641222415599077,0.16360171561063963,0.6183244796342078,1345,648,1011,966,3970
24440e7d80155208,4,R_R,data2vec_fusion,random_forest,1536,peak,11926,4003,3869,126.62127823429182,50.421053984668106,3.800072762183845,0.0009821847408074038,False,0.5781855776686482,0.5793027550016925,0.5990939977349944,0.5338042381432896,0.6248012718600954,0.5645677694770544,0.5777726065430385,0.1591626128308175,0.15817159934661118,0.6289120633662688,1179,708,924,1058,3869
a005c1a467b4876c,0,R_S,data2vec_fusion,random_forest,1536,peak,11805,3990,4003,4.373791927006096,49.97289881063625,4.226532557979226,0.0010558412585508934,True,0.5798151386460155,0.5760099118667765,0.6729634002361276,0.28860759493670884,0.8634122287968442,0.40396881644223953,0.5397544699495148,0.1860833635354406,0.15316289548141981,0.6762025316455696,1751,277,1405,570,4003
201e2ee10a3f6658,1,R_S,data2vec_fusion,random_forest,1536,peak,11842,3966,3990,4.094103739131242,42.055483502335846,3.9518878208473325,0.0009904480754003339,True,0.5228070175438596,0.524563492552067,0.5526579739217653,0.27426580388252864,0.7748611812216053,0.3666001330671989,0.49190481120589535,0.056735042053357554,0.04895271578821914,0.5796916148909915,1535,446,1458,551,3990
a35fa59d8dae9318,2,R_S,data2vec_fusion,random_forest,1536,peak,11862,3970,3966,4.029682852793485,30.709270290099084,3.8861502027139068,0.0009798664152077426,True,0.5458900655572365,0.5467378633073326,0.5768302493966211,0.35993975903614456,0.7335359675785208,0.44327666151468315,0.5299202128097154,0.10075293492462377,0.09331575504024037,0.5928419859783612,1448,526,1275,717,3966
b47cc465f435bb3f,3,R_S,data2vec_fusion,random_forest,1536,peak,11959,3869,3970,4.153325710911304,30.397937553934753,4.011151427868754,0.0010103655989593839,True,0.5123425692695214,0.5110819075667212,0.5275908479138627,0.19828022255943348,0.823883592574009,0.28823529411764703,0.4586770340320036,0.028412379936142974,0.022219485640877723,0.6011110967292961,1642,351,1585,392,3970
7154b252482c18da,4,R_S,data2vec_fusion,random_forest,1536,peak,11926,4003,3869,4.38122734380886,50.421053984668106,4.244268544018269,0.0010969936789915402,True,0.5130524683380718,0.5213949926658421,0.5787781350482315,0.18163471241170534,0.8611552729199788,0.2764976958525346,0.4547661833372529,0.058229569069903904,0.04206344158202879,0.539412342240739,1625,262,1622,360,3869
2cf2694518c9945f,0,S_R,data2vec_fusion,random_forest,1536,peak,11805,3990,4003,4.124460679013282,50.87421219982207,3.978699070867151,0.000993929320726243,True,0.5385960529602798,0.5345421067086111,0.582687338501292,0.22835443037974684,0.8407297830374754,0.3281193161149509,0.48838912353208075,0.08745644898475875,0.06963756018506218,0.5923076923076922,1705,323,1524,451,4003
5ee67b61aafa0eae,1,S_R,data2vec_fusion,random_forest,1536,peak,11842,3966,3990,4.219346948899329,30.599506033118814,4.070703063160181,0.001020226331619093,True,0.5491228070175439,0.5492993543189921,0.555379746835443,0.5241413638626182,0.574457344775366,0.5393085787451984,0.5489180930535809,0.09871790449496425,0.0985595307794146,0.5848523893865791,1138,843,956,1053,3990
568a5c5f96b53e2e,2,S_R,data2vec_fusion,random_forest,1536,peak,11862,3970,3966,4.0661676451563835,29.859595802612603,3.9230944821611047,0.0009891816646901423,True,0.5080685829551185,0.5094076915564996,0.5252152521525215,0.2143574297188755,0.8044579533941236,0.30445632798573974,0.46196095119786307,0.023303655355222067,0.018764746745919547,0.5551093685786713,1588,386,1565,427,3966
51bb1f00feb5dd46,3,S_R,data2vec_fusion,random_forest,1536,peak,11959,3869,3970,4.025336835999042,32.35551615897566,3.8835165039636195,0.0009782157440714407,True,0.5133501259445844,0.5116732539609422,0.5675675675675675,0.09559939301972686,0.9277471149021576,0.16363636363636364,0.41023736476667205,0.042109990790467115,0.023424698033541524,0.5935567099923075,1849,144,1788,189,3970
2a8ca544f7fdf0fa,4,S_R,data2vec_fusion,random_forest,1536,peak,11926,4003,3869,4.083260601852089,40.07069909479469,3.9397933948785067,0.0010182975949543827,True,0.49211682605324375,0.5012531971634482,0.5171717171717172,0.12916246215943492,0.8733439321674615,0.2067016552280985,0.41659925947111065,0.0037506974692884665,0.0024599371264842906,0.5367316179478582,1648,239,1726,256,3869
0a5690ac259ac7e5,0,S_S,data2vec_fusion,random_forest,1536,peak,11805,3990,4003,127.11967959720641,50.87421219982207,3.882654577959329,0.0009699361923455731,False,0.5725705720709467,0.5722078246323621,0.5699152542372882,0.5448101265822785,0.5996055226824457,0.5570799896453533,0.5720471152667993,0.1446357332237898,0.14449882456745822,0.6099696651936184,1216,812,899,1076,4003
20a0cc29e5013a3e,1,S_S,data2vec_fusion,random_forest,1536,peak,11842,3966,3990,107.18493160419166,30.599506033118814,3.9158499180339277,0.0009814160195573754,False,0.6115288220551378,0.6115835630123807,0.6166751398068124,0.6037829766052762,0.6193841494194852,0.6101609657947686,0.6115240393409407,0.22318361376989723,0.2231341590592142,0.6502786928785131,1227,754,796,1213,3990
73157e5f1d4cac73,2,S_S,data2vec_fusion,random_forest,1536,peak,11862,3970,3966,106.13581579225138,29.859595802612603,3.768681004177779,0.0009502473535496164,False,0.5816944024205749,0.5815175596001025,0.5778401122019635,0.6204819277108434,0.5425531914893617,0.59840232389252,0.580969117747365,0.16354028135781887,0.16308999118519119,0.6269761162176568,1071,903,756,1236,3966
136574800c48ba64,3,S_S,data2vec_fusion,random_forest,1536,peak,11959,3869,3970,115.33619626099244,32.35551615897566,3.6319027110002935,0.0009148369549119127,False,0.5838790931989924,0.5834743808692081,0.6025236593059937,0.483055134041477,0.6838936276969393,0.5362156092083099,0.5794371787475994,0.17044386010825183,0.16708174319441715,0.6315257168425352,1363,630,1022,955,3970
2df568233c993271,4,S_S,data2vec_fusion,random_forest,1536,peak,11926,4003,3869,122.21992544922978,40.07069909479469,3.7688999017700553,0.0009741276561824904,False,0.5828379426208322,0.5854184748053093,0.6197916666666666,0.4803229061553986,0.6905140434552199,0.5412166003411029,0.5793760726823998,0.17452860048458316,0.16987471349049332,0.6305096424257106,1303,584,1030,952,3869
3358ad180138276d,0,R_R,data2vec_fusion,svm_rbf,1536,peak,11805,3990,4003,24.806488481815904,4.589955003000796,3.6534141721203923,0.0009126690412491612,False,0.5558331251561329,0.5565094999126158,0.5447117566954154,0.6075949367088608,0.5054240631163708,0.5744375299186214,0.5549826103093629,0.1135861773134166,0.11284876732026328,0.5754365465757871,1025,1003,775,1200,4003
0d3bc10639d966a0,1,R_R,data2vec_fusion,svm_rbf,1536,peak,11842,3966,3990,24.175062128342688,4.4532613339833915,3.6506001758389175,0.0009149373874283002,False,0.5761904761904761,0.5762839307920014,0.5817901234567902,0.5629666500746641,0.5896012115093388,0.5722236276245889,0.5761540288607176,0.15261398066224266,0.15253298445338914,0.6236306886552161,1168,813,878,1131,3990
9501a205508305c0,2,R_R,data2vec_fusion,svm_rbf,1536,peak,11862,3970,3966,24.54191216500476,4.628737437073141,3.643335032276809,0.0009186422169129625,False,0.5834594049420071,0.5836865699881593,0.5951847704367301,0.5336345381526104,0.6337386018237082,0.5627316040232927,0.5825213147704331,0.1682035009441234,0.16729426226632937,0.6137977695991668,1251,723,929,1063,3966
a88a8141683600d0,3,R_R,data2vec_fusion,svm_rbf,1536,peak,11959,3869,3970,24.729450658895075,4.7789821471087635,3.6850478858686984,0.0009282236488334253,False,0.6289672544080604,0.6289297569312523,0.6294964028776978,0.6196256954982297,0.638233818364275,0.62452204945195,0.6289152442928159,0.25790720297209413,0.2578757449720337,0.6577540866984877,1272,721,752,1225,3970
4703c54b7eb011dd,4,R_R,data2vec_fusion,svm_rbf,1536,peak,11926,4003,3869,25.233432242181152,5.127185658086091,3.6348099927417934,0.0009394701454488999,False,0.5779271129490825,0.5782503581518244,0.59227921734532,0.5650857719475277,0.5914149443561209,0.5783630260779757,0.5779266618100098,0.1564931011184822,0.15632005125580317,0.6178604258677863,1116,771,862,1120,3869
ca7af677fc9b8049,0,R_S,data2vec_fusion,svm_rbf,1536,peak,11805,3990,4003,4.2168747168034315,4.589955003000796,4.063167016021907,0.0010150304811446184,True,0.543592305770672,0.538381394652086,0.6745283018867925,0.1448101265822785,0.9319526627218935,0.23843268028345144,0.45629499182711897,0.12471092342629178,0.07755867926391669,0.603576261453574,1890,138,1689,286,4003
f262fc5a0f849f53,1,R_S,data2vec_fusion,svm_rbf,1536,peak,11842,3966,3990,4.411095831077546,4.4532613339833915,4.263209306169301,0.0010684735103181206,True,0.5320802005012532,0.5339162813276651,0.5745798319327731,0.2722747635639622,0.795557799091368,0.3694697737250929,0.4987416611203668,0.07957159652419343,0.06758127855241547,0.5744187752790384,1576,405,1462,547,3990
886baaf1edf5d659,2,R_S,data2vec_fusion,svm_rbf,1536,peak,11862,3970,3966,3.9527297290042043,4.628737437073141,3.8073239531368017,0.0009599909110279379,True,0.5310136157337367,0.5322147251620464,0.5706638115631691,0.267570281124498,0.7968591691995948,0.3643198906356801,0.4963828777988628,0.07592147392670447,0.06427380870835897,0.5657522440318519,1573,401,1459,533,3966
ea3f5063c77384be,3,R_S,data2vec_fusion,svm_rbf,1536,peak,11959,3869,3970,3.8521048091351986,4.7789821471087635,3.7075669672340155,0.0009338959615199031,True,0.608816120906801,0.608477800780222,0.6284848484848485,0.5245321193727871,0.6924234821876568,0.5718224427901847,0.6058741242469357,0.22011107106294056,0.21709974108232422,0.6541681926195402,1380,613,940,1037,3970
687c51820f68bb04,4,R_S,data2vec_fusion,svm_rbf,1536,peak,11926,4003,3869,4.03234167676419,5.127185658086091,3.8821731358766556,0.0010034047908701617,True,0.49676919100542777,0.5055273561684199,0.5315315315315315,0.14883955600403634,0.8622151563328034,0.23255813953488372,0.4291035266026658,0.01576385667136738,0.01085792868432589,0.5450195105178188,1627,260,1687,295,3869
9b7f1e618374e7e0,0,S_R,data2vec_fusion,svm_rbf,1536,peak,11805,3990,4003,4.043966189026833,4.8158217910677195,3.8932707887142897,0.0009725882559865824,True,0.5303522358231326,0.5270147055151924,0.5479313824419778,0.2749367088607595,0.7790927021696252,0.366149696561025,0.49656691177257595,0.06258690096225901,0.054383467731396795,0.5548538186902354,1580,448,1432,543,4003
74e007f355e9f483,1,S_R,data2vec_fusion,svm_rbf,1536,peak,11842,3966,3990,3.957388214766979,4.919070912990719,3.813193904235959,0.0009556876952972329,True,0.5796992481203007,0.5788923343188865,0.5675895765472313,0.6938775510204082,0.463907117617365,0.6244120940649496,0.5736569716412941,0.16216986202557734,0.15803316462698158,0.6065682721544067,919,1062,615,1394,3990
04d11e6e3525a16f,2,S_R,data2vec_fusion,svm_rbf,1536,peak,11862,3970,3966,3.9686333597637713,5.022524894215167,3.824429304804653,0.0009643039094313295,True,0.5226928895612708,0.5236180283443805,0.5421276595744681,0.31977911646586343,0.7274569402228976,0.4022734449005368,0.5025008357766063,0.051724109780899696,0.04714789287435839,0.5703904778180604,1436,538,1355,637,3966
c7e79f223d4d91b0,3,S_R,data2vec_fusion,svm_rbf,1536,peak,11959,3869,3970,3.95607206877321,5.111041381023824,3.8047289261594415,0.00095837000658928,True,0.5219143576826196,0.5203736598580616,0.5845824411134903,0.13808801213960548,0.9026593075765178,0.22340425531914893,0.43903109418068076,0.0632379120143126,0.04087262966318661,0.6022280561631872,1799,194,1704,273,3970
5a0db2e633a64658,4,S_R,data2vec_fusion,svm_rbf,1536,peak,11926,4003,3869,3.9251862801611423,4.807023304980248,3.7837625830434263,0.0009779691349298078,True,0.49728612044455933,0.5061843020678422,0.5347091932457786,0.1437941473259334,0.8685744568097509,0.22664015904572565,0.4271244065379882,0.017938322993440538,0.012145099001368287,0.5409363925568591,1639,248,1697,285,3869
503142755dcd3729,0,S_S,data2vec_fusion,svm_rbf,1536,peak,11805,3990,4003,25.36758583690971,4.8158217910677195,3.779186576139182,0.0009440885776015943,False,0.5870597052210842,0.5871030884078596,0.5800995024875621,0.590379746835443,0.5838264299802761,0.5851944792973651,0.5870513555402519,0.17419247784859565,0.17416584554921055,0.6206547574463834,1184,844,809,1166,4003
09fabde32393e893,1,S_S,data2vec_fusion,svm_rbf,1536,peak,11842,3966,3990,25.057248124852777,4.919070912990719,3.6453962279483676,0.0009136331398366836,False,0.6228070175438597,0.6228535195858917,0.6277890466531441,0.6162269785963166,0.6294800605754669,0.6219542828435066,0.6228050984110006,0.24571731920881004,0.2456750630033009,0.6573567608055523,1247,734,771,1238,3990
93945c1a0139e3ca,2,S_S,data2vec_fusion,svm_rbf,1536,peak,11862,3970,3966,25.163922342006117,5.022524894215167,3.6996438708156347,0.0009328401086272402,False,0.599596570852244,0.5996958960461909,0.6064278187565859,0.5778112449799196,0.621580547112462,0.5917737789203085,0.5994494822360077,0.1995731658725408,0.19934890291361362,0.6419825706066412,1227,747,841,1151,3966
3c402933494483f1,3,S_S,data2vec_fusion,svm_rbf,1536,peak,11959,3869,3970,26.199913028161973,5.111041381023824,3.9743959470652044,0.0010011072914521925,False,0.6277078085642317,0.6274418735681105,0.6449738524113887,0.5614567526555387,0.6934269944806823,0.6003244997295836,0.6259519716941175,0.2571662454524623,0.2550162984150023,0.6637297308409478,1382,611,867,1110,3970
d44416913cc2a323,4,S_S,data2vec_fusion,svm_rbf,1536,peak,11926,4003,3869,25.493838601280004,4.807023304980248,3.742864861153066,0.0009673985167105366,False,0.5949857844404239,0.5974910923269682,0.6339573918657199,0.4954591321897074,0.699523052464229,0.5562163693004815,0.5918709609754131,0.1989129260104389,0.19391578714203028,0.6358674814186182,1320,567,1000,982,3869
97cf3bea5b0ca8a3,0,R_R,data2vec_fusion,xgboost,1536,peak,11805,3990,4003,39.48357318807393,10.817224773578346,0.03994315676391125,9.9783054618814e-06,False,0.5573320009992505,0.5577836866152348,0.5475409836065573,0.5918987341772152,0.5236686390532544,0.5688564476885645,0.5570154928381221,0.11581515476128522,0.11544516328556398,0.5940833395750631,1062,966,806,1169,4003
abe784ea1e2c2cbd,1,R_R,data2vec_fusion,xgboost,1536,peak,11842,3966,3990,62.535742020234466,26.4839696129784,0.062404902186244726,1.564032636246735e-05,False,0.5706766917293233,0.5711849679973687,0.5866510538641686,0.49875559980089595,0.6436143361938415,0.5391444713478611,0.5686573869758307,0.14386287751476393,0.1422193485361477,0.6282790039471544,1275,706,1007,1002,3990
de0b337c13b8d57a,2,R_R,data2vec_fusion,xgboost,1536,peak,11862,3970,3966,47.501121904700994,11.446536836214364,0.05756155913695693,1.4513756716328021e-05,False,0.5743822491174987,0.5746801796853066,0.5881670533642691,0.5090361445783133,0.6403242147923,0.5457481162540366,0.5726843048063353,0.15064931324325712,0.1492687985116733,0.6098686793781001,1264,710,978,1014,3966
7e6b6e62eab475d9,3,R_R,data2vec_fusion,xgboost,1536,peak,11959,3869,3970,40.35743707418442,10.577558903954923,0.05572516191750765,1.4036564714737443e-05,False,0.5964735516372796,0.5962253826683732,0.6078205865439908,0.5346484572584724,0.657802308078274,0.5688912809472552,0.5948149586554458,0.1939443134581962,0.19254380808565819,0.633883869212451,1311,682,920,1057,3970
7081b1024e8f44e2,4,R_R,data2vec_fusion,xgboost,1536,peak,11926,4003,3869,41.737709200009704,11.352198780048639,0.0455605979077518,1.1775807161476298e-05,False,0.5701731713621091,0.57080924932768,0.5866376969038566,0.544904137235116,0.5967143614202438,0.5650013078733979,0.5701124036174141,0.14174145663026683,0.1413653473701012,0.6199847381066589,1126,761,902,1080,3869
45187bf98d47b616,0,R_S,data2vec_fusion,xgboost,1536,peak,11805,3990,4003,0.2033421602100134,10.817224773578346,0.049898609053343534,1.246530328587148e-05,True,0.5720709467899076,0.5673480138816068,0.7298245614035088,0.21063291139240506,0.9240631163708086,0.3269155206286837,0.5066183536122726,0.19270721904965835,0.13595988475498455,0.6681147479589544,1874,154,1559,416,4003
91e6c1f6c1c4f831,1,R_S,data2vec_fusion,xgboost,1536,peak,11842,3966,3990,0.2026948779821396,26.4839696129784,0.05214520916342735,1.3068974727676029e-05,True,0.5421052631578948,0.544497640476513,0.6430817610062893,0.20358387257341962,0.8854114083796063,0.3092627599243856,0.4834036386313587,0.12155955389666956,0.08856751264237439,0.6109229818668088,1754,227,1600,409,3990
e1e46d39b0a8a3d7,2,R_S,data2vec_fusion,xgboost,1536,peak,11862,3970,3966,0.1950109633617103,11.446536836214364,0.04910901701077819,1.2382505549868428e-05,True,0.5479072112960162,0.5490022399628911,0.5968841285296982,0.3077309236947791,0.790273556231003,0.4060947333554157,0.52057230052668,0.11186111778407773,0.09778849616064189,0.6087504781028877,1560,414,1379,613,3966
2d3d62c3efc06e2a,3,R_S,data2vec_fusion,xgboost,1536,peak,11959,3869,3970,0.19063553074374795,10.577558903954923,0.044914860278367996,1.1313566820747606e-05,True,0.5576826196473552,0.556554668705162,0.6265750286368843,0.2766818411734952,0.8364274962368289,0.383859649122807,0.5194347361527591,0.13654560240551122,0.11336344528784026,0.6444528535762879,1667,326,1430,547,3970
2a2fa1f8b8e5ee57,4,R_S,data2vec_fusion,xgboost,1536,peak,11926,4003,3869,0.1886744713410735,11.352198780048639,0.044359896797686815,1.1465468285781032e-05,True,0.5215818040837426,0.5286911830213308,0.5801713586291309,0.2391523713420787,0.8182299947005829,0.3386923901393355,0.48196008452097366,0.07027695465817389,0.05654571627573224,0.5531277255768263,1544,343,1508,474,3869
d1c07609351bfb81,0,S_R,data2vec_fusion,xgboost,1536,peak,11805,3990,4003,0.20630175806581974,30.6089430549182,0.04819540912285447,1.203982241390319e-05,True,0.534599050711966,0.5303922302948593,0.5769230769230769,0.21265822784810126,0.8481262327416174,0.31076581576026635,0.47972761842133627,0.07878413127218216,0.06129013133473704,0.5832282226050483,1720,308,1555,420,4003
a80b4efaaf3923fe,1,S_R,data2vec_fusion,xgboost,1536,peak,11842,3966,3990,0.19557600794360042,4.581178565975279,0.0430347272194922,1.078564591967223e-05,True,0.5290726817042607,0.5301839601651226,0.5476539589442815,0.3718267794922847,0.6885411408379606,0.442929143195968,0.5175357676040617,0.06363321628286987,0.0602312591144486,0.5780140302510485,1364,617,1262,747,3990
558503aae271bf7a,2,S_R,data2vec_fusion,xgboost,1536,peak,11862,3970,3966,0.21298706205561757,23.238898213021457,0.06428429111838341,1.6208847987489514e-05,True,0.5052950075642966,0.5067610869007947,0.5213675213675214,0.18373493975903615,0.8297872340425532,0.2717149220489978,0.4485722376568013,0.017714182870685068,0.013482366579796623,0.5359731733417968,1638,336,1626,366,3966
a23e821a78bdcf8e,3,S_R,data2vec_fusion,xgboost,1536,peak,11959,3869,3970,0.209259576164186,11.320921757258475,0.06454657204449177,1.625858237896518e-05,True,0.5050377833753149,0.5031648452943929,0.5428571428571428,0.03844208396560445,0.9678876066231812,0.07179971658006613,0.3671723982179053,0.017158371251348153,0.006353387433081115,0.5697104762977959,1929,64,1901,76,3970
146ae0a18c161faf,4,S_R,data2vec_fusion,xgboost,1536,peak,11926,4003,3869,60.955577190965414,20.13536504190415,0.04129322711378336,1.067284236593005e-05,False,0.501163091238046,0.5100445610922253,0.5485074626865671,0.14833501513622604,0.8717541070482246,0.2335186656076251,0.4318934324206708,0.029066897803149517,0.019726842542072687,0.5643373830291383,1645,242,1688,294,3869
a607fc79f6689d6e,0,S_S,data2vec_fusion,xgboost,1536,peak,11805,3990,4003,61.111218630801886,30.6089430549182,0.043170512188225985,1.0784539642324752e-05,False,0.5858106420184861,0.5851491773400245,0.5882025598219255,0.5351898734177215,0.6351084812623274,0.5604453870625663,0.5844267558836687,0.1711792758399237,0.1704991497489241,0.6247043916810227,1288,740,918,1057,4003
f6509f746649c7cd,1,S_S,data2vec_fusion,xgboost,1536,peak,11842,3966,3990,42.26497351191938,4.581178565975279,0.04594428883865476,1.1514859358058836e-05,False,0.6175438596491228,0.6176024145761037,0.6229007633587786,0.609258337481334,0.6259464916708734,0.6160040261701056,0.6175377095403698,0.23522563484145362,0.23516842966050278,0.65444884692282,1240,741,785,1224,3990
2923cc63e48b37ae,2,S_S,data2vec_fusion,xgboost,1536,peak,11862,3970,3966,53.21719353599474,23.238898213021457,0.04222640907391906,1.064710264092765e-05,False,0.5703479576399395,0.5706847145420588,0.585207100591716,0.4964859437751004,0.6448834853090172,0.5372080391091798,0.5681334313192958,0.14293686880706719,0.14127177995215157,0.6073811456565879,1273,701,1003,989,3966
56759ce2c9417414,3,S_S,data2vec_fusion,xgboost,1536,peak,11959,3869,3970,48.42229169886559,11.320921757258475,0.05244965525344014,1.3211500063838827e-05,False,0.5793450881612091,0.578919998446764,0.5980830670926518,0.47344461305007585,0.6843953838434521,0.528514963297572,0.5743984548184086,0.16149509504576814,0.15797214280906258,0.6325096867869104,1364,629,1041,936,3970
d798d03c80859eeb,4,S_S,data2vec_fusion,xgboost,1536,peak,11926,4003,3869,55.639474486000836,29.813326353672892,0.0647483947686851,1.6735175696222563e-05,False,0.5761178599121219,0.5790499498132905,0.6155405405405405,0.45963673057517657,0.6984631690514044,0.5262853841709995,0.5713746846018701,0.1626037049345556,0.15709830204424746,0.6270119469502149,1318,569,1071,911,3869
c629eba3187b2ced,0,R_R,data2vec_spectrogram,mlp,768,peak,11805,3990,4003,26.536454865708947,9.295463481917977,0.04016655823215842,1.0034113972560186e-05,False,0.5680739445415938,0.5684448106259207,0.5582938388625592,0.5964556962025317,0.5404339250493096,0.5767441860465117,0.567892623500175,0.1370791846470197,0.13676746171465692,0.611788879734352,1096,932,797,1178,4003
92212cce531febff,1,R_R,data2vec_spectrogram,mlp,768,peak,11842,3966,3990,28.646727753337473,9.68489612126723,0.04168551787734032,1.044749821487226e-05,False,0.5781954887218045,0.5788096674505362,0.5989077669902912,0.4912891986062718,0.6663301362948006,0.5397867104183757,0.5752368666595695,0.16005514814043,0.15741942737089143,0.6081919600063219,1320,661,1022,987,3990
82aebb7aa46f65d4,2,R_R,data2vec_spectrogram,mlp,768,peak,11862,3970,3966,24.548244059085846,7.842126875650138,0.03680584393441677,9.280343906812095e-06,False,0.5584972264246092,0.5587616423139365,0.5687393040501997,0.5005020080321285,0.6170212765957447,0.5324432576769025,0.5571220348570803,0.11832063646602277,0.11745903208121078,0.5871894365710053,1218,756,995,997,3966
54f7f826c7fd6ec2,3,R_R,data2vec_spectrogram,mlp,768,peak,11959,3869,3970,25.68175535276532,11.487079282756895,0.0367319299839437,9.252375310817052e-06,False,0.5984886649874055,0.598197890898367,0.6128461991750147,0.5260495700556399,0.6703462117410939,0.5661404463799673,0.5962441566170816,0.19849451057774334,0.1965074972301375,0.6395393487728039,1336,657,937,1040,3970
e0638d8c6b83eaab,4,R_R,data2vec_spectrogram,mlp,768,peak,11926,4003,3869,24.127343001775444,11.058842591010034,0.0358884846791625,9.275907128240501e-06,False,0.5686223830447144,0.5719373139388573,0.6102889358703312,0.43693239152371344,0.7069422363540011,0.5092619817700677,0.5622168797483034,0.14922711697102367,0.1428531796351603,0.6242908486928194,1334,553,1116,866,3869
c793478414c21859,0,R_S,data2vec_spectrogram,mlp,768,peak,11805,3990,4003,0.183199942111969,9.295463481917977,0.03743625013157725,9.352048496521922e-06,True,0.5218586060454659,0.5165016353331835,0.5800524934383202,0.11189873417721519,0.9211045364891519,0.18760611205432937,0.42442252505371336,0.05622607863356146,0.03335504215304386,0.5708673507602426,1868,160,1754,221,4003
470cfbf5f24f4d59,1,R_S,data2vec_spectrogram,mlp,768,peak,11842,3966,3990,0.1760373478755355,9.68489612126723,0.03734670486301184,9.360076406769883e-06,True,0.506265664160401,0.508809298087933,0.5355191256830601,0.14634146341463414,0.8712771327612318,0.22986708365910868,0.43326626038359345,0.025572606685878057,0.01752857120358664,0.6006250519808765,1726,255,1715,294,3990
c4aa843d840c6dad,2,R_S,data2vec_spectrogram,mlp,768,peak,11862,3970,3966,0.17575115198269486,7.842126875650138,0.03714401600882411,9.365611701670224e-06,True,0.5002521432173475,0.5013450458368428,0.504863813229572,0.2605421686746988,0.7421479229989868,0.3437086092715232,0.47010349030351406,0.0030694662917930813,0.002684169338655895,0.529014996154832,1465,509,1473,519,3966
85458870640c8a09,3,R_S,data2vec_spectrogram,mlp,768,peak,11959,3869,3970,0.1762105980888009,11.487079282756895,0.037055274937301874,9.33382240234304e-06,True,0.62544080604534,0.6250357536151442,0.6546717171717171,0.5245321193727871,0.7255393878575013,0.5824206683515867,0.6214227114308744,0.25533384629546,0.25027120787134016,0.6660699905409957,1446,547,940,1037,3970
7e6b64ad26012260,4,R_S,data2vec_spectrogram,mlp,768,peak,11926,4003,3869,0.17386872973293066,11.058842591010034,0.0361877279356122,9.353250952600724e-06,True,0.5228741276815715,0.5318067964088027,0.6283018867924528,0.16801210898082744,0.895601483836778,0.26512738853503187,0.4559467788446304,0.0924786658023262,0.06246173540379596,0.5680807981959523,1690,197,1649,333,3869
e8ab7dd0998b3cb1,0,S_R,data2vec_spectrogram,mlp,768,peak,11805,3990,4003,0.18250112095847726,7.621184376999736,0.03744760109111667,9.354884109696895e-06,True,0.5313514863852111,0.5280935260779467,0.548768472906404,0.28202531645569623,0.7741617357001972,0.3725752508361204,0.4992860305217285,0.06456995074546748,0.05654621016819694,0.5408566149851446,1570,458,1418,557,4003
f8e7438af24dcb67,1,S_R,data2vec_spectrogram,mlp,768,peak,11842,3966,3990,0.1755593023262918,11.344941716175526,0.03740741917863488,9.375293027226787e-06,True,0.5769423558897243,0.5748601258998816,0.5504558314995285,0.8715778994524639,0.27814235234729934,0.6747591522157996,0.5348706155344232,0.18619013191272635,0.15034007237686842,0.5942693769003643,551,1430,258,1751,3990
b52c48c6bcd331e6,2,S_R,data2vec_spectrogram,mlp,768,peak,11862,3970,3966,0.17556532192975283,10.881038814783096,0.037082858849316835,9.35019133870823e-06,True,0.4994957135653051,0.5003654435370662,0.5028618152085037,0.30873493975903615,0.6919959473150963,0.38258164852255055,0.4808816658979087,0.0007913022311579459,0.000729602914755989,0.49380475295304826,1366,608,1377,615,3966
32f7b135de88e54d,3,S_R,data2vec_spectrogram,mlp,768,peak,11959,3869,3970,0.1753497333265841,10.107867309357971,0.037059328984469175,9.33484357291415e-06,True,0.5357682619647355,0.5353211455064907,0.5433937823834197,0.42438037430450176,0.6462619167084797,0.4765691564896336,0.5297532363122528,0.07245238950445292,0.07070445096485711,0.5640152775483033,1288,705,1138,839,3970
f4c3e28db468d518,4,S_R,data2vec_spectrogram,mlp,768,peak,11926,4003,3869,0.17316779075190425,7.142327747773379,0.036218884866684675,9.361303920052901e-06,True,0.5556991470664254,0.5539515148792765,0.5593679458239278,0.6251261352169526,0.48277689454160044,0.590421729807005,0.5524828219777753,0.10902266564254365,0.10822328385090085,0.5889130954424479,911,976,743,1239,3869
6209b50ee665bf8d,0,S_S,data2vec_spectrogram,mlp,768,peak,11805,3990,4003,22.503840611781925,7.621184376999736,0.03705374989658594,9.256495102819371e-06,False,0.5405945540844367,0.5398093775747135,0.5385925085130534,0.48050632911392405,0.599112426035503,0.5078940326465079,0.5385569952410333,0.08018793470168803,0.07973111684243805,0.5622669962299952,1215,813,1026,949,4003
fb36393bbbdb1c89,1,S_S,data2vec_spectrogram,mlp,768,peak,11842,3966,3990,24.783760701306164,11.344941716175526,0.03715795883908868,9.312771638869343e-06,False,0.6300751879699248,0.6294026703157347,0.6119277614447711,0.7252364360378297,0.5335689045936396,0.6637813211845103,0.6263196299515866,0.2637835571413794,0.2591444567922324,0.6647680088767633,1057,924,552,1457,3990
b171adc10fed15d7,2,S_S,data2vec_spectrogram,mlp,768,peak,11862,3970,3966,22.222009860910475,10.881038814783096,0.036770968697965145,9.271550352487429e-06,False,0.5751386787695411,0.575819997314486,0.6105111591072714,0.42570281124497994,0.7259371833839919,0.5016267376515824,0.5656892202870085,0.15893650893429448,0.15143099855623998,0.6206721516257533,1433,541,1144,848,3966
3368f1a64214df3c,3,S_S,data2vec_spectrogram,mlp,768,peak,11959,3869,3970,25.99817395117134,10.107867309357971,0.03743084101006389,9.42842342822768e-06,False,0.5604534005037783,0.5598808018251031,0.5816901408450704,0.4178047546788063,0.7019568489713999,0.48631145128054165,0.5511020166374092,0.12492815447628448,0.11989719757959505,0.6035809196629275,1399,594,1151,826,3970
f12dcce04686bff0,4,S_S,data2vec_spectrogram,mlp,768,peak,11926,4003,3869,26.091263293288648,7.142327747773379,0.03776792995631695,9.761677424739454e-06,False,0.5885241664512794,0.5915145423811655,0.6324728260869565,0.46972754793138244,0.7133015368309485,0.5390851187029531,0.5837349029555848,0.1884386399912511,0.18185119568021224,0.6387736047319357,1346,541,1051,931,3869
ad0798d200aa7393,0,R_R,data2vec_spectrogram,random_forest,768,peak,11805,3990,4003,126.72827426018193,56.24870187463239,0.09714316111057997,2.42675895854559e-05,False,0.5450911816137897,0.5453653908571143,0.5369836695485111,0.5660759493670886,0.52465483234714,0.5511461671185605,0.5450083836352488,0.09079629619992283,0.09066659547812195,0.5567822635008614,1064,964,857,1118,4003
3175356b152ab9ac,1,R_R,data2vec_spectrogram,random_forest,768,peak,11842,3966,3990,123.20214680489153,49.40965254092589,0.09764130832627416,2.4471505846183998e-05,False,0.543859649122807,0.5441045331344638,0.5508885298869144,0.5092085614733698,0.5790005047955578,0.5292291774443869,0.5434186723391112,0.08841868496929879,0.0881619264095519,0.5900250990683268,1147,834,986,1023,3990
13966e54d04f8628,2,R_R,data2vec_spectrogram,random_forest,768,peak,11862,3970,3966,126.52376198396087,50.580402929801494,0.0871018678881228,2.1962145206284114e-05,False,0.5708522440746344,0.5710333736160447,0.579408543263965,0.5311244979919679,0.6109422492401215,0.5542168674698795,0.57025379105142,0.14251264641968053,0.14201279100450426,0.6050053812005876,1206,768,934,1058,3966
590b88f389058c8c,3,R_R,data2vec_spectrogram,random_forest,768,peak,11959,3869,3970,131.52032224973664,53.61618358036503,0.09740601293742657,2.4535519631593594e-05,False,0.5712846347607052,0.5709589024407886,0.5826819001803969,0.49013657056145676,0.6517812343201205,0.5324175824175824,0.5683018144646051,0.14382154412902343,0.1420083405097814,0.616451586622983,1299,694,1008,969,3970
948edd7a7d337900,4,R_R,data2vec_spectrogram,random_forest,768,peak,11926,4003,3869,126.17376917880028,53.48611726798117,0.08682004688307643,2.243991907032216e-05,False,0.564486947531662,0.5672024639348199,0.5981493721083939,0.45660948536831486,0.6777954425013248,0.5178826895565093,0.5603790068098361,0.1376720756508286,0.13360908579738806,0.6213371322292792,1279,608,1077,905,3869
e11be7e5f76c0de1,0,R_S,data2vec_spectrogram,random_forest,768,peak,11805,3990,4003,0.35192527202889323,56.24870187463239,0.06648812303319573,1.6609573578115345e-05,True,0.5620784411691232,0.5568443062941603,0.7668269230769231,0.16151898734177214,0.9521696252465484,0.2668339606859055,0.4773172474845378,0.18626108918399079,0.11487349919077672,0.6741532469477942,1931,97,1656,319,4003
ac560b47f67b0cf5,1,R_S,data2vec_spectrogram,random_forest,768,peak,11842,3966,3990,0.31373543897643685,49.40965254092589,0.07629830995574594,1.9122383447555372e-05,True,0.5087719298245614,0.5116604256112511,0.5694050991501416,0.10004977600796416,0.9232710752145381,0.170194750211685,0.41065807286305145,0.04105987295417156,0.023185785307217377,0.5998566772592491,1829,152,1808,201,3990
16079d4443d8c261,2,R_S,data2vec_spectrogram,random_forest,768,peak,11862,3970,3966,0.2989645837806165,50.580402929801494,0.06638791924342513,1.6739263551040123e-05,True,0.5292486132123045,0.5307735501275619,0.5960061443932412,0.19477911646586346,0.8667679837892603,0.2936057510404843,0.47030448262933655,0.08307944312881667,0.06135877373724008,0.5979060619377204,1711,263,1604,388,3966
cea749b068db1b50,3,R_S,data2vec_spectrogram,random_forest,768,peak,11959,3869,3970,0.3067674762569368,53.61618358036503,0.06611872604116797,1.6654590942359693e-05,True,0.5229219143576826,0.5212898660740005,0.610079575596817,0.11633788568538189,0.9262418464626192,0.19541206457094307,0.42817506200262156,0.07262073254424682,0.04271850741503003,0.6132229114495575,1846,147,1747,230,3970
371efcb08a112326,4,R_S,data2vec_spectrogram,random_forest,768,peak,11926,4003,3869,0.3026388077996671,53.48611726798117,0.06607212265953422,1.707731265431228e-05,True,0.5006461617989144,0.5100480369964551,0.5550660792951542,0.12714429868819374,0.8929517753047165,0.20689655172413793,0.42125287789903615,0.03121229592557916,0.019713508894422582,0.5024038551521189,1685,202,1730,252,3869
7b0ab9c3549aa1eb,0,S_R,data2vec_spectrogram,random_forest,768,peak,11805,3990,4003,0.3062744280323386,49.69942798605189,0.06615542015060782,1.6526460192507576e-05,True,0.534599050711966,0.5310935510448656,0.5595744680851064,0.2663291139240506,0.7958579881656804,0.3608919382504288,0.49747602215998166,0.07334667304612831,0.06261588323909328,0.5617460614685541,1614,414,1449,526,4003
71e991b3e56e4191,1,S_R,data2vec_spectrogram,random_forest,768,peak,11842,3966,3990,0.30151852685958147,50.189710795879364,0.06636840803548694,1.6633686224432816e-05,True,0.5466165413533834,0.5471763987849729,0.5595947556615017,0.4673967147834744,0.6269560827864715,0.5093572009764036,0.5439867765888307,0.09556461061788156,0.09424306361986545,0.5837495781853944,1242,739,1070,939,3990
60579c559d977bf1,2,S_R,data2vec_spectrogram,random_forest,768,peak,11862,3970,3966,0.31009696098044515,54.549460999667645,0.07642212603241205,1.9269320734344944e-05,True,0.48789712556732223,0.48936627970849966,0.4721030042918455,0.16566265060240964,0.8130699088145896,0.24526198439241917,0.4288702595116074,-0.027907460212737635,-0.02120468730388758,0.4899639083181765,1605,369,1662,330,3966
89d75d2dddbc9947,3,S_R,data2vec_spectrogram,random_forest,768,peak,11959,3869,3970,0.3025151980109513,53.85076380800456,0.0657931212335825,1.6572574618030854e-05,True,0.5178841309823677,0.5163474284426449,0.5668789808917197,0.13505311077389984,0.8976417461113899,0.2181372549019608,0.434815167873413,0.05055382257229145,0.032795135985140944,0.5599550373703004,1789,204,1710,267,3970
8ae2f9fc76bb6d6f,4,S_R,data2vec_spectrogram,random_forest,768,peak,11926,4003,3869,0.30001628305763006,56.92485760292038,0.06601265072822571,1.7061941258264593e-05,True,0.4755750840010339,0.48329172943347576,0.46722454672245467,0.16902119071644803,0.7975622681505035,0.2482400889218229,0.4227904155662895,-0.04298793544308389,-0.03288815897070663,0.5051738834459794,1505,382,1647,335,3869
9f2719a491b6145d,0,S_S,data2vec_spectrogram,random_forest,768,peak,11805,3990,4003,123.76194670703262,49.69942798605189,0.08672785898670554,2.1665715460081323e-05,False,0.5668248813389958,0.5655778593363794,0.5743368291178285,0.47139240506329116,0.6597633136094675,0.517797552836485,0.5623001369624602,0.1335802865727753,0.1314636257641859,0.5991536214515767,1338,690,1044,931,4003
1498d95a9c14a129,1,S_S,data2vec_spectrogram,random_forest,768,peak,11842,3966,3990,124.94121364271268,50.189710795879364,0.08666133088991046,2.171963180198257e-05,False,0.5899749373433584,0.5896909138558466,0.5863825845298749,0.6301642608262817,0.5492175668854115,0.6074856046065259,0.589157282890881,0.17998659355195454,0.1794765304524265,0.6338930642497455,1088,893,743,1266,3990
1ae9c7cdc0cc2196,2,S_S,data2vec_spectrogram,random_forest,768,peak,11862,3970,3966,130.53980258479714,54.549460999667645,0.09656977700069547,2.434941427148146e-05,False,0.5824508320726173,0.5825017394807193,0.5865979381443299,0.571285140562249,0.5937183383991894,0.5788402848423194,0.5824201424211597,0.16504058592044815,0.1649838430625864,0.6284738752375256,1172,802,854,1138,3966
a93b7afd052c25b6,3,S_S,data2vec_spectrogram,random_forest,768,peak,11959,3869,3970,126.84937739139423,53.85076380800456,0.08717548614367843,2.1958560741480713e-05,False,0.5687657430730478,0.5683343903967376,0.584990378447723,0.4613050075872534,0.6753637732062218,0.5158371040723982,0.5635497963595415,0.13992800470138733,0.13678486960404823,0.6191389133591242,1346,647,1065,912,3970
4cb89de6ae09540f,4,S_S,data2vec_spectrogram,random_forest,768,peak,11926,4003,3869,129.7080851700157,56.92485760292038,0.08696851087734103,2.2478291774965375e-05,False,0.5670715947273197,0.5703728896582224,0.6080225193525686,0.43592330978809285,0.7048224695283519,0.5077872465471642,0.560698698244747,0.14593867857806064,0.13975006912583388,0.6126067303131468,1330,557,1118,864,3869
a63a92173d872b85,0,R_R,data2vec_spectrogram,svm_rbf,768,peak,11805,3990,4003,1837.1386560872197,862.4572559930384,48.846926695201546,0.01220257973899614,False,0.5563327504371721,0.556202032307193,0.5507912200102093,0.5463291139240506,0.5660749506903353,0.5485510930350788,0.5562008903289343,0.11241955905259449,0.11241596493873962,0.5745131450827654,1148,880,896,1079,4003
b455d5d8f7a26187,1,R_R,data2vec_spectrogram,svm_rbf,768,peak,11842,3966,3990,2082.147612981964,971.3394571659155,50.25716640520841,0.012595781053936944,False,0.5731829573934837,0.5733923492692776,0.5814696485623003,0.5435540069686411,0.6032306915699142,0.5618729096989966,0.5728983409965787,0.1470341585419897,0.14671708780979198,0.6294325710979038,1195,786,917,1092,3990
2a8ca81b51fe23d6,2,R_R,data2vec_spectrogram,svm_rbf,768,peak,11862,3970,3966,1852.9751612069085,891.0486690136604,51.76954613998532,0.013053339924353334,False,0.5852244074634393,0.5856335677054724,0.6066379840196681,0.4954819277108434,0.6757852077001013,0.5454545454545454,0.5820247454840546,0.17409383319536886,0.1711241768185079,0.6428963066043301,1334,640,1005,987,3966
4b4f8b31e801436b,3,R_R,data2vec_spectrogram,svm_rbf,768,peak,11959,3869,3970,2032.2483999980614,903.7992531792261,44.06470047170296,0.011099420773728707,False,0.6,0.5996057013913898,0.6219435736677116,0.5017703591299949,0.6974410436527847,0.555431131019037,0.5959390087329617,0.2031697410063571,0.19936603163999944,0.6498861340945206,1390,603,985,992,3970
d3fd86e01918d4f0,4,R_R,data2vec_spectrogram,svm_rbf,768,peak,11926,4003,3869,1890.16829472268,847.9916294589639,43.891768463887274,0.01134447362726474,False,0.5712070302403722,0.5738884994093636,0.6063199473337723,0.4646821392532795,0.6830948595654478,0.5261353898886033,0.5672923822230367,0.1512626830053943,0.1469131065397864,0.6352490378429715,1289,598,1061,921,3869
7e33494a19ca8919,0,R_S,data2vec_spectrogram,svm_rbf,768,peak,11805,3990,4003,48.354813914746046,862.4572559930384,48.16735102515668,0.012032813146429348,True,0.5131151636272795,0.506754300551769,0.6666666666666666,0.026329113924050632,0.9871794871794872,0.05065757428153921,0.36162981183420145,0.048860822227467016,0.013680302511017817,0.5770107108081791,2002,26,1923,52,4003
30da1514e19a534a,1,R_S,data2vec_spectrogram,svm_rbf,768,peak,11842,3966,3990,48.92769403196871,971.3394571659155,48.7637508190237,0.012221491433339273,True,0.49548872180451126,0.49858938662942553,0.49137931034482757,0.05674464907914385,0.9404341241797072,0.10174029451137885,0.3754911613696466,-0.006027647095784439,-0.002803700745148019,0.5372173025524464,1863,118,1895,114,3990
8c74c845041d9827,2,R_S,data2vec_spectrogram,svm_rbf,768,peak,11862,3970,3966,48.76775873498991,891.0486690136604,48.60296027502045,0.012254906776354123,True,0.5093292990418558,0.5114798098167747,0.7211538461538461,0.03765060240963856,0.9853090172239108,0.0715648854961832,0.3690586593347948,0.07183897476726922,0.022860832573685763,0.5544554102936569,1945,29,1917,75,3966
d39412566fe79310,3,R_S,data2vec_spectrogram,svm_rbf,768,peak,11959,3869,3970,43.753041605930775,903.7992531792261,43.59426816506311,0.010980923971048643,True,0.5239294710327456,0.5223360162186266,0.6048192771084338,0.12696004046535153,0.9177119919719017,0.20986622073578595,0.43460145932247124,0.07300436790823639,0.044814158030279994,0.602491116479758,1829,164,1726,251,3970
588826c0a63e1f24,4,R_S,data2vec_spectrogram,svm_rbf,768,peak,11926,4003,3869,43.08628042601049,847.9916294589639,42.92709877807647,0.011095140547448042,True,0.49185836133367794,0.5032235001072183,0.5555555555555556,0.04036326942482341,0.9660837307896132,0.07525870178739416,0.3624689802593421,0.01702358702600871,0.006299938416743478,0.5322109371198229,1823,64,1902,80,3869
cce942ac26f95e71,0,S_R,data2vec_spectrogram,svm_rbf,768,peak,11805,3990,4003,41.63012007018551,872.3911549537443,41.46278241882101,0.01035792715933575,True,0.5151136647514364,0.5134969914862807,0.5112433862433863,0.39139240506329115,0.6356015779092702,0.44336105534843706,0.5069206250408926,0.02783695552441545,0.02707692816270757,0.5370294359973036,1289,739,1202,773,4003
21bd66b8bb68b0fd,1,S_R,data2vec_spectrogram,svm_rbf,768,peak,11842,3966,3990,45.939252191688865,814.520291690249,45.77941672503948,0.011473538026325685,True,0.5538847117794486,0.5540175218583512,0.5596043727225404,0.5350920856147336,0.5729429581019687,0.5470737913486005,0.5537838092545471,0.10810677961817186,0.10800161062591107,0.5955848856822743,1135,846,934,1075,3990
4b339dcf8cee2a7f,2,S_R,data2vec_spectrogram,svm_rbf,768,peak,11862,3970,3966,40.74602461280301,831.025241128169,40.589247208088636,0.010234303380758607,True,0.5317700453857791,0.5324664921082506,0.5490909090909091,0.3790160642570281,0.6859169199594731,0.4484704484704485,0.5208398244542822,0.06821793178721781,0.06484141622612438,0.5297578358011581,1354,620,1237,755,3966
8159546387bba2a8,3,S_R,data2vec_spectrogram,svm_rbf,768,peak,11959,3869,3970,45.59922751085833,863.2384444712661,45.44005387229845,0.011445857398563842,True,0.5136020151133501,0.5122408703603736,0.5357142857142857,0.17450682852807284,0.8499749121926744,0.2632582983594048,0.45011006664539144,0.03320436827292038,0.024548180085135485,0.5599928530839222,1694,299,1632,345,3970
6e7dd834f117353a,4,S_R,data2vec_spectrogram,svm_rbf,768,peak,11926,4003,3869,1751.0354290767573,804.912869296968,46.55626635532826,0.012033152327559644,False,0.538640475575084,0.5428390490567733,0.577133907595928,0.37184661957618564,0.7138314785373608,0.45228597729364833,0.526879760247628,0.09107404907459372,0.08491776183069322,0.5836128762465795,1347,540,1245,737,3869
96be7b5fb1b6b3f7,0,S_S,data2vec_spectrogram,svm_rbf,768,peak,11805,3990,4003,1954.0056657791138,872.3911549537443,41.213797548785806,0.010295727591502823,False,0.553834624031976,0.5524066861408634,0.5603063178047224,0.44455696202531647,0.6602564102564102,0.4957651044607566,0.5478377493629948,0.10736459232150605,0.10509707376765176,0.6035273262926623,1339,689,1097,878,4003
d4901f5651dc8961,1,S_S,data2vec_spectrogram,svm_rbf,768,peak,11842,3966,3990,1737.2018070388585,814.520291690249,47.01030740886927,0.011782031932047436,False,0.6192982456140351,0.6190561202503926,0.6147003745318352,0.6535589845694375,0.5845532559313478,0.633534378769602,0.6187228608319979,0.23870330853753835,0.23821866537156,0.6659502204742969,1158,823,696,1313,3990
e2e55853bef2b6b6,2,S_S,data2vec_spectrogram,svm_rbf,768,peak,11862,3970,3966,1835.561639369931,831.025241128169,40.63536254921928,0.010245931051240362,False,0.5642965204236006,0.5650222470428827,0.5977777777777777,0.40512048192771083,0.7249240121580547,0.4829443447037702,0.5532368782342381,0.13722222488896854,0.12985368663067876,0.5978274801332992,1431,543,1185,807,3966
8fda338ec7090e6d,3,S_S,data2vec_spectrogram,svm_rbf,768,peak,11959,3869,3970,1793.7583662881516,863.2384444712661,47.86674865800887,0.012057115530984604,False,0.6070528967254408,0.6064780094011386,0.6471418489767113,0.46383409205867476,0.7491219267436026,0.5403653506187389,0.5986032648386259,0.2222473393997957,0.2131984274131974,0.6470005921077845,1493,500,1060,917,3970
f162b941f2a06d9d,4,S_S,data2vec_spectrogram,svm_rbf,768,peak,11926,4003,3869,2009.646422504913,945.987763965968,45.0186312738806,0.01163572790743877,False,0.5911088136469372,0.594062647558819,0.63531799729364,0.4737638748738648,0.7143614202437731,0.5427745664739885,0.5864877974959938,0.1935343081548909,0.18692876199463648,0.6266156938680236,1348,539,1043,939,3869
23cb2a2a52cfbeaa,0,R_R,data2vec_spectrogram,xgboost,768,peak,11805,3990,4003,74.3995115282014,15.181687023025006,0.008828839287161827,2.2055556550491697e-06,False,0.5618286285286036,0.5619899882655481,0.5539814362481681,0.5741772151898734,0.5498027613412229,0.5638985579313774,0.5618187568773353,0.12400115447860084,0.12392094445808655,0.5877913015254788,1115,913,841,1134,4003
6ac64a60741ed93c,1,R_R,data2vec_spectrogram,xgboost,768,peak,11842,3966,3990,73.84848310612142,14.796141753904521,0.008743091952055693,2.191251115803432e-06,False,0.5676691729323309,0.5676496402232357,0.5707171314741036,0.5704330512692882,0.5648662291771832,0.5705750560119492,0.5676493750915159,0.13529882149936784,0.13529880450057952,0.6111101758392132,1119,862,863,1146,3990
e255604e825c308f,2,R_R,data2vec_spectrogram,xgboost,768,peak,11862,3970,3966,72.34103050734848,14.913583240937442,0.008978927042335272,2.263975552782469e-06,False,0.5844679778113969,0.5847043187949366,0.5967379077615298,0.5326305220883534,0.6367781155015197,0.5628647214854111,0.5834506211944115,0.17031945308776103,0.1693257016664912,0.6216653595130268,1257,717,931,1061,3966
7c8c2cd449174741,3,R_R,data2vec_spectrogram,xgboost,768,peak,11959,3869,3970,74.2800686978735,15.802211374975741,0.009612814988940954,2.4213639770632127e-06,False,0.6105793450881613,0.6104491669249048,0.6161725067385445,0.5781487101669196,0.6427496236828901,0.5965553235908142,0.6101082362842094,0.22137179233741627,0.22095306516449464,0.6410951227627499,1281,712,834,1143,3970
150a96ee3af3fe6f,4,R_R,data2vec_spectrogram,xgboost,768,peak,11926,4003,3869,78.77898274315521,15.049829191993922,0.008842406794428825,2.2854501924085877e-06,False,0.5743086068751615,0.5756330022668243,0.5966532025389498,0.5216952573158425,0.629570747217806,0.5566621803499328,0.5736331035977852,0.15204747257283907,0.15078914826680023,0.6257959152243001,1188,699,948,1034,3869
9f70c8b83132f959,0,R_S,data2vec_spectrogram,xgboost,768,peak,11805,3990,4003,0.1656277310103178,15.181687023025006,0.009375937283039093,2.3422276500222566e-06,True,0.539095678241319,0.5336259456220508,0.6878612716763006,0.12050632911392405,0.9467455621301775,0.2050840155105558,0.44027287846767893,0.1196524230256467,0.06798461888506224,0.6910962974059371,1920,108,1737,238,4003
a9f2f218a0a45221,1,R_S,data2vec_spectrogram,xgboost,768,peak,11842,3966,3990,0.1568983532488346,14.796141753904521,0.010047182906419039,2.518090953989734e-06,True,0.49874686716791977,0.5019620189711669,0.5269461077844312,0.043802887008461924,0.9601211509338717,0.08088235294117647,0.36814620748368265,0.009797268708885759,0.0038987751450024755,0.5982593724504244,1902,79,1921,88,3990
1eb70f574ac81529,2,R_S,data2vec_spectrogram,xgboost,768,peak,11862,3970,3966,0.1566979461349547,14.913583240937442,0.009557825978845358,2.4099409931531414e-06,True,0.5237014624306606,0.5256016467084141,0.6594427244582043,0.10692771084337349,0.9442755825734549,0.18401727861771058,0.42385838116393804,0.09360203488555618,0.051008441618157874,0.6150719900880116,1864,110,1779,213,3966
05c2adea944031ca,3,R_S,data2vec_spectrogram,xgboost,768,peak,11959,3869,3970,0.15643445029854774,15.802211374975741,0.009888716973364353,2.4908606985804417e-06,True,0.536272040302267,0.5346331025559615,0.6837837837837838,0.1279716742539201,0.941294530858003,0.2155943757988922,0.4432164619920619,0.11913140566691771,0.0694929474537882,0.6464267576883279,1876,117,1724,253,3970
bfecf782c1b5570d,4,R_S,data2vec_spectrogram,xgboost,768,peak,11926,4003,3869,0.15446274308487773,15.049829191993922,0.00984420720487833,2.5443802545563015e-06,True,0.5094339622641509,0.5186252317492301,0.5860655737704918,0.1442986881937437,0.8929517753047165,0.23157894736842105,0.43564520641010274,0.05608373902210779,0.03655681882886863,0.5225000628336534,1685,202,1696,286,3869
2118ab1cd54b56e4,0,S_R,data2vec_spectrogram,xgboost,768,peak,11805,3990,4003,0.17996313516050577,57.116749017033726,0.021451591048389673,5.3588786031450595e-06,True,0.5168623532350737,0.512232292212818,0.5341098169717138,0.16253164556962024,0.8619329388560157,0.24922360248447206,0.4465270866934331,0.03424135778383777,0.024689025064696835,0.55005367887549,1748,280,1654,321,4003
e89b373209afdcbc,1,S_R,data2vec_spectrogram,xgboost,768,peak,11842,3966,3990,0.15949763311073184,15.520861211232841,0.009800032246857882,2.4561484327964617e-06,True,0.5729323308270676,0.5722394102862208,0.5637808448347972,0.670980587356894,0.4734982332155477,0.6127272727272727,0.5683748095479939,0.1474084480651464,0.1446732290329228,0.6081429629262965,938,1043,661,1348,3990
5fb8369081abb916,2,S_R,data2vec_spectrogram,xgboost,768,peak,11862,3970,3966,0.16982202883809805,54.218230039812624,0.020736472215503454,5.228560820853115e-06,True,0.5161371659102371,0.5169477301302474,0.5286274509803922,0.33835341365461846,0.6955420466058764,0.4126109580655035,0.5006248788183895,0.03628673018183719,0.03383992681776893,0.5493053775385229,1373,601,1318,674,3966
e186c3600482db66,3,S_R,data2vec_spectrogram,xgboost,768,peak,11959,3869,3970,0.1569543988443911,15.368744335602969,0.009293273091316223,2.340874834084691e-06,True,0.5168765743073048,0.5153540680190479,0.5608247422680412,0.1375821952453212,0.8931259407927747,0.22095857026807472,0.4354153932026756,0.04688545979237658,0.0308014434000089,0.5721370268879875,1780,213,1705,272,3970
0d62eecfa028ef70,4,S_R,data2vec_spectrogram,xgboost,768,peak,11926,4003,3869,118.21763385878876,53.62492449674755,0.019643377978354692,5.07712018050005e-06,False,0.5355388989402946,0.5410437445221086,0.5863678804855276,0.3168516649848638,0.7652358240593534,0.4113986243039633,0.5139170282672432,0.09170566320764385,0.08114859316843603,0.5672362871567478,1444,443,1354,628,3869
38d6b64009ecd722,0,S_S,data2vec_spectrogram,xgboost,768,peak,11805,3990,4003,121.37035283772275,57.116749017033726,0.020538120996207,5.130682237373719e-06,False,0.5625780664501624,0.5611351209647217,0.5717029449423816,0.4521518987341772,0.6701183431952663,0.5049476957873904,0.5565687237048387,0.12531812614744162,0.12260526134942162,0.6027873068184655,1359,669,1082,893,4003
6cd93b437d280e49,1,S_S,data2vec_spectrogram,xgboost,768,peak,11842,3966,3990,73.45202356996015,15.520861211232841,0.009334976319223642,2.339593062462066e-06,False,0.5997493734335839,0.5995203562766138,0.5968045112781954,0.6321553011448482,0.5668854114083796,0.6139714769156394,0.5992053585462922,0.19947959314576494,0.1991240680686035,0.6403151994721381,1123,858,739,1270,3990
ca2821dd174c772e,2,S_S,data2vec_spectrogram,xgboost,768,peak,11862,3970,3966,113.24924578005448,54.218230039812624,0.019459231290966272,4.906513184812474e-06,False,0.5864851235501765,0.5868656998815933,0.6065375302663438,0.5030120481927711,0.6707193515704154,0.5499451152579583,0.583741214345397,0.17620160547853292,0.1735963090696745,0.6216611633972567,1324,650,990,1002,3966
49e855a5d227091b,3,S_S,data2vec_spectrogram,xgboost,768,peak,11959,3869,3970,79.95484955515712,15.368744335602969,0.009244168177247047,2.328505838097493e-06,False,0.5856423173803527,0.5852366185036602,0.6047979797979798,0.4845725847243298,0.6859006522829905,0.5380511092389778,0.5811972833246728,0.1740605628270658,0.17060937252747455,0.6341877908034722,1367,626,1019,958,3970
e7a4980965cc213f,4,S_S,data2vec_spectrogram,xgboost,768,peak,11926,4003,3869,119.56994538474828,55.22367550106719,0.02042458765208721,5.279035319743399e-06,False,0.578444042388214,0.5818029996518748,0.6242038216560509,0.4450050454086781,0.7186009538950715,0.5195876288659794,0.5720203859273485,0.1698445977695498,0.16243217691030543,0.632973657458729,1356,531,1100,882,3869
c9a6aa90a5e1f587,0,R_R,full_fusion,mlp,3840,peak,11805,3990,4003,10.178679339122027,4.078851158730686,0.104960260912776,2.6220399928247812e-05,False,0.546839870097427,0.5480968966119891,0.5338377469525011,0.6430379746835443,0.4531558185404339,0.583371612310519,0.5433287415331347,0.09794321202685956,0.09593735666729586,0.5795062791800865,919,1109,705,1270,4003
b244993e2bf55035,1,R_R,full_fusion,mlp,3840,peak,11842,3966,3990,8.148521032184362,3.59910269966349,0.10358200874179602,2.5960403193432585e-05,False,0.5974937343358396,0.5976638694778091,0.6059968437664387,0.5734196117471378,0.6219081272084805,0.5892583120204603,0.5973318587129328,0.1955401079374324,0.19525355903952968,0.6588142354859969,1232,749,857,1152,3990
a1f2ea781a60bdb3,2,R_R,full_fusion,mlp,3840,peak,11862,3970,3966,11.139347967226058,4.404459432698786,0.10253888694569468,2.5854484857714244e-05,False,0.5605143721633888,0.5609024242868129,0.5756838905775076,0.47540160642570284,0.646403242147923,0.5207588671982403,0.5574690727143704,0.12361247328544425,0.12170818668112027,0.5970069487677152,1276,698,1045,947,3966
18130182fb317d97,3,R_R,full_fusion,mlp,3840,peak,11959,3869,3970,9.238311266992241,2.9458565022796392,0.10496050119400024,2.6438413398992505e-05,False,0.6022670025188916,0.6023752582699031,0.5952153110047846,0.6292362164896308,0.5755143000501756,0.6117531349889354,0.6020294205799311,0.20503590636752222,0.20470355094371695,0.6440414490676905,1147,846,733,1244,3970
919754d519dae11c,4,R_R,full_fusion,mlp,3840,peak,11926,4003,3869,8.38645082199946,3.13063610997051,0.10208912286907434,2.6386436513071685e-05,False,0.547945205479452,0.5494696037522653,0.568569746909947,0.4873864783047427,0.611552729199788,0.5248573757131214,0.5468753233014707,0.09965053764065418,0.09858487191807386,0.5789551645787178,1154,733,1016,966,3869
c3f7331c01f80d7e,0,R_S,full_fusion,mlp,3840,peak,11805,3990,4003,0.2780933789908886,4.078851158730686,0.10331094032153487,2.5808378796286504e-05,True,0.523107669248064,0.517813771752428,0.5825,0.1179746835443038,0.9176528599605522,0.19621052631578947,0.42859718288796045,0.05939382262585223,0.03600271220650619,0.6331970139565076,1861,167,1742,233,4003
33e1b06cab60840b,1,R_S,full_fusion,mlp,3840,peak,11842,3966,3990,0.27319638105109334,3.59910269966349,0.10330023476853967,2.5889783150009942e-05,True,0.5283208020050125,0.5291594186584399,0.5418038183015141,0.40965654554504727,0.6486622917718324,0.4665532879818594,0.5219109656441193,0.060051768749121215,0.058218486568678895,0.566473082134936,1285,696,1186,823,3990
eb4de94be382834b,2,R_S,full_fusion,mlp,3840,peak,11862,3970,3966,0.2721874862909317,4.404459432698786,0.10201930394396186,2.572347552797828e-05,True,0.5579929399899143,0.5584198496112108,0.5741775294847921,0.4643574297188755,0.6524822695035462,0.5134610047182903,0.5542587998874426,0.11895027367495532,0.1167379003703849,0.5991108557838242,1288,686,1067,925,3966
3f5c21fcef42f5dd,3,R_S,full_fusion,mlp,3840,peak,11959,3869,3970,0.270646370947361,2.9458565022796392,0.10231621097773314,2.5772345334441595e-05,True,0.5125944584382871,0.5117368300432393,0.5184210526315789,0.29893778452200304,0.7245358755644756,0.37921077959576516,0.48900410429093666,0.025941324839890232,0.02351361967120602,0.5465611684395638,1444,549,1386,591,3970
a7e352051c40b828,4,R_S,full_fusion,mlp,3840,peak,11926,4003,3869,0.2663764958269894,3.13063610997051,0.0993970138952136,2.569062132210225e-05,True,0.5621607650555699,0.5655289497368206,0.6021276595744681,0.4283551967709385,0.7027027027027027,0.5005896226415094,0.5554029567418315,0.13611693379182094,0.13011267773128288,0.583975974549964,1326,561,1133,849,3869
88795371b8f375d2,0,S_R,full_fusion,mlp,3840,peak,11805,3990,4003,0.27847591368481517,4.150977780111134,0.10328274313360453,2.5801334782314395e-05,True,0.5453409942543093,0.5427603425461264,0.5635767022149303,0.3478481012658228,0.73767258382643,0.43018159048215404,0.5259802383000961,0.09290781111150895,0.08595059903153268,0.5667195965345916,1496,532,1288,687,4003
07671b1b8ee2148b,1,S_R,full_fusion,mlp,3840,peak,11842,3966,3990,0.27096146531403065,4.81965518090874,0.10237544495612383,2.5658006254667625e-05,True,0.5503759398496241,0.5519860275403793,0.599444958371878,0.32254853160776503,0.7814235234729935,0.41941747572815535,0.5262731550419918,0.11696720888523271,0.10363374666683023,0.6079713475126696,1548,433,1361,648,3990
20ebc80fd006ba09,2,S_R,full_fusion,mlp,3840,peak,11862,3970,3966,0.27042575692757964,2.83711158297956,0.10224285209551454,2.5779841678142847e-05,True,0.49747856782652544,0.49936676798378926,0.4984984984984985,0.08333333333333333,0.9154002026342452,0.14279569892473118,0.3936735762324744,-0.002283264823458241,-0.0012616733284538384,0.5037515818084902,1807,167,1826,166,3966
bc1934fc143f5200,3,S_R,full_fusion,mlp,3840,peak,11959,3869,3970,0.2706027221865952,3.408143893815577,0.10215139295905828,2.573082946071997e-05,True,0.519647355163728,0.5185685305752734,0.5379609544468547,0.25088517956499745,0.7862518815855494,0.34218696102104174,0.48194450213321477,0.04397355477321419,0.03721678115003568,0.5686493521457626,1567,426,1481,496,3970
69ce4c17bdb5bd70,4,S_R,full_fusion,mlp,3840,peak,11926,4003,3869,0.2650344450958073,3.5310748498886824,0.0998479132540524,2.580716289843691e-05,True,0.5213233393641767,0.5294041444543017,0.5978915662650602,0.20030272452068618,0.8585055643879174,0.3000755857898715,0.4681839044424613,0.07796115450861672,0.0578400947342097,0.5566402604896106,1620,267,1585,397,3869
642f332a668acbb2,0,S_S,full_fusion,mlp,3840,peak,11805,3990,4003,9.330506594851613,4.150977780111134,0.10402125585824251,2.598582459611354e-05,False,0.5438421184111916,0.5424653584001199,0.5470625394819962,0.43848101265822786,0.6464497041420119,0.4867903316469927,0.5381343744565898,0.0868428713380799,0.08515156278786629,0.5776343844406161,1311,717,1109,866,4003
4b89450e69b60f11,1,S_S,full_fusion,mlp,3840,peak,11842,3966,3990,10.91683491691947,4.81965518090874,0.10425400827080011,2.6128824128020077e-05,False,0.5859649122807018,0.5865566083366898,0.6074653822998194,0.5022399203583873,0.6708732963149924,0.5498637602179837,0.5832845483224489,0.17558720746088163,0.1729015552233405,0.6444457789518092,1329,652,1000,1009,3990
fba11681afd9f13f,2,S_S,full_fusion,mlp,3840,peak,11862,3970,3966,9.29916642094031,2.83711158297956,0.10423131287097931,2.6281218575637747e-05,False,0.5658093797276853,0.566796059618413,0.6203208556149733,0.3493975903614458,0.78419452887538,0.44701348747591524,0.544801886950909,0.1482988748575962,0.13332663289034263,0.6190313432046322,1548,426,1296,696,3966
050548d6c2d12bef,3,S_S,full_fusion,mlp,3840,peak,11959,3869,3970,10.034427309408784,3.408143893815577,0.10292306635528803,2.592520563105492e-05,False,0.6304785894206549,0.6303578711631326,0.6368025751072961,0.6004046535154274,0.6603110888108379,0.6180682114032804,0.6300880212908082,0.261199355952177,0.26077557265240625,0.6864301991720643,1316,677,790,1187,3970
e1dabbe1cb991a92,4,S_S,full_fusion,mlp,3840,peak,11926,4003,3869,8.644895855803043,3.5310748498886824,0.10177790187299252,2.630599686559641e-05,False,0.5572499353838201,0.5612819295225658,0.6030651340996168,0.3970736629667003,0.7254901960784313,0.47885609978703986,0.5469993821783997,0.1295793913243069,0.12151901620052952,0.6093540860858484,1369,518,1195,787,3869
31eea87393994efa,0,R_R,full_fusion,random_forest,3840,peak,11805,3990,4003,279.9828641260974,104.16204455820844,3.7368019372224808,0.000933500359036343,False,0.5375968023982014,0.5382402067260879,0.5282588878760255,0.5868354430379746,0.4896449704142012,0.556008635164308,0.5368002519058444,0.07682988043523764,0.07636975710050875,0.5678503482885178,993,1035,816,1159,4003
d0e3b54e0c427612,1,R_R,full_fusion,random_forest,3840,peak,11842,3966,3990,251.83549310918897,75.53516257321462,3.6507833087816834,0.0009149832854089432,False,0.5796992481203007,0.5803803379491933,0.6031055900621118,0.483325037332006,0.6774356385663807,0.5366123238463664,0.5760337473393722,0.16383648166385517,0.1605353520273296,0.6367124064878164,1342,639,1038,971,3990
02efb8659b367849,2,R_R,full_fusion,random_forest,3840,peak,11862,3970,3966,256.4899425446056,104.18451880570501,3.7843924979679286,0.0009542089001431994,False,0.5801815431164902,0.5806272201267074,0.6025078369905956,0.482429718875502,0.6788247213779128,0.5358238081962643,0.5763123643973267,0.1644310396041875,0.16110804945702006,0.629262745002299,1340,634,1031,961,3966
e63dd72982a018dc,3,R_R,full_fusion,random_forest,3840,peak,11959,3869,3970,226.98166098212823,74.77550506405532,3.6995450109243393,0.0009318753176131837,False,0.5838790931989924,0.5835819906851523,0.5960969840331165,0.5098634294385432,0.6573005519317612,0.549618320610687,0.5814571003802499,0.1690268600729386,0.16726110770966973,0.6241384552560162,1310,683,969,1008,3970
01525402f4944976_retry_20260818T212000_1633805,4,R_R,full_fusion,random_forest,3840,peak,11926,4003,3869,4.43714090809226,93.14259509090334,4.247712200973183,0.0010978837428206728,True,0.5683639183251487,0.5708341154117851,0.6005154639175257,0.47023208879919276,0.6714361420243773,0.5274476513865308,0.5651034641328467,0.14447788326441174,0.14089875730595658,0.6251920437086935,1267,620,1050,932,3869
ce62deb20aa0a3f3,0,R_S,full_fusion,random_forest,3840,peak,11805,3990,4003,4.676010156050324,104.16204455820844,4.503938362002373,0.0011251407349493813,True,0.52560579565326,0.5201866277182733,0.6049723756906077,0.11088607594936709,0.9294871794871795,0.18741976893453144,0.4262200273496083,0.07037957988448518,0.0408087659592401,0.6371099543105385,1885,143,1756,219,4003
7efa96e4511c2adc,1,R_S,full_fusion,random_forest,3840,peak,11842,3966,3990,4.842526682186872,75.53516257321462,4.675831893924624,0.0011718876927129384,True,0.5218045112781955,0.5239901010822324,0.5670650730411687,0.21254355400696864,0.8354366481574962,0.30919623461259954,0.47176944731779846,0.06130917072882079,0.047769144694331134,0.596722748640708,1655,326,1582,427,3990
2de733e106c09a32,2,R_S,full_fusion,random_forest,3840,peak,11862,3970,3966,4.479742628056556,104.18451880570501,4.3176372409798205,0.0010886629452798338,True,0.532274331820474,0.5338954602604948,0.6208112874779541,0.17670682730923695,0.8910840932117527,0.2751074638530676,0.4649313608117004,0.09683283804105006,0.06757053743276675,0.6122318554867902,1759,215,1640,352,3966
1aeab462442eed4a,3,R_S,full_fusion,random_forest,3840,peak,11959,3869,3970,4.418489419855177,74.77550506405532,4.249353309161961,0.001070366072836766,True,0.536272040302267,0.5349356282649365,0.6017964071856288,0.20333839150227617,0.8665328650275966,0.30396975425330813,0.47814162877915645,0.09338535450374044,0.07005745238363636,0.6191090922426774,1727,266,1575,402,3970
575042a8836d38e8,4,R_S,full_fusion,random_forest,3840,peak,11926,4003,3869,263.271293095313,93.14259509090334,4.28057218901813,0.001106376890415645,False,0.5052985267510984,0.5149318161278748,0.5813397129186603,0.12260343087790111,0.9072602013778485,0.2025,0.4219693705507681,0.0480861252851082,0.02928199072758375,0.5461447676678874,1712,175,1739,243,3869
bd7fbb171140f19a,0,S_R,full_fusion,random_forest,3840,peak,11805,3990,4003,247.5306937173009,74.277938360814,4.099629474803805,0.0010241392642527617,False,0.5425930552085936,0.5389433999950066,0.5803571428571429,0.26329113924050634,0.814595660749507,0.3622431208638105,0.5028352897405712,0.09342363365515535,0.07844682528117186,0.591662297455871,1652,376,1455,520,4003
dfdeb2443ccdb9aa,1,S_R,full_fusion,random_forest,3840,peak,11842,3966,3990,4.553785540163517,102.51699201297015,4.389891054015607,0.0011002233218084228,True,0.5426065162907269,0.543950632049769,0.5746753246753247,0.35241413638626184,0.7354871277132762,0.4369021906818883,0.5258999242077937,0.09513160894847487,0.08766165995148223,0.5894687937597318,1457,524,1301,708,3990
5be1f173f6cd89a4,2,S_R,full_fusion,random_forest,3840,peak,11862,3970,3966,4.6317825322039425,74.18262124899775,4.467986578121781,0.0011265725108728648,True,0.5080685829551185,0.5096983679398445,0.5366726296958855,0.15060240963855423,0.8687943262411347,0.23520188161505293,0.43631493448899833,0.02787115218232078,0.01933332572897306,0.5278761957658394,1715,259,1692,300,3966
1d6d83f2e2f10af4,3,S_R,full_fusion,random_forest,3840,peak,11959,3869,3970,4.97660554992035,68.57895372388884,4.812360730953515,0.0012121815443207845,True,0.5244332493702771,0.5228865013383971,0.596529284164859,0.139099645928174,0.9066733567486202,0.22559474979491387,0.4412234017967663,0.07143716974241181,0.04591432913114524,0.5996129345983577,1807,186,1702,275,3970
09302a40961ebae2,4,S_R,full_fusion,random_forest,3840,peak,11926,4003,3869,4.231926859822124,64.66416807100177,4.06678536394611,0.001051120538626547,True,0.5270095631946239,0.5343952755509709,0.5981912144702842,0.2336024217961655,0.8351881293057764,0.33599419448476053,0.4843359169934842,0.08595393366216371,0.06775110641083648,0.6018053579192061,1576,311,1519,463,3869
1e6800ae7129b493_retry_20260818T212000_1633806,0,S_S,full_fusion,random_forest,3840,peak,11805,3990,4003,4.372802468016744,74.277938360814,4.1660802168771625,0.0010407394995945946,True,0.5845615788158881,0.584313409732105,0.581165452653486,0.5655696202531646,0.6030571992110454,0.5732614831921992,0.5842700698998231,0.16874520550615663,0.168685970950041,0.6234139764811626,1223,805,858,1117,4003
a18c0a8300775499,1,S_S,full_fusion,random_forest,3840,peak,11842,3966,3990,270.0168151529506,102.51699201297015,4.288882155902684,0.0010749078084969132,False,0.5894736842105263,0.5900514821114173,0.6111443978430198,0.507715281234445,0.6723876829883897,0.5546492659053833,0.5869480639150347,0.1825523080844771,0.17988781277065213,0.6429548857501164,1332,649,989,1020,3990
0f2d7ca31be64423,2,S_S,full_fusion,random_forest,3840,peak,11862,3970,3966,243.3192322710529,74.18262124899775,4.1048339959234,0.0010350060504093293,False,0.5948058497226425,0.5951762978967541,0.6158940397350994,0.5135542168674698,0.6767983789260384,0.5600875992335067,0.592266281505045,0.1929108984482182,0.19020849580972887,0.6442010442987757,1336,638,969,1023,3966
41cb0c67618d1daa,3,S_S,full_fusion,random_forest,3840,peak,11959,3869,3970,231.59939576871693,68.57895372388884,4.423360062763095,0.001114196489360981,False,0.6166246851385391,0.616449936944201,0.6256212037548315,0.5730905412240769,0.6598093326643252,0.5982048574445618,0.6158172649457876,0.2337979458096994,0.2329783974085725,0.6616690282452925,1315,678,844,1133,3970
c46e0b537397ecdd,4,S_S,full_fusion,random_forest,3840,peak,11926,4003,3869,220.4682888588868,64.66416807100177,4.729402660857886,0.0012223837324522838,False,0.6011889377100026,0.6025422496159126,0.6268053148469093,0.5474268415741675,0.6576576576576577,0.5844330729868031,0.6005395178598611,0.2061665613505435,0.204432807256694,0.6466882386630709,1241,646,897,1085,3869
a3ced95b21143700,0,R_R,full_fusion,svm_rbf,3840,peak,11805,3990,4003,36.21228666417301,10.034456745255738,3.7756203575991094,0.0009431976911314288,False,0.5543342493130152,0.5546464684293311,0.5456282847587195,0.5782278481012658,0.5310650887573964,0.5614552605703048,0.554216711036803,0.10939773334105105,0.10920767672705523,0.5865182383342072,1077,951,833,1142,4003
b46de84e2f4d50b7,1,R_R,full_fusion,svm_rbf,3840,peak,11842,3966,3990,27.549379628151655,5.51400427473709,3.789866089820862,0.0009498411252683865,False,0.5887218045112782,0.5892767000793251,0.6093935790725327,0.5102040816326531,0.668349318525997,0.5554050392847467,0.5863991855318581,0.18078793033066348,0.17834824605016497,0.6455017288431237,1324,657,984,1025,3990
25325c918fcdb300,2,R_R,full_fusion,svm_rbf,3840,peak,11862,3970,3966,27.88773002102971,5.427863270044327,3.8885255260393023,0.0009804653368732483,False,0.5902672718103883,0.5906032946375166,0.6085156712004731,0.516566265060241,0.6646403242147924,0.5587836003258213,0.588170336289058,0.18320179432222813,0.18108183730431926,0.6385053893385089,1312,662,963,1029,3966
dee3c5f4709ee8c8,3,R_R,full_fusion,svm_rbf,3840,peak,11959,3869,3970,28.54432078730315,5.717560771852732,3.916237263008952,0.0009864577488687537,False,0.6075566750629723,0.6076030903305727,0.6032528339083292,0.6191198786039454,0.5960863020572001,0.6110833749375936,0.6075244022628995,0.2152573219191471,0.21518346171131786,0.6560077113600181,1188,805,753,1224,3970
51ea89cd1fa212f6,4,R_R,full_fusion,svm_rbf,3840,peak,11926,4003,3869,30.51826828578487,5.596282276790589,3.943894726689905,0.0010193576445308619,False,0.5673300594468855,0.5692916160655224,0.5943627450980392,0.48940464177598386,0.649178590355061,0.5368013281682347,0.5654423711646217,0.14026696235028496,0.13796993551983294,0.609569725836717,1225,662,1012,970,3869
b44cc8bec8ede3c6,0,R_S,full_fusion,svm_rbf,3840,peak,11805,3990,4003,4.155691278167069,10.034456745255738,3.983995051123202,0.0009952523235381469,True,0.49912565575818135,0.4936422989538861,0.4563953488372093,0.07949367088607595,0.9077909270216963,0.13540319103061665,0.3914223621761137,-0.022682305602600566,-0.012854111800157497,0.5657533767757721,1841,187,1818,157,4003
31e9e34364137e87,1,R_S,full_fusion,svm_rbf,3840,peak,11842,3966,3990,4.136557612102479,5.51400427473709,3.9703878392465413,0.0009950846714903612,True,0.5010025062656641,0.5033119513426331,0.5131964809384164,0.17421602787456447,0.8324078748107017,0.2601263470828688,0.4418423378447054,0.008797741796370044,0.006593125712314962,0.5841958285142402,1649,332,1659,350,3990
48b271cf7f3fefeb,2,R_S,full_fusion,svm_rbf,3840,peak,11862,3970,3966,4.175156511832029,5.427863270044327,4.007388240657747,0.001010435764159795,True,0.5173978819969742,0.5190267147617826,0.5696428571428571,0.16014056224899598,0.8779128672745694,0.25,0.4471189591078067,0.05463811514932133,0.03792911503294205,0.5497471140895904,1733,241,1673,319,3966
08a19deef290b841,3,R_S,full_fusion,svm_rbf,3840,peak,11959,3869,3970,4.279887109063566,5.717560771852732,4.097043380141258,0.0010320008514209719,True,0.5982367758186398,0.5973216576683034,0.6765249537892791,0.37025796661608495,0.8243853487205218,0.4785877737822818,0.5759052370243103,0.218566829473304,0.1949976620906021,0.6428046975745407,1643,350,1245,732,3970
412ee88e14c333ec,4,R_S,full_fusion,svm_rbf,3840,peak,11926,4003,3869,4.13458340568468,5.596282276790589,3.9659757087938488,0.0010250647993780948,True,0.5050400620315327,0.5147684486290767,0.5831265508684863,0.11856710393541876,0.9109697933227345,0.1970649895178197,0.4196608340079291,0.04833212001675482,0.028956210510698854,0.5535301283357317,1719,168,1747,235,3869
e5e9302a3c560b97,0,S_R,full_fusion,svm_rbf,3840,peak,11805,3990,4003,4.156774049159139,5.53083069389686,3.953247947152704,0.0009875713083069458,True,0.5443417436922309,0.5403516590517564,0.5952080706179067,0.2389873417721519,0.841715976331361,0.34104046242774566,0.49640797462738945,0.10123246371389018,0.0813394239574109,0.5972733627942975,1707,321,1503,472,4003
770313f2148c677e,1,S_R,full_fusion,svm_rbf,3840,peak,11842,3966,3990,4.0985374241136014,5.416459515225142,3.9265314722433686,0.0009840931008128744,True,0.5523809523809524,0.5536288116901504,0.5866355866355867,0.3758088601294176,0.7314487632508834,0.45813106796116504,0.5384165160471922,0.11472236184757172,0.10698589977736495,0.607122064792231,1449,532,1254,755,3990
7d69cbb748197f32,2,S_R,full_fusion,svm_rbf,3840,peak,11862,3970,3966,4.0620172950439155,5.470256716944277,3.8874848149716854,0.00098020292863633,True,0.5405950579929399,0.5422197910181761,0.650709219858156,0.18423694779116465,0.9002026342451874,0.2871674491392801,0.47412687933154485,0.12088087904441844,0.08416449939924875,0.60043008915093,1777,197,1625,367,3966
cc88eaeb6ee8e490,3,S_R,full_fusion,svm_rbf,3840,peak,11959,3869,3970,4.11570869712159,5.421539714094251,3.95120384125039,0.0009952654511965718,True,0.5468513853904282,0.545604481644278,0.6177248677248677,0.23621648963075367,0.8549924736578023,0.3417489937797292,0.49812627334463705,0.1161477147898743,0.09143564015099759,0.6163735441267502,1704,289,1510,467,3970
48201fb08fa922b5,4,S_R,full_fusion,svm_rbf,3840,peak,11926,4003,3869,4.135360459797084,5.704292500857264,3.972210377920419,0.0010266762413854791,True,0.5427759110881365,0.5480438145749478,0.5960324616771867,0.33350151362260344,0.762586115527292,0.427693303138143,0.5235087991911933,0.1062147763207173,0.09503394352745853,0.588443313616935,1439,448,1321,661,3869
2d18f98d8b09350a,0,S_S,full_fusion,svm_rbf,3840,peak,11805,3990,4003,29.313225749880075,5.53083069389686,3.8092620577663183,0.0009516018130817683,False,0.5858106420184861,0.5857512545876713,0.5800909550277918,0.5812658227848101,0.5902366863905325,0.5806777946383409,0.5857485715541162,0.17149831307790295,0.17149797049287885,0.6413047711781888,1197,831,827,1148,4003
609293c79105c778,1,S_S,full_fusion,svm_rbf,3840,peak,11842,3966,3990,27.869270716328174,5.416459515225142,3.957391256932169,0.0009918273826897666,False,0.6052631578947368,0.6056218747086872,0.620958751393534,0.5545047287207566,0.6567390206966178,0.5858532737312648,0.6043941973157162,0.21231891500330144,0.21108410357536422,0.6520184661200268,1301,680,895,1114,3990
8c2d0cf3d6dff675,2,S_S,full_fusion,svm_rbf,3840,peak,11862,3970,3966,27.709159510210156,5.470256716944277,3.760618756059557,0.0009482145123700346,False,0.5804336863338376,0.5811505902027563,0.6207658321060383,0.42319277108433734,0.7391084093211753,0.5032835820895523,0.5700616950168407,0.17101580189326512,0.16206600753596945,0.6553196066942543,1459,515,1149,843,3966
d988abe5a5b4f62f,3,S_S,full_fusion,svm_rbf,3840,peak,11959,3869,3970,27.68552217166871,5.421539714094251,3.7847004090435803,0.0009533250400613553,False,0.6408060453400504,0.6406580847838451,0.6499727817093086,0.6039453717754173,0.6773707977922729,0.626114315679077,0.640250565498288,0.28209908240399273,0.28139615708493515,0.6917856909907997,1350,643,783,1194,3970
9e740605d464eeb0,4,S_S,full_fusion,svm_rbf,3840,peak,11926,4003,3869,28.239081932697445,5.704292500857264,4.006728536915034,0.0010355979676699495,False,0.578444042388214,0.5801773459813467,0.6051527860994608,0.5095862764883956,0.6507684154742979,0.5532730758696247,0.5771014266062094,0.16183778964250872,0.15971976894733464,0.6239024832394572,1228,659,972,1010,3869
ffaaab28b15c2b12,0,R_R,full_fusion,xgboost,3840,peak,11805,3990,4003,138.23703303700313,56.589393828995526,0.18167400499805808,4.538446290233777e-05,False,0.5510866849862603,0.551739070731281,0.5405282331511839,0.6010126582278481,0.502465483234714,0.5691680652121793,0.5502945932319045,0.10396110836936831,0.10332705791958008,0.5854989638728685,1019,1009,788,1187,4003
cb419d944d37ffb3,1,R_R,full_fusion,xgboost,3840,peak,11842,3966,3990,104.24391407473013,23.381692371796817,0.1529196109622717,3.83257170331508e-05,False,0.5827067669172933,0.583162869560476,0.5989643268124281,0.5181682429069189,0.6481574962140333,0.55564451561249,0.5811532287488389,0.16771912540376105,0.1661673305932816,0.6416074660494206,1284,697,968,1041,3990
0e4f41033c1e1b04,2,R_R,full_fusion,xgboost,3840,peak,11862,3970,3966,146.6205169907771,66.29031494027004,0.1170674841850996,2.9517772109203127e-05,False,0.5834594049420071,0.584020733389485,0.6137884872824632,0.4603413654618474,0.7077001013171226,0.5261044176706827,0.577267233576682,0.17339444220280448,0.16785014822096744,0.6337040156573609,1397,577,1075,917,3966
72c1298967935b30,3,R_R,full_fusion,xgboost,3840,peak,11959,3869,3970,114.32982631772757,22.456395371817052,0.1155407140031457,2.910345440885282e-05,False,0.593198992443325,0.5928726008911819,0.6089049338146811,0.5118866970156803,0.6738585047666834,0.5561967573509206,0.5903513431023377,0.18825268355400407,0.18586407445473063,0.63967944457092,1343,650,965,1012,3970
c003e0699f120260,4,R_R,full_fusion,xgboost,3840,peak,11926,4003,3869,98.19905201671645,14.409648889210075,0.09339932398870587,2.4140430082374224e-05,False,0.5613853708968726,0.5638069065682291,0.5914047466324567,0.4651866801210898,0.6624271330153683,0.5207568483479244,0.5582102087820155,0.13004881920598188,0.12693189976454256,0.6104837549605164,1250,637,1060,922,3869
22072fcbb292a8e5,0,R_S,full_fusion,xgboost,3840,peak,11805,3990,4003,0.2968859616667032,56.589393828995526,0.11960946675390005,2.9879956720934314e-05,True,0.5201099175618287,0.51420680098869,0.625,0.06835443037974684,0.9600591715976331,0.12323140118667275,0.39643943232162526,0.06287373925485948,0.02874817189994705,0.6554535240805932,1947,81,1840,135,4003
6c05103345682516,1,R_S,full_fusion,xgboost,3840,peak,11842,3966,3990,0.28672206681221724,23.381692371796817,0.11842170404270291,2.9679625073359126e-05,True,0.5050125313283208,0.5076774655393486,0.5354166666666667,0.12792434046789447,0.8874305906108026,0.20650863800723182,0.42341458125092973,0.023599668396413767,0.015272784527777028,0.585591240226653,1758,223,1752,257,3990
90f71c9b3a8c7399,2,R_S,full_fusion,xgboost,3840,peak,11862,3970,3966,0.3010428608395159,66.29031494027004,0.13033511769026518,3.286311590778244e-05,True,0.5173978819969742,0.5191777749295052,0.5911214953271028,0.12700803212851405,0.9113475177304965,0.20909090909090908,0.43092426441483045,0.06180813729722435,0.03821873945210219,0.5750166318770522,1799,175,1739,253,3966
9d6f5bcaeefa014b,3,R_S,full_fusion,xgboost,3840,peak,11959,3869,3970,0.281771426089108,22.456395371817052,0.11325093125924468,2.852668293683745e-05,True,0.5732997481108313,0.5721436256031163,0.6674556213017752,0.2852807283763278,0.8590065228299046,0.3997165131112686,0.5343639228315233,0.17625099544221337,0.14461964256869242,0.6624780053403909,1712,281,1413,564,3970
85bc005371a5da0a,4,R_S,full_fusion,xgboost,3840,peak,11926,4003,3869,0.27980949403718114,14.409648889210075,0.11369424592703581,2.938595138977405e-05,True,0.5179632980098217,0.5254007049133778,0.5764705882352941,0.22250252270433904,0.8282988871224165,0.32107753913360026,0.4737024642171708,0.06375613274026688,0.050028154150192905,0.5771926137569873,1563,324,1541,441,3869
331ad74c03e85083,0,S_R,full_fusion,xgboost,3840,peak,11805,3990,4003,0.302305213175714,14.380455209873617,0.1269099237397313,3.1703703157564656e-05,True,0.5400949288033975,0.5352472973310364,0.6254681647940075,0.1691139240506329,0.9013806706114399,0.26624153049023513,0.46566578980396783,0.10365746043527457,0.07117315902355692,0.5606646193793224,1828,200,1641,334,4003
0ee9d8345795150f,1,S_R,full_fusion,xgboost,3840,peak,11842,3966,3990,0.29298754082992673,52.21273060422391,0.12140307715162635,3.042683637885372e-05,True,0.5568922305764411,0.55770411241287,0.5785016286644951,0.4420109507217521,0.6733972741039879,0.5011286681715575,0.5512857046899267,0.11860118516653137,0.11521611252074204,0.60738815662683,1334,647,1121,888,3990
7da5b7eca459f6eb,2,S_R,full_fusion,xgboost,3840,peak,11862,3970,3966,0.31891489401459694,22.922067816834897,0.09845471475273371,2.4824688540780057e-05,True,0.5153807362581947,0.5171857643339315,0.5862068965517241,0.11947791164658635,0.9148936170212766,0.19849874895746455,0.42559559782531703,0.056692952247663714,0.0342472105536018,0.564094142527557,1806,168,1754,238,3966
43fdb223ec20407a,3,S_R,full_fusion,xgboost,3840,peak,11959,3869,3970,0.28221375588327646,21.465976492036134,0.11063158186152577,2.7866897194338985e-05,True,0.5216624685138539,0.5200253238382899,0.6048387096774194,0.11380880121396054,0.9262418464626192,0.19157088122605365,0.4259589337269599,0.06871704542700723,0.040181589434629794,0.5938960362279613,1846,147,1752,225,3970
0d0c88dc2e207429,4,S_R,full_fusion,xgboost,3840,peak,11926,4003,3869,59.43014016607776,8.217580258846283,0.08826687512919307,2.2813873127214545e-05,False,0.5089170328250194,0.5154282019896076,0.545054945054945,0.25025227043390513,0.78060413354531,0.343015214384509,0.47546963773290657,0.03636552888881739,0.030441941527119654,0.5637905965560741,1473,414,1486,496,3869
bd69270f8af1bba5,0,S_S,full_fusion,xgboost,3840,peak,11805,3990,4003,96.28409840818495,14.380455209873617,0.10982468398287892,2.7435594299994735e-05,False,0.5963027729203098,0.5960798192395076,0.5930533955417314,0.579240506329114,0.6129191321499013,0.5860655737704918,0.5960557025361479,0.19226897385144287,0.19221813944323307,0.6342996779267469,1243,785,831,1144,4003
83e4210a350a9ba3,1,S_S,full_fusion,xgboost,3840,peak,11842,3966,3990,133.15010591596365,52.21273060422391,0.14672370813786983,3.677285918242352e-05,False,0.6052631578947368,0.6057801729672305,0.6273474178403756,0.532105525136884,0.679454820797577,0.5758147050902236,0.603351458474336,0.21384227514365867,0.21133360390893896,0.6553713739962195,1346,635,940,1069,3990
493d1d45e42899bc,2,S_S,full_fusion,xgboost,3840,peak,11862,3970,3966,104.14447590196505,22.922067816834897,0.12199802696704865,3.0760975029513024e-05,False,0.5980837115481593,0.5984919922852504,0.6222358722358723,0.5085341365461847,0.6884498480243161,0.5596685082872929,0.595001230024908,0.20021642642868645,0.19682000994032745,0.6580831939714278,1359,615,979,1013,3966
e8179684594d46a3,3,S_S,full_fusion,xgboost,3840,peak,11959,3869,3970,101.34450199408457,21.465976492036134,0.12375934422016144,3.117363834260993e-05,False,0.6198992443324937,0.6196930785315625,0.6314606741573033,0.5685381891755185,0.6708479678876066,0.5983497471386745,0.6188019354866214,0.24067110854994092,0.239481945927281,0.6804016384102071,1337,656,853,1124,3970
6c52908db26b8e63,4,S_S,full_fusion,xgboost,3840,peak,11926,4003,3869,90.37210358539596,13.45614297222346,0.1029314361512661,2.6604144779339906e-05,False,0.5833548720599638,0.5850339863220495,0.6102502979737783,0.5166498486377397,0.6534181240063593,0.5595628415300546,0.5821355159097061,0.17153120665176386,0.1694138779493478,0.6370277649882328,1233,654,958,1024,3869
9031d618a14352dd,0,R_R,full_fusion_v2,mlp,3072,peak,11805,3990,4003,8.497706239111722,2.594825115054846,0.08781730802729726,2.1937873601623096e-05,False,0.5520859355483387,0.553214865303473,0.5388888888888889,0.6384810126582279,0.46794871794871795,0.5844727694090383,0.5493482785002384,0.10797580109949932,0.10617332995431483,0.5896292412553367,949,1079,714,1261,4003
35787324b4fc147e,1,R_R,full_fusion_v2,mlp,3072,peak,11842,3966,3990,8.875918374862522,3.5808936120010912,0.08876321697607636,2.2246420294755982e-05,False,0.5691729323308271,0.569811290887121,0.5887392900856793,0.47884519661523145,0.6607773851590106,0.5281361515234697,0.5658896113854379,0.141962683877073,0.13943864099055503,0.6149786837575183,1309,672,1047,962,3990
c7e4e6db28ab2e66,2,R_R,full_fusion_v2,mlp,3072,peak,11862,3970,3966,8.995842092204839,2.300117236096412,0.08582237409427762,2.163952952452789e-05,False,0.5814422592032275,0.5818318868177879,0.6009732360097324,0.4959839357429719,0.6676798378926039,0.5434543454345434,0.5785241932014431,0.1661073261884101,0.16353351934013338,0.6266008817437939,1318,656,1004,988,3966
7de69c65dc4a7720,3,R_R,full_fusion_v2,mlp,3072,peak,11959,3869,3970,9.128154932986945,3.880976487416774,0.08761998498812318,2.2070525185925233e-05,False,0.5662468513853904,0.5662154414502352,0.565284178187404,0.5584218512898331,0.5740090316106372,0.5618320610687023,0.5662028135767452,0.13244701890149893,0.13243733643589584,0.6017940637451109,1144,849,873,1104,3970
2401941c6f7f9e57,4,R_R,full_fusion_v2,mlp,3072,peak,11926,4003,3869,8.012476443313062,2.4778846972621977,0.08489183383062482,2.194154402445718e-05,False,0.5435513052468338,0.5459938332111419,0.5694980694980695,0.446518668012109,0.6454689984101749,0.5005656108597285,0.540144775920107,0.09379212420991191,0.09149034508361431,0.5790353777532503,1218,669,1097,885,3869
34c153b339e93f22,0,R_S,full_fusion_v2,mlp,3072,peak,11805,3990,4003,0.262753170914948,2.594825115054846,0.08771830191835761,2.191314062412131e-05,True,0.5393454908818386,0.5343951763912815,0.6302186878727635,0.16050632911392404,0.908284023668639,0.25585149313962874,0.46113848173623984,0.10375930337326776,0.06946689754561686,0.5892914388435323,1842,186,1658,317,4003
fc2d90dbca82dfba,1,R_S,full_fusion_v2,mlp,3072,peak,11842,3966,3990,0.25449828896671534,3.5808936120010912,0.08702226402238011,2.1810091233679228e-05,True,0.5471177944862156,0.5465555178375754,0.5436096718480138,0.6266799402687905,0.4664310954063604,0.5821965317919076,0.5439026434609333,0.09433793359961078,0.09321169926734318,0.5764813010810264,924,1057,750,1259,3990
ee8f786b921951f6,2,R_S,full_fusion_v2,mlp,3072,peak,11862,3970,3966,0.25189192686229944,2.300117236096412,0.08512584585696459,2.1463904653798434e-05,True,0.5282400403429148,0.5299801027819484,0.6306695464362851,0.1465863453815261,0.9133738601823708,0.23788187372708758,0.4481357515431129,0.09336213834452928,0.05975110296102171,0.6180341935116352,1803,171,1700,292,3966
b5cc707956c1f538,3,R_S,full_fusion_v2,mlp,3072,peak,11959,3869,3970,0.2536233691498637,3.880976487416774,0.0861134510487318,2.169104560421456e-05,True,0.5780856423173804,0.5778706758429415,0.585214446952596,0.5245321193727871,0.6312092323130958,0.5532141904507869,0.5767741198018668,0.15664452525002245,0.15580620237901488,0.6104357156979119,1258,735,940,1037,3970
82bf1785d5493254,4,R_S,full_fusion_v2,mlp,3072,peak,11926,4003,3869,0.2474653096869588,2.4778846972621977,0.08413326600566506,2.174548100430733e-05,True,0.540966658051176,0.5456556009918626,0.5858333333333333,0.3546922300706357,0.7366189719130896,0.4418604651162791,0.5260224186863222,0.0986726802076597,0.09041324226360459,0.5847625984148808,1390,497,1279,703,3869
a1c9ab72c706bd8b,0,S_R,full_fusion_v2,mlp,3072,peak,11805,3990,4003,0.26218142826110125,3.5732082901522517,0.08824547892436385,2.2044836104012954e-05,True,0.5211091681239071,0.5191627343769505,0.5205382436260623,0.3721518987341772,0.6661735700197239,0.43401240035429584,0.5094937515952038,0.04010088393835749,0.03846876256537435,0.5621185678975358,1351,677,1240,735,4003
2211c0d9df7eb249,1,S_R,full_fusion_v2,mlp,3072,peak,11842,3966,3990,0.25205588713288307,3.6558637991547585,0.08725170604884624,2.1867595500963972e-05,True,0.5090225563909775,0.5121027813004027,0.6024590163934426,0.07317073170731707,0.9510348308934882,0.13049267643142476,0.3942143843131456,0.05050897876957306,0.024056202224525647,0.5872714631709051,1884,97,1862,147,3990
754d42a92aa4dd90,2,S_R,full_fusion_v2,mlp,3072,peak,11862,3970,3966,0.2599012777209282,2.2918767840601504,0.09036457119509578,2.2784813715354457e-05,True,0.5302571860816944,0.5316814369941774,0.5872801082543978,0.2178714859437751,0.8454913880445796,0.3178322958623215,0.47981597488751526,0.08136383434068904,0.06318167813494924,0.5978112042903122,1669,305,1558,434,3966
c1ea7ff5f2247047,3,S_R,full_fusion_v2,mlp,3072,peak,11959,3869,3970,0.26301395893096924,2.9666655152104795,0.09167862823233008,2.309285345902521e-05,True,0.518639798488665,0.5172381280866442,0.554635761589404,0.16944865958523014,0.8650275965880582,0.2595893064703603,0.45149646327436654,0.04799561466499195,0.034572634421915716,0.6029003637161019,1724,269,1642,335,3970
61cad01f6c928969,4,S_R,full_fusion_v2,mlp,3072,peak,11926,4003,3869,0.24926158599555492,3.0754448380321264,0.08487736387178302,2.1937804050603e-05,True,0.5482036701990178,0.5534557974606648,0.6052158273381295,0.33955600403632696,0.7673555908850026,0.4350355526826115,0.5293179486065943,0.11808420415135526,0.10574319973321766,0.5837032497565531,1448,439,1309,673,3869
c86128712c15bf27,0,S_S,full_fusion_v2,mlp,3072,peak,11805,3990,4003,10.080377211328596,3.5732082901522517,0.087819071020931,2.1938314019717963e-05,False,0.5395953035223582,0.5388694979152623,0.5370786516853933,0.4840506329113924,0.5936883629191322,0.5091877496671106,0.5378213507215817,0.07821259928221057,0.07783942156916057,0.5785811300027464,1204,824,1019,956,4003
c191fdaeab6a1277,1,S_S,full_fusion_v2,mlp,3072,peak,11842,3966,3990,9.845673465169966,3.6558637991547585,0.08670396404340863,2.1730316802859306e-05,False,0.5852130325814536,0.5855848329161881,0.5991041433370661,0.5326032852165257,0.6385663806158506,0.5638998682476943,0.5842199460712785,0.17211252918709896,0.17103549604300938,0.644128302999953,1265,716,939,1070,3990
b462f0a413b2f3a2,2,S_S,full_fusion_v2,mlp,3072,peak,11862,3970,3966,7.981179650872946,2.2918767840601504,0.08627958409488201,2.1754811925083714e-05,False,0.5746343923348461,0.5753042565398372,0.6090064331665476,0.42771084337349397,0.7228976697061803,0.5025066352108523,0.5655012806091698,0.1575962831106403,0.15040437633093717,0.6291411847999901,1427,547,1140,852,3966
6ab82570cc9ecd44,3,S_S,full_fusion_v2,mlp,3072,peak,11959,3869,3970,10.915527387987822,2.9666655152104795,0.08627669746056199,2.1732165607194456e-05,False,0.5919395465994962,0.5916263320204428,0.6065671641791045,0.5139099645928173,0.6693426994480682,0.556407447973713,0.5893044702555132,0.18552760160931622,0.18336509855259797,0.6550970886722649,1334,659,961,1016,3970
532bd5b7dc095fed,4,S_S,full_fusion_v2,mlp,3072,peak,11926,4003,3869,7.85299375327304,3.0754448380321264,0.08620084961876273,2.227987842304542e-05,False,0.5603515120186094,0.5612864749357893,0.5783602900167317,0.5232088799192735,0.5993640699523053,0.5494039735099338,0.5600918429245354,0.12286511567050068,0.12227943285850162,0.6074099861124257,1131,756,945,1037,3869
5a532573e908c5fb,0,R_R,full_fusion_v2,random_forest,3072,peak,11805,3990,4003,231.8475890797563,67.19958241516724,5.723556495737284,0.0014298167613632986,False,0.5470896827379466,0.5480192494944199,0.5355263157894737,0.6182278481012659,0.47781065088757396,0.5739130434782609,0.5452876334426762,0.09697344556808458,0.09584508827653482,0.5677939230519562,969,1059,754,1221,4003
56ff5c2e0241fd1a,1,R_R,full_fusion_v2,random_forest,3072,peak,11842,3966,3990,253.53612665180117,85.38185577606782,5.813982406165451,0.001457138447660514,False,0.5784461152882205,0.5793856972246798,0.6117566643882434,0.44549527127924343,0.7132761231701161,0.5155529953917051,0.571219266107565,0.16473264862782389,0.15846702911844157,0.6335304858575582,1413,568,1114,895,3990
71658a92422d3ab6_retry_20260818T195655_1608624,2,R_R,full_fusion_v2,random_forest,3072,peak,11862,3970,3966,227.16065209032968,63.04927790584043,4.015219231136143,0.0010124102952940351,False,0.5804336863338376,0.5810063964062939,0.610512129380054,0.45481927710843373,0.707193515704154,0.5212888377445339,0.5739298766819618,0.1673977863774985,0.16182463841007122,0.6151468843967562,1396,578,1086,906,3966
156575d6c6ba0359_retry_20260818T195655_1608626,3,R_R,full_fusion_v2,random_forest,3072,peak,11959,3869,3970,254.8818244128488,89.79346940107644,3.953944438137114,0.0009959557778682906,False,0.583375314861461,0.5830315055653817,0.5981762917933131,0.4977238239757208,0.6683391871550427,0.5433462175593595,0.5801492551437373,0.16855260257680793,0.16617502707933074,0.6165825457386132,1332,661,993,984,3970
fbc6bad4b8751fab,4,R_R,full_fusion_v2,random_forest,3072,peak,11926,4003,3869,182.29098762385547,54.283590647857636,4.554265677928925,0.001177117001273953,False,0.5595761178599121,0.562358524013418,0.59254327563249,0.44904137235116043,0.6756756756756757,0.5109070034443168,0.5551714142750498,0.12791736440830628,0.12396135465981228,0.6114290672223835,1275,612,1092,890,3869
90c63ecf404c2d67,0,R_S,full_fusion_v2,random_forest,3072,peak,11805,3990,4003,4.017240583896637,67.19958241516724,3.830896249972284,0.0009570063077622493,True,0.5398451161628779,0.5353580256160587,0.6034214618973561,0.19645569620253164,0.8742603550295858,0.29640947288006114,0.4772693244133045,0.09628539179547747,0.0713448003300754,0.612440141812099,1773,255,1587,388,4003
828e973aca5f357a,1,R_S,full_fusion_v2,random_forest,3072,peak,11842,3966,3990,4.012417629826814,85.38185577606782,3.8436244749464095,0.0009633144047484735,True,0.5330827067669173,0.5349821562685231,0.5796943231441049,0.2643106022896964,0.8056537102473498,0.3630769230769231,0.4972654645058206,0.08317812166731689,0.06969633786726892,0.5860044489348664,1596,385,1478,531,3990
30598fc0faf10ec9,2,R_S,full_fusion_v2,random_forest,3072,peak,11862,3970,3966,4.011340977158397,63.04927790584043,3.8378152828663588,0.0009676790930071504,True,0.5247100353000504,0.5261341719461432,0.5723951285520974,0.21234939759036145,0.839918946301925,0.3097766385939216,0.47367316836444784,0.0671174239112918,0.05211887454878117,0.5881156337609811,1658,316,1569,423,3966
779f780fc3a0d31e,3,R_S,full_fusion_v2,random_forest,3072,peak,11959,3869,3970,4.042412321083248,89.79346940107644,3.873900257050991,0.0009757935156299726,True,0.5664987405541562,0.5655891980048531,0.6176470588235294,0.33990895295902884,0.7912694430506774,0.43849918433931484,0.5427367716568369,0.1470475741501513,0.13141560148373443,0.6360430449415646,1577,416,1305,672,3970
e16b0a6bafaa713c,4,R_S,full_fusion_v2,random_forest,3072,peak,11926,4003,3869,3.9701882991939783,54.283590647857636,3.804362699855119,0.0009832935383445641,True,0.5285603515120186,0.537674256437241,0.6573705179282868,0.16649848637739656,0.9088500264970854,0.26570048309178745,0.4592682088089314,0.11208281854639603,0.0739583459087838,0.6212137376291231,1715,172,1652,330,3869
ca787d4ac9cc1128,0,S_R,full_fusion_v2,random_forest,3072,peak,11805,3990,4003,3.909080320969224,79.642266868148,3.736809944268316,0.0009335023592976058,True,0.5338496127904072,0.5309295183881357,0.5487914055505819,0.31037974683544306,0.7514792899408284,0.3965071151358344,0.5083878677022273,0.06895185089734021,0.06221219852642634,0.5791179187576461,1524,504,1362,613,4003
51af5d9480bee96b,1,S_R,full_fusion_v2,random_forest,3072,peak,11842,3966,3990,4.061391497030854,86.25689490931109,3.8956214813515544,0.0009763462359277078,True,0.537844611528822,0.5396123803309136,0.5832492431886983,0.28770532603285215,0.7915194346289752,0.38533333333333336,0.5075261044176707,0.09167862305285387,0.07894206451997332,0.5857016721070176,1568,413,1431,578,3990
b25a02c1dc2b85db,2,S_R,full_fusion_v2,random_forest,3072,peak,11862,3970,3966,4.000750384293497,49.567140698898584,3.833099190145731,0.0009664899622152625,True,0.5153807362581947,0.5170278377949488,0.5643382352941176,0.15411646586345382,0.8799392097264438,0.2421135646687697,0.4429618972343107,0.04949579324983213,0.03394318216382264,0.5597346325524997,1737,237,1685,307,3966
59072239a5e63922,3,S_R,full_fusion_v2,random_forest,3072,peak,11959,3869,3970,3.9794668131507933,87.55674210377038,3.814651240129024,0.0009608693300073108,True,0.5292191435768262,0.5277222174423837,0.6058823529411764,0.15629742033383914,0.8991470145509283,0.24849215922798554,0.45287252377317117,0.08284986552878637,0.05561007273907481,0.602814199724326,1792,201,1668,309,3970
67be9174c4f64d96,4,S_R,full_fusion_v2,random_forest,3072,peak,11926,4003,3869,4.32374176941812,61.85644812695682,4.155004907865077,0.0010739221783057837,True,0.5169294391315585,0.5237312013741051,0.5653179190751445,0.2467204843592331,0.8007419183889772,0.34351949420442573,0.4806945252661875,0.05694157526139323,0.04679850196073576,0.5961765320850023,1511,376,1493,489,3869
1183ed722a6f3fd1,0,S_S,full_fusion_v2,random_forest,3072,peak,11805,3990,4003,208.0502170859836,79.642266868148,3.991567322984338,0.0009971439727665095,False,0.5848113914564077,0.5849172346640701,0.5771315919172005,0.5929113924050633,0.5769230769230769,0.5849150849150849,0.5848113655459982,0.16983561420543766,0.16977381311597917,0.6293683369535366,1170,858,804,1171,4003
b1469f7d67306ac5,1,S_S,full_fusion_v2,random_forest,3072,peak,11842,3966,3990,220.3331235232763,86.25689490931109,3.973605088889599,0.000995890999721704,False,0.5604010025062657,0.5612447167956212,0.5840474620962426,0.4410154305624689,0.6814740030287734,0.5025524673851389,0.5543745722646395,0.12616125019293414,0.12227780401769173,0.625216812079112,1350,631,1123,886,3990
0ac2a04a645b0d8d,2,S_S,full_fusion_v2,random_forest,3072,peak,11862,3970,3966,190.1625375058502,49.567140698898584,3.7456962186843157,0.0009444518957852536,False,0.5887544125063036,0.5892826625651542,0.618516086671044,0.47289156626506024,0.7056737588652482,0.5359886201991465,0.5833667348222357,0.18357083565597684,0.17837385102081105,0.6378482521779112,1393,581,1050,942,3966
ac4ae041e10aa9a7,3,S_S,full_fusion_v2,random_forest,3072,peak,11959,3869,3970,213.21695230575278,87.55674210377038,3.8756416528485715,0.0009762321543699173,False,0.6161209068010075,0.6159826971537457,0.6226312939902545,0.5816894284269094,0.650275965880582,0.6014644351464435,0.6156010222379449,0.2325261167469417,0.2320266374147938,0.6605634896645087,1296,697,827,1150,3970
5a43fcfca80d1a9a,4,S_S,full_fusion_v2,random_forest,3072,peak,11926,4003,3869,188.14447749499232,61.85644812695682,3.8624619827605784,0.0009983101532076966,False,0.6079090204187129,0.6088345720921253,0.6292384658143413,0.5711402623612513,0.6465288818229995,0.5987833906373975,0.607706074899189,0.2181392876062472,0.2171644157022392,0.6579127355526714,1220,667,850,1132,3869
097f1f6e4345200f,0,R_R,full_fusion_v2,svm_rbf,3072,peak,11805,3990,4003,29.369377135299146,6.598661106079817,3.8323713401332498,0.0009573748039303646,False,0.550587059705221,0.5506108156692382,0.5438683948155534,0.5524050632911393,0.5488165680473372,0.5481034915850289,0.5505734849229492,0.10121301471326863,0.10120087471136363,0.5783304621376677,1113,915,884,1091,4003
c50411cbc239a54a,1,R_R,full_fusion_v2,svm_rbf,3072,peak,11842,3966,3990,28.63545367727056,5.798462120816112,3.9090785211883485,0.0009797189276161274,False,0.5877192982456141,0.5882389670510969,0.6069330199764983,0.514186162269786,0.6622917718324078,0.556723255187281,0.5856935554455964,0.1784082073204194,0.17628755308251975,0.6355466528838299,1312,669,976,1033,3990
5e191149c88454ac,2,R_R,full_fusion_v2,svm_rbf,3072,peak,11862,3970,3966,27.608923770021647,5.689375352114439,3.793558184057474,0.0009565199657230141,False,0.5844679778113969,0.5847935816213181,0.6011764705882353,0.5130522088353414,0.6565349544072948,0.5536294691224268,0.582475111919704,0.1713392270497189,0.16947389929338852,0.6357116663208049,1296,678,970,1022,3966
d42251ad7c010057,3,R_R,full_fusion_v2,svm_rbf,3072,peak,11959,3869,3970,28.44909362308681,5.762615090236068,3.94912381330505,0.0009947415146864106,False,0.5962216624685138,0.5964475817104935,0.5847688123300091,0.6525037936267072,0.5403913697942799,0.616782213722209,0.5950559990623289,0.19410033189923598,0.19280551741213137,0.6430483424408292,1077,916,687,1290,3970
a79d79692963e18d,4,R_R,full_fusion_v2,svm_rbf,3072,peak,11926,4003,3869,27.942837876733392,5.568297087680548,4.013120887801051,0.00103725016484907,False,0.5456190230033601,0.5473261740401291,0.567065868263473,0.47780020181634714,0.6168521462639109,0.5186199342825849,0.54418515069489,0.09552088049615597,0.09427876556585169,0.5991831892437341,1164,723,1035,947,3869
4d41d95d6f30e8e6,0,R_S,full_fusion_v2,svm_rbf,3072,peak,11805,3990,4003,3.8891191696748137,6.598661106079817,3.726102582644671,0.0009308275250174047,True,0.49887584311766175,0.49335605322947096,0.45345345345345345,0.07645569620253165,0.9102564102564102,0.13084922010398614,0.389397934025317,-0.02405572866045906,-0.013433836801423071,0.5493377524779667,1846,182,1824,151,4003
b66ab150bf00ad3f,1,R_S,full_fusion_v2,svm_rbf,3072,peak,11842,3966,3990,3.9510373673401773,5.798462120816112,3.7937082210555673,0.0009508040654274605,True,0.5080200501253133,0.510586635757466,0.542910447761194,0.1448481831757093,0.8763250883392226,0.2286836935166994,0.43375307030940763,0.031043923989101774,0.021064125019904067,0.5800118547806954,1736,245,1718,291,3990
0ba4e58fa5adb40f,2,R_S,full_fusion_v2,svm_rbf,3072,peak,11862,3970,3966,3.8846734990365803,5.689375352114439,3.7286496916785836,0.000940153729621428,True,0.5211800302571861,0.5230343867872707,0.628099173553719,0.1144578313253012,0.9316109422492401,0.19363057324840766,0.4265624625252259,0.07988025607136312,0.04589764697029464,0.5739735792206313,1839,135,1764,228,3966
c645b76fc750f029,3,R_S,full_fusion_v2,svm_rbf,3072,peak,11959,3869,3970,3.946199383120984,5.762615090236068,3.789772229269147,0.0009546025766421025,True,0.5866498740554156,0.5855761985360497,0.6814254859611231,0.3191704602933738,0.8519819367787256,0.43472270065449536,0.554466770220041,0.20235416726185362,0.17151840413169384,0.6420968584786256,1698,295,1346,631,3970
95e5167406b6b527,4,R_S,full_fusion_v2,svm_rbf,3072,peak,11926,4003,3869,3.9231450953520834,5.568297087680548,3.761284733656794,0.0009721594038916499,True,0.5052985267510984,0.5146651073225538,0.5739130434782609,0.13319878910191726,0.8961314255431903,0.21621621621621623,0.42740569118967914,0.04529607800839568,0.02877401189666473,0.583534534712786,1691,196,1718,264,3869
4d4e83c2cf8d6772,0,S_R,full_fusion_v2,svm_rbf,3072,peak,11805,3990,4003,3.9529511048458517,5.7640354237519205,3.788283767644316,0.0009463611710328044,True,0.548088933300025,0.545432676703368,0.5693979933110368,0.3448101265822785,0.7460552268244576,0.4295175023651845,0.5276853282249914,0.09924966492320796,0.09133610387746094,0.594193818190897,1513,515,1294,681,4003
7e9db6cbdee8deac,1,S_R,full_fusion_v2,svm_rbf,3072,peak,11842,3966,3990,3.9482589550316334,5.864750332199037,3.764314776752144,0.0009434372874065524,True,0.5533834586466165,0.5549022332366542,0.6001765225066196,0.3384768541562967,0.7713276123170116,0.4328453214513049,0.5322556495640154,0.1217536913547645,0.10946713916734918,0.6011535922774571,1528,453,1329,680,3990
5f84f83b84b0f8ad,2,S_R,full_fusion_v2,svm_rbf,3072,peak,11862,3970,3966,3.8565553491935134,5.749863042961806,3.6956748510710895,0.000931839347219135,True,0.5479072112960162,0.5492677396516156,0.6251572327044025,0.24949799196787148,0.8490374873353597,0.3566559024040187,0.5040811096082289,0.123063479257525,0.09826626098375835,0.6111326003100548,1676,298,1495,497,3966
39d720830e4d4b1b,3,S_R,full_fusion_v2,svm_rbf,3072,peak,11959,3869,3970,3.8509755139239132,5.5450350837782025,3.6950973607599735,0.0009307550027103208,True,0.5433249370277078,0.5420393988976593,0.6142061281337048,0.22306525037936267,0.8610135474159558,0.32727272727272727,0.4908050957621978,0.10922095930894132,0.08429427425180436,0.6295825221355168,1716,277,1536,441,3970
22b0318142fce26f,4,S_R,full_fusion_v2,svm_rbf,3072,peak,11926,4003,3869,3.939375552814454,5.6015625349245965,3.7861751848831773,0.000978592707387743,True,0.5544068234685965,0.5595356887129903,0.6139575971731449,0.35065590312815337,0.7684154742978272,0.4463712267180475,0.5367669282379165,0.13082313151426245,0.11779968781155681,0.6055573291579703,1450,437,1287,695,3869
23c3b0a3e47ce84a,0,S_S,full_fusion_v2,svm_rbf,3072,peak,11805,3990,4003,28.145280613098294,5.7640354237519205,4.062098992057145,0.0010147636752578428,False,0.5958031476392706,0.5961557186727586,0.5848787446504993,0.6227848101265823,0.5695266272189349,0.6032368808239333,0.5956612102694006,0.19254232082309133,0.19214871085132001,0.6384620377999152,1155,873,745,1230,4003
5e05e1192e34d478,1,S_S,full_fusion_v2,svm_rbf,3072,peak,11842,3966,3990,28.164823049213737,5.864750332199037,3.742294767871499,0.0009379184881883456,False,0.5869674185463659,0.5873445818903275,0.6012338754907459,0.5335988053758088,0.6410903584048461,0.5654008438818565,0.5859477953888748,0.17567959997805344,0.17455039464041244,0.6339163064543728,1270,711,937,1072,3990
7b61bb50909bdb1c,2,S_S,full_fusion_v2,svm_rbf,3072,peak,11862,3970,3966,28.421241973992437,5.749863042961806,3.8016571369953454,0.0009585620617739146,False,0.5897629853756934,0.5903210104857118,0.6219104876419506,0.46736947791164657,0.713272543059777,0.533677271424477,0.5837416291851172,0.18632261870674463,0.1804375939723567,0.6453918510923126,1408,566,1061,931,3966
444b4472d2c41ff6,3,S_S,full_fusion_v2,svm_rbf,3072,peak,11959,3869,3970,27.27242851583287,5.5450350837782025,3.774531656410545,0.0009507636414132355,False,0.6294710327455919,0.6293401462529069,0.6364617044228694,0.5968639352554376,0.6618163572503764,0.6160271469590185,0.6290162505298864,0.25924335352987815,0.25874491042164394,0.6921860553413934,1319,674,797,1180,3970
7f3a3b338993e90e,4,S_S,full_fusion_v2,svm_rbf,3072,peak,11926,4003,3869,27.284340534824878,5.6015625349245965,3.8041163431480527,0.0009832298638273592,False,0.5846471956577927,0.5860032288476522,0.6084441873915558,0.5307769929364279,0.6412294647588765,0.5669630827270278,0.5839533566105961,0.17293310685208135,0.17145553572492278,0.6357102635965342,1210,677,930,1052,3869
4469104bf9fb86f3,0,R_R,full_fusion_v2,xgboost,3072,peak,11805,3990,4003,77.40429010009393,16.99747319892049,0.08035557577386498,2.007383856454284e-05,False,0.550587059705221,0.5515701695253789,0.5383275261324042,0.6258227848101265,0.47731755424063116,0.5787871692811988,0.5485635980274802,0.10426615959901116,0.10292175270531845,0.5812542131675531,968,1060,739,1236,4003
07c3273f84850be5,1,R_R,full_fusion_v2,xgboost,3072,peak,11842,3966,3990,86.13669756799936,11.002409990876913,0.08512690290808678,2.1335063385485406e-05,False,0.5674185463659148,0.5682344643450761,0.5923026744944553,0.45196615231458437,0.6845027763755679,0.51270468661773,0.5618953807131012,0.14027889387669426,0.13624080112519954,0.6262917326347438,1356,625,1101,908,3990
3ddd938ce0fb3d15,2,R_R,full_fusion_v2,xgboost,3072,peak,11862,3970,3966,121.46058731572703,61.920522172003984,0.11576658207923174,2.9189758466775525e-05,False,0.5814422592032275,0.5818639298836684,0.6027227722772277,0.48895582329317266,0.6747720364741642,0.5399113082039911,0.5780037577097661,0.16660430401214094,0.1635870791484484,0.620402582976282,1332,642,1018,974,3966
f254fbdac2dbf5a1,3,R_R,full_fusion_v2,xgboost,3072,peak,11959,3869,3970,129.7348765898496,54.35085121821612,0.08604471106082201,2.1673730745798996e-05,False,0.5695214105793451,0.5691601180763933,0.5823095823095823,0.4795144157814871,0.6588058203712995,0.5259361997226075,0.5658516062050177,0.14061189464753293,0.13841831944123095,0.6121867862759923,1313,680,1029,948,3970
2c6d4adb235db316,4,R_R,full_fusion_v2,xgboost,3072,peak,11926,4003,3869,119.32482420094311,48.46557989297435,0.1058122799731791,2.7348741269883457e-05,False,0.5611269061773068,0.564278560034481,0.5983379501385041,0.43592330978809285,0.6926338102808691,0.5043782837127846,0.5552967485354275,0.13286005928260228,0.1276846729688237,0.6031029397058958,1307,580,1118,864,3869
5c0bcc730579120d,0,R_S,full_fusion_v2,xgboost,3072,peak,11805,3990,4003,0.2614390109665692,16.99747319892049,0.09305763011798263,2.3246972300270455e-05,True,0.5228578566075444,0.5174547474596161,0.5885558583106267,0.10936708860759493,0.9255424063116371,0.18445772843723313,0.4236201071564697,0.06048060422274013,0.03528488742994651,0.5867690310338801,1877,151,1759,216,4003
b45d173bb9781124,1,R_S,full_fusion_v2,xgboost,3072,peak,11842,3966,3990,0.25463009625673294,11.002409990876913,0.09417696669697762,2.3603249798741256e-05,True,0.5100250626566416,0.5116876880891114,0.5257142857142857,0.2747635639621702,0.7486118122160526,0.3609022556390977,0.48181263970737653,0.026541318894060938,0.023296784202361143,0.576003642367549,1483,498,1457,552,3990
d4409e5058510fc7,2,R_S,full_fusion_v2,xgboost,3072,peak,11862,3970,3966,0.25998362712562084,61.920522172003984,0.09829965885728598,2.4785592248433175e-05,True,0.5315179021684316,0.533199667972803,0.6303501945525292,0.16265060240963855,0.9037487335359676,0.25857940941739826,0.4580770250183195,0.09884734850652116,0.06617547541382485,0.5691972550790803,1784,190,1668,324,3966
03716bfb9dc37de7,3,R_S,full_fusion_v2,xgboost,3072,peak,11959,3869,3970,0.26016372023150325,54.35085121821612,0.09831481706351042,2.4764437547483734e-05,True,0.5629722921914357,0.5619936596499483,0.6186274509803922,0.3191704602933738,0.8048168590065228,0.42108775442108776,0.5350431691385228,0.14188064706584907,0.1242287040957355,0.6465762439656654,1604,389,1346,631,3970
80c9e99206d5ce20,4,R_S,full_fusion_v2,xgboost,3072,peak,11926,4003,3869,0.262921592220664,48.46557989297435,0.10322777321562171,2.6680737455575527e-05,True,0.5239079865598346,0.5325618697584033,0.6219512195121951,0.18012108980827446,0.885002649708532,0.2793427230046948,0.4619407555586963,0.09157848402746012,0.06397964335417072,0.5988675504019483,1670,217,1625,357,3869
c187a32601e3e26c,0,S_R,full_fusion_v2,xgboost,3072,peak,11805,3990,4003,0.25599650712683797,19.46962130535394,0.0902946088463068,2.2556734660581263e-05,True,0.5380964276792406,0.5333873867126058,0.609375,0.17772151898734176,0.8890532544378699,0.2751862014896119,0.46811555720676745,0.09511776881893008,0.06739862253326523,0.5897343519836217,1803,225,1624,351,4003
5eb14affa3f9ab45,1,S_R,full_fusion_v2,xgboost,3072,peak,11842,3966,3990,0.2563164150342345,11.088997872080654,0.09689500508829951,2.428446242814524e-05,True,0.5451127819548872,0.5461861552343078,0.56998556998557,0.3932304629168741,0.6991418475517416,0.4653902798232695,0.5347671137393337,0.0970000387222781,0.09217031448262791,0.5870126580815406,1385,596,1219,790,3990
4b132078e9f12784,2,S_R,full_fusion_v2,xgboost,3072,peak,11862,3970,3966,0.24966554390266538,8.508040139917284,0.09238952025771141,2.3295390886967074e-05,True,0.5388300554715079,0.5403437458038842,0.6232980332829047,0.20682730923694778,0.8738601823708206,0.3105917828872974,0.48206232448020864,0.10825251475415594,0.0804424333836099,0.60397008500059,1725,249,1580,412,3966
f25e1e843205c94b,3,S_R,full_fusion_v2,xgboost,3072,peak,11959,3869,3970,0.24630547920241952,11.698520107660443,0.08597278315573931,2.1655612885576652e-05,True,0.5395465994962216,0.5381341016268117,0.6256323777403036,0.18765806777946384,0.8886101354741596,0.28871595330739297,0.4741531349404749,0.1069812387379824,0.07648312369610355,0.5980763222619584,1771,222,1606,371,3970
169a5206125d2f1e,4,S_R,full_fusion_v2,xgboost,3072,peak,11926,4003,3869,0.236183593980968,6.524075445719063,0.07977224513888359,2.0618310968954147e-05,True,0.5236495218402688,0.5275596425059237,0.5526116578349735,0.3683148335015136,0.6868044515103339,0.4420224038752649,0.5132321714979482,0.05810188600322323,0.05466041210081651,0.5708071103096923,1296,591,1252,730,3869
f451d9af11262dd8,0,S_S,full_fusion_v2,xgboost,3072,peak,11805,3990,4003,92.86620292486623,19.46962130535394,0.09587072161957622,2.3949718116306824e-05,False,0.5963027729203098,0.5965231068833795,0.5870092098885119,0.6131645569620253,0.5798816568047337,0.5998018821198613,0.5962719088018662,0.19312048104701673,0.19293388215285234,0.6373307867076123,1176,852,764,1211,4003
ee4325b6c70a6d63,1,S_S,full_fusion_v2,xgboost,3072,peak,11842,3966,3990,72.63315430190414,11.088997872080654,0.10997011326253414,2.7561431895371964e-05,False,0.5949874686716792,0.5952946722082784,0.607789358200768,0.5515181682429069,0.6390711761736497,0.5782881002087683,0.5943513789375567,0.19129694408071932,0.19046472344920817,0.6379050456690476,1266,715,901,1108,3990
307ee7ca82fda145,2,S_S,full_fusion_v2,xgboost,3072,peak,11862,3970,3966,71.4824177972041,8.508040139917284,0.0820073327049613,2.0677592714311976e-05,False,0.5985879979828542,0.5989413581377181,0.6193317422434368,0.5210843373493976,0.6767983789260384,0.5659760087241004,0.5963088298779977,0.20029557557198754,0.1977396995007944,0.661520575717256,1336,638,954,1038,3966
642c795af5c8409d,3,S_S,full_fusion_v2,xgboost,3072,peak,11959,3869,3970,72.051474747248,11.698520107660443,0.07939453516155481,1.99986234663866e-05,False,0.6221662468513854,0.6220098620335565,0.63039912520503,0.5832068791097622,0.6608128449573507,0.6058854440357331,0.6215203707841945,0.2447748140513677,0.24409307289684612,0.6822986421113248,1317,676,824,1153,3970
b2a5c79199d9a729,4,S_S,full_fusion_v2,xgboost,3072,peak,11926,4003,3869,70.37459009513259,6.524075445719063,0.07882342115044594,2.0373073442865324e-05,False,0.5970535021969501,0.5979217033855841,0.6170448256779192,0.5625630676084763,0.6332803391626921,0.588545790446028,0.5968811504775088,0.1962109875610527,0.1954090957172715,0.6514181421880121,1195,692,867,1115,3869
ef741802636c17bf,0,R_R,hubert,mlp,768,peak,11805,3990,4003,9.751401524990797,4.030552064999938,0.026994507759809494,6.7435692630051196e-06,False,0.5338496127904072,0.5349323396499638,0.5234207133648474,0.6167088607594937,0.4531558185404339,0.5662482566248257,0.5312342795003178,0.07080109856899838,0.06970234851149337,0.5574979402291963,919,1109,757,1218,4003
c30d00ff4d312d26,1,R_R,hubert,mlp,768,peak,11842,3966,3990,36.397227524314076,15.789760372135788,0.03767972020432353,9.443538898326699e-06,False,0.5699248120300752,0.5707901017857803,0.59734219269103,0.4474863115978099,0.6940938919737506,0.5116676152532726,0.5637155810256511,0.1460505820493321,0.14132963453924552,0.6248577514260036,1375,606,1110,899,3990
44c88deb5719d502,2,R_R,hubert,mlp,768,peak,11862,3970,3966,27.337173935957253,8.490571703296155,0.03820079704746604,9.632071872785184e-06,False,0.5834594049420071,0.5837071691019398,0.5961538461538461,0.5291164658634538,0.6382978723404256,0.5606382978723404,0.5823325717549621,0.16840536277000462,0.1673285506875053,0.6267023514524156,1260,714,938,1054,3966
b5edbe160ce8420e,3,R_R,hubert,mlp,768,peak,11959,3869,3970,27.659518921747804,11.581057569943368,0.03534138295799494,8.902111576321144e-06,False,0.5836272040302267,0.583530089252698,0.5858050847457628,0.5594334850784016,0.6076266934269945,0.5723156532988357,0.5833357407598473,0.16725864246247096,0.16709037228302737,0.630657224412911,1211,782,871,1106,3970
56a3bc8789dca77f,4,R_R,hubert,mlp,768,peak,11926,4003,3869,26.857759157195687,9.35651107179001,0.034954431001096964,9.034487206279908e-06,False,0.5569914706642544,0.5615122750220988,0.6091205211726385,0.3773965691220989,0.7456279809220986,0.4660436137071651,0.5437550224012857,0.13211318918028045,0.12185762725151361,0.6021314244736813,1407,480,1234,748,3869
1b470ecfb0712327,0,R_S,hubert,mlp,768,peak,11805,3990,4003,0.1776307807303965,6.357104762922972,0.03660675324499607,9.144829688982281e-06,True,0.5638271296527604,0.5626788255561381,0.5693519079345851,0.4759493670886076,0.6494082840236687,0.5184776613348042,0.5599237621742514,0.1273140037350364,0.1256269525415128,0.576330861608369,1317,711,1035,940,4003
519eed793c557ab5,1,R_S,hubert,mlp,768,peak,11842,3966,3990,0.17238375404849648,15.789760372135788,0.03640883322805166,9.125020859160817e-06,True,0.5533834586466165,0.5543851255920795,0.5795374912403644,0.4116475858636137,0.6971226653205452,0.48137369033760186,0.5446040986899277,0.11346346652322713,0.10854801820572191,0.6010299688755473,1381,600,1182,827,3990
8f43e68bcf8bda02,2,R_S,hubert,mlp,768,peak,11862,3970,3966,0.16964484471827745,8.490571703296155,0.03601578809320927,9.081136685125886e-06,True,0.5436207766011094,0.5450395808156638,0.6223118279569892,0.232429718875502,0.8576494427558258,0.33845029239766083,0.4950527058601083,0.1153701190916915,0.08982259144300409,0.5960338313741288,1693,281,1529,463,3966
344a142ecf5bfa53,3,R_S,hubert,mlp,768,peak,11959,3869,3970,0.17061961302533746,11.581057569943368,0.03589851316064596,9.042446639961199e-06,True,0.5415617128463476,0.5409492150193863,0.556842867487328,0.3889731917046029,0.6929252383341696,0.4580107206670637,0.5304021303029776,0.08597450738379037,0.08199765563439287,0.5574171969114967,1381,612,1208,769,3970
7b0156e8594ec4d9,4,R_S,hubert,mlp,768,peak,11926,4003,3869,0.168451267760247,9.35651107179001,0.03504554368555546,9.058036620717359e-06,True,0.5073662445076247,0.5150703175425678,0.5526315789473685,0.20131180625630676,0.8288288288288288,0.29511834319526625,0.4582464977795958,0.03866991379229775,0.029665905590802177,0.5579871733786378,1564,323,1583,399,3869
4dee3381c6348f18,0,S_R,hubert,mlp,768,peak,11805,3990,4003,0.1766928667202592,14.635087213944644,0.036031588446348906,9.001146251898303e-06,True,0.5228578566075444,0.5211929193818191,0.5217100868403474,0.39544303797468355,0.6469428007889546,0.4498847926267281,0.5143116067235978,0.0437962446933535,0.04252031178422866,0.5333526826954286,1312,716,1194,781,4003
7fa308a03f8ca2d7,1,S_R,hubert,mlp,768,peak,11842,3966,3990,0.17158353608101606,14.397980439011008,0.03649830725044012,9.147445426175469e-06,True,0.5832080200501253,0.5837767150297162,0.6033452807646356,0.5027376804380289,0.6648157496214033,0.548465924518056,0.5807258642836963,0.1697612344736507,0.1673562103731968,0.6352679976953783,1317,664,999,1010,3990
46b06ee570b3de59,2,S_R,hubert,mlp,768,peak,11862,3970,3966,0.1699846489354968,11.675629200879484,0.036109316162765026,9.104719153495973e-06,True,0.5181543116490166,0.5193288350972278,0.542319749216301,0.2605421686746988,0.7781155015197568,0.35198372329603256,0.4842399049953974,0.04517382395336548,0.038566310535293025,0.5437572224053255,1536,438,1473,519,3966
eb31df31e303a784,3,S_R,hubert,mlp,768,peak,11959,3869,3970,0.1706427987664938,11.672693070024252,0.036213248036801815,9.121724946297687e-06,True,0.5322418136020152,0.5310434015259783,0.5746268656716418,0.2336874051593323,0.8283993978926242,0.33225458468176916,0.4861505526626524,0.07724543127802273,0.06223502376247736,0.6031159640430936,1651,342,1515,462,3970
f7d74db8959fc1fd,4,S_R,hubert,mlp,768,peak,11926,4003,3869,0.16728756902739406,12.668439183849841,0.035167464055120945,9.089548734846457e-06,True,0.5086585681054536,0.5165221760016085,0.5581061692969871,0.19626639757820383,0.8367779544250132,0.2904068682344158,0.4573204532909576,0.042978577444060015,0.03251372672153097,0.5776602565645126,1579,308,1593,389,3869
17c18b18809d3417,0,S_S,hubert,mlp,768,peak,11805,3990,4003,27.834252703934908,14.635087213944644,0.03686808003112674,9.210112423464086e-06,False,0.5630776917312016,0.5623890844630864,0.5631284916201117,0.5103797468354431,0.6143984220907298,0.5354581673306773,0.561527716063358,0.125469714878029,0.12493108497343086,0.6069857438893467,1246,782,967,1008,4003
f58d509767127e87,1,S_S,hubert,mlp,768,peak,11842,3966,3990,31.98432037513703,14.397980439011008,0.036126099061220884,9.05416016571952e-06,False,0.5817042606516291,0.5815974756704372,0.5826044703595724,0.5968143354902937,0.5663806158505805,0.58962380132776,0.5815484199585388,0.16327236329739364,0.16322308597605062,0.6154405126451412,1122,859,810,1199,3990
880eb2c6f03b000c,2,S_S,hubert,mlp,768,peak,11862,3970,3966,28.49781677685678,11.675629200879484,0.0359232509508729,9.057804072333055e-06,False,0.5690872415532022,0.569164194773013,0.5738132498695879,0.5522088353413654,0.5861195542046606,0.5628037861345613,0.5689982142206488,0.1384036445276576,0.13830464826947564,0.6011810667187494,1157,817,892,1100,3966
e59a8b806b5c5b05,3,S_S,hubert,mlp,768,peak,11959,3869,3970,29.399470472708344,11.672693070024252,0.036129182670265436,9.10054979099885e-06,False,0.6188916876574307,0.6185372881971067,0.6419828641370869,0.5306019221041983,0.706472654290015,0.5810024923843811,0.6157495714405158,0.24086823036120758,0.23723979451503363,0.6771984698087211,1408,585,928,1049,3970
8c8237dc96425149,4,S_S,hubert,mlp,768,peak,11926,4003,3869,26.353812398854643,12.668439183849841,0.03529218677431345,9.12178515748603e-06,False,0.5639700180925303,0.5677139566110896,0.609178386380459,0.41523713420787084,0.7201907790143084,0.49384938493849384,0.5554377458177145,0.14200068007652744,0.13435122724589477,0.6187339473384466,1359,528,1159,823,3869
4dd825c18992a955,0,R_R,hubert,random_forest,768,peak,11805,3990,4003,49.31217307597399,12.047063020989299,4.311250387690961,0.0010770048432902726,False,0.5291031726205346,0.5306316630464634,0.5182778229082047,0.6460759493670886,0.4151873767258383,0.5751633986928104,0.5235021252360101,0.06294666903378808,0.06106656317104742,0.5526003045964097,842,1186,699,1276,4003
ac1e495cff68ab3c,1,R_R,hubert,random_forest,768,peak,11842,3966,3990,126.3946590567939,53.123811902012676,0.10795968864113092,2.705756607547141e-05,False,0.5641604010025063,0.5651010382606891,0.5923392612859097,0.43106022896963664,0.6991418475517416,0.4989916450590608,0.5566592734055561,0.13511012495638322,0.12995202241411707,0.6202522771707025,1385,596,1143,866,3990
971889591c827455,2,R_R,hubert,random_forest,768,peak,11862,3970,3966,124.54558974085376,49.29068630794063,0.10793590033426881,2.7215305177576602e-05,False,0.5920322743318205,0.5923854994445868,0.6115751789976134,0.5145582329317269,0.6702127659574468,0.5588876772082879,0.5897158836322866,0.18702398202380124,0.18463745841223955,0.633964429145152,1323,651,967,1025,3966
fb2af2adf916ea18,3,R_R,hubert,random_forest,768,peak,11959,3869,3970,121.4372454509139,48.12533071031794,0.10893204715102911,2.7438802808823455e-05,False,0.5773299748110832,0.5771870743352873,0.5811177428106349,0.5417298937784522,0.6126442548921224,0.5607329842931937,0.5767257154475678,0.15476941713952266,0.15441616069096176,0.6155555572475337,1221,772,906,1071,3970
07d08d8ae592576d,4,R_R,hubert,random_forest,768,peak,11926,4003,3869,121.37480250513181,50.8527207961306,0.09796378389000893,2.532018193073376e-05,False,0.5580253295425175,0.5601844796063351,0.585,0.4722502522704339,0.6481187069422364,0.5226130653266332,0.555579872413076,0.12217294457635822,0.11978780148577273,0.6057200282136472,1223,664,1046,936,3869
c36785dac5119d26,0,R_S,hubert,random_forest,768,peak,11805,3990,4003,0.3846022468060255,50.29478724114597,0.08780812518671155,2.193557961196891e-05,True,0.5848113914564077,0.5835807554989638,0.5963076923076923,0.49063291139240506,0.6765285996055227,0.5383333333333333,0.5805602209108791,0.17018497126266263,0.16754950231792842,0.6076544828102763,1372,656,1006,969,4003
b441e511f56030c8,1,R_S,hubert,random_forest,768,peak,11842,3966,3990,0.35717690270394087,53.123811902012676,0.08726257318630815,2.1870319094312817e-05,True,0.5546365914786967,0.5555767597050023,0.579343365253078,0.42160278745644597,0.6895507319535588,0.48804379141457793,0.5469715519503584,0.115343520610915,0.11094004820579983,0.6250443172307152,1366,615,1162,847,3990
2d3e125f8451e39d,2,R_S,hubert,random_forest,768,peak,11862,3970,3966,0.31312934402376413,49.29068630794063,0.08656315505504608,2.182631241932579e-05,True,0.5373171961674231,0.5387621916236374,0.608876560332871,0.22038152610441766,0.8571428571428571,0.3236269812016218,0.48601352892232846,0.10050359070601084,0.07729951489065834,0.612149204721622,1692,282,1553,439,3966
f432d1c79984a736,3,R_S,hubert,random_forest,768,peak,11959,3869,3970,0.30773452296853065,48.12533071031794,0.07816955214366317,1.9690063512257725e-05,True,0.5453400503778337,0.5447225379876609,0.5625,0.3915022761760243,0.6979427997992975,0.461676110945422,0.534086365915266,0.0939764896290501,0.0895543550985135,0.6238096615848947,1391,602,1203,774,3970
4fcf80fa8485980d,4,R_S,hubert,random_forest,768,peak,11926,4003,3869,0.3073495882563293,50.8527207961306,0.07571494998410344,1.95696433145783e-05,True,0.5055569914706642,0.5139902471474859,0.556836902800659,0.1705348133198789,0.8574456809750928,0.26110467361915796,0.4447881107462657,0.038455355771605026,0.02750025523299915,0.5869093703426226,1618,269,1644,338,3869
8e919f3e9c829900,0,S_R,hubert,random_forest,768,peak,11805,3990,4003,0.31576055008918047,48.725288016721606,0.07902040332555771,1.9740295609682167e-05,True,0.5253559830127404,0.522302074750955,0.5348189415041783,0.2916455696202532,0.7529585798816568,0.37745740498034075,0.4969644715656649,0.05028607925923386,0.044870743535795454,0.5468104761191421,1527,501,1399,576,4003
e6e347c4c6a76015,1,S_R,hubert,random_forest,768,peak,11842,3966,3990,0.33093346003443,47.8794383071363,0.08779691904783249,2.2004240362865284e-05,True,0.5463659147869674,0.5477190100378685,0.5810920945395273,0.3549029367844699,0.740535083291267,0.44066749072929545,0.5295664603730794,0.10340484866529347,0.09517620252898107,0.6031462658320245,1467,514,1296,713,3990
47b8167fe20e3f58,2,S_R,hubert,random_forest,768,peak,11862,3970,3966,0.3342994167469442,48.23683329625055,0.08729894319549203,2.201183640834393e-05,True,0.524457892082703,0.5261715555230039,0.6090534979423868,0.14859437751004015,0.9037487335359676,0.23890234059725585,0.44655054690295504,0.0798123349035782,0.0521633083799784,0.5136617900172117,1784,190,1696,296,3966
936c1288358a2a03,3,S_R,hubert,random_forest,768,peak,11959,3869,3970,0.3561974256299436,49.83286595297977,0.09846896631643176,2.480326607466795e-05,True,0.538287153652393,0.537147720613447,0.5835266821345708,0.25442589782498737,0.8198695434019067,0.3543501232828461,0.49750440882824915,0.09010004590982894,0.07446401785085155,0.6105631216592418,1634,359,1474,503,3970
7a56af7997f89be3,4,S_R,hubert,random_forest,768,peak,11926,4003,3869,0.34638309478759766,50.04989989800379,0.08802622882649302,2.2751674548072635e-05,True,0.5339881106229,0.5390602064045407,0.5785776997366111,0.33249243188698285,0.7456279809220986,0.42230054469721245,0.5158936121796653,0.0856759875680882,0.077292880183774,0.605544495050045,1407,480,1323,659,3869
59abc111ddd55359,0,S_S,hubert,random_forest,768,peak,11805,3990,4003,119.1052287388593,48.725288016721606,0.09753813408315182,2.4366258826667954e-05,False,0.5685735698226331,0.5677734501785134,0.570615034168565,0.5073417721518987,0.6282051282051282,0.5371214151701956,0.5665724034915305,0.13656623108464871,0.1357435867239788,0.6102648990088133,1274,754,973,1002,4003
2327f3ee10584703,1,S_S,hubert,random_forest,768,peak,11842,3966,3990,120.12299701897427,47.8794383071363,0.0969036822207272,2.428663714805193e-05,False,0.5654135338345865,0.566239906287431,0.5900458415193189,0.4484818317570931,0.6839979808177689,0.5096153846153846,0.5597131828567472,0.13627939180926282,0.13225556661767723,0.6155769506679809,1355,626,1108,901,3990
1afe4df2fe50b7c7,2,S_S,hubert,random_forest,768,peak,11862,3970,3966,118.85101059125736,48.23683329625055,0.09219108894467354,2.3245357777275225e-05,False,0.6174987392839133,0.6179680728995007,0.6507936507936508,0.5145582329317269,0.7213779128672746,0.5747126436781609,0.6135877078642809,0.2410919194976934,0.23571117701623567,0.671073605465428,1424,550,967,1025,3966
f511c351e5aff4d6,3,S_S,hubert,random_forest,768,peak,11959,3869,3970,120.66347876470536,49.83286595297977,0.09790175734087825,2.466039227729931e-05,False,0.6231738035264484,0.6231433182552693,0.6231438812083974,0.6155791603439554,0.6307074761665831,0.6193384223918575,0.6231355453605173,0.24631664523156363,0.24629863839030208,0.6864213162863142,1257,736,760,1217,3970
46b544ca82617f06,4,S_S,hubert,random_forest,768,peak,11926,4003,3869,120.69307033065706,50.04989989800379,0.09941146522760391,2.5694356481675862e-05,False,0.6037735849056604,0.6069700168501142,0.655794587092297,0.47679112008072655,0.7371489136195019,0.5521472392638037,0.5984374666770931,0.2211940820482334,0.21248009848816896,0.6667408638531094,1391,496,1037,945,3869
4687f13ddfc388a2,0,R_R,hubert,svm_rbf,768,peak,11805,3990,4003,25.680543260183185,4.535163087770343,3.9807821651920676,0.000994449704020002,False,0.5218586060454659,0.5238919681422116,0.5116634799235181,0.6774683544303798,0.3703155818540434,0.5830065359477125,0.5113510431495003,0.050195971991298764,0.047582453645462874,0.5551081067585449,751,1277,637,1338,4003
8fa6644fe33c99b9,1,R_R,hubert,svm_rbf,768,peak,11842,3966,3990,1720.2140458929352,836.6460024267435,50.45072742085904,0.012644292586681464,False,0.5857142857142857,0.5859629898671526,0.5959051724137931,0.5505226480836237,0.6214033316506815,0.5723156532988357,0.5853072798693449,0.1723405682309758,0.17183349652722224,0.6437493922477574,1231,750,903,1106,3990
baf245b4377b24f3,2,R_R,hubert,svm_rbf,768,peak,11862,3970,3966,1738.0660051098093,852.032832368277,47.78354511409998,0.012048296801336353,False,0.6089258698940998,0.6092279452155125,0.6281231841952353,0.5426706827309237,0.6757852077001013,0.5822784810126582,0.6073279108073484,0.22038569061874935,0.21832047449237513,0.6549358528338277,1334,640,911,1081,3966
5b34bbc4f8c01d67,3,R_R,hubert,svm_rbf,768,peak,11959,3869,3970,1833.2618793100119,860.6128153428435,48.73723820783198,0.012276382420108811,False,0.6158690176322418,0.6160262232939213,0.6057062675397568,0.6550328780981285,0.577019568489714,0.6294046172539489,0.6153559033982163,0.2327429585163133,0.2319766157065587,0.6585324812869321,1150,843,682,1295,3970
3593d2fba578dfb1,4,R_R,hubert,svm_rbf,768,peak,11926,4003,3869,1835.309010594152,884.188988017384,47.282993405126035,0.012220985630686491,False,0.5836133367795296,0.5841940206960685,0.6002160994057266,0.5605449041372351,0.6078431372549019,0.5797025828332899,0.5835772837341866,0.1684943064422957,0.16810835029582194,0.627875575462683,1147,740,871,1111,3869
85252946388a7333,0,R_S,hubert,svm_rbf,768,peak,11805,3990,4003,48.167375864926726,768.6886081048287,47.989453854970634,0.011988372184604206,True,0.5978016487634275,0.595779342371358,0.631768953068592,0.4430379746835443,0.7485207100591716,0.5208333333333334,0.5871493399339934,0.20133054259657146,0.19230937935891856,0.6218012383591741,1518,510,1100,875,4003
0f96aedd7754bd44,1,R_S,hubert,svm_rbf,768,peak,11842,3966,3990,47.60158028267324,836.6460024267435,47.43361176783219,0.011888123250083255,True,0.5245614035087719,0.526179014223978,0.5520446096654275,0.29566948730711795,0.756688541140838,0.38508914100486225,0.4987754183063126,0.05898812359060919,0.052186748899481494,0.5971482694356969,1499,482,1415,594,3990
7366b9014bff7e63,2,R_S,hubert,svm_rbf,768,peak,11862,3970,3966,48.68365961126983,852.032832368277,48.51729583693668,0.012233307069323419,True,0.5153807362581947,0.5173322469208139,0.6258992805755396,0.08734939759036145,0.9473150962512664,0.15330396475770924,0.40692397107542827,0.06788678632880747,0.03452903688639841,0.5724060120929513,1870,104,1818,174,3966
9986a822c1760a9b,3,R_S,hubert,svm_rbf,768,peak,11959,3869,3970,48.717192055657506,860.6128153428435,48.55205521220341,0.012229736829270381,True,0.5350125944584383,0.5340000065987152,0.5663627152988855,0.2827516439049064,0.7852483692925238,0.37719298245614036,0.503106137530321,0.0786648607065249,0.06813697329334589,0.604026332934111,1565,428,1418,559,3970
cccaebcbdcce4309,4,R_S,hubert,svm_rbf,768,peak,11926,4003,3869,47.349340638145804,884.188988017384,47.18705891398713,0.012196189949337589,True,0.49651072628586196,0.5063546213750998,0.5442708333333334,0.10544904137235116,0.9072602013778485,0.17666948436179206,0.4070242432977985,0.02124664916553007,0.012456436017451944,0.5480665416410653,1712,175,1773,209,3869
019bbce2889288f7,0,S_R,hubert,svm_rbf,768,peak,11805,3990,4003,44.504075422883034,787.7042209440842,44.33197930222377,0.011074688808949231,True,0.5331001748688483,0.5305206850922528,0.5434426229508197,0.33569620253164556,0.72534516765286,0.41502347417840374,0.5132693758337457,0.06629874085896603,0.061347818259261944,0.5517556737323046,1471,557,1312,663,4003
8217852ae00b472c,1,S_R,hubert,svm_rbf,768,peak,11842,3966,3990,43.65113790426403,757.839788461104,43.49191459082067,0.01090022922075706,True,0.5669172932330827,0.5682045635629068,0.6110671936758894,0.38476854156296664,0.7516405855628471,0.4722052535125229,0.5525072166415144,0.14657068582767854,0.1360530493741613,0.6179146139193418,1489,492,1236,773,3990
35e9e267abc15416,2,S_R,hubert,svm_rbf,768,peak,11862,3970,3966,41.277476327028126,763.4243686860427,41.11907543474808,0.010367895974470015,True,0.5504286434694907,0.5519196848183006,0.6534508076358296,0.22339357429718876,0.8804457953394124,0.3329592218481107,0.49696069097729745,0.1376699140762669,0.10352872091758447,0.5914415005513441,1738,236,1547,445,3966
7675d4a88d8e9406,3,S_R,hubert,svm_rbf,768,peak,11959,3869,3970,42.63331017596647,784.688796160277,42.459554232656956,0.010695101821827948,True,0.608816120906801,0.60830724937382,0.6430499325236168,0.48204350025290843,0.7345709984947315,0.5510263081815554,0.6022259414150357,0.22392120174753358,0.2168324229377514,0.6517372005864736,1464,529,1024,953,3970
3ad4e05f6ac17b45,4,S_R,hubert,svm_rbf,768,peak,11926,4003,3869,41.863628819119185,778.9846137640998,41.689967821817845,0.010775385841772511,True,0.5639700180925303,0.5675361507408756,0.6069615663524293,0.42230070635721495,0.7127715951245363,0.49806605177030644,0.5563211227551556,0.14096856159537677,0.13404573196983072,0.6169232686119965,1345,542,1145,837,3869
d2a3359e7e8500f5,0,S_S,hubert,svm_rbf,768,peak,11805,3990,4003,1627.0734078306705,787.7042209440842,44.05980918230489,0.011006697272621756,False,0.5728203847114663,0.572004469078471,0.575671045117076,0.5103797468354431,0.633629191321499,0.5410628019323671,0.5707650458259966,0.14513752314672362,0.14422268140634364,0.627595935385614,1285,743,967,1008,4003
76a6971ed80a45ef,1,S_S,hubert,svm_rbf,768,peak,11842,3966,3990,1570.0146071752533,757.839788461104,44.3811036539264,0.011123083622537945,False,0.5962406015037593,0.5968943640543349,0.6223862238622386,0.5037332005973121,0.6900555275113579,0.5568088033012379,0.5930189010752449,0.19718628808452557,0.1935279889972652,0.64915527777701,1367,614,997,1012,3990
573cb61db00349a7,2,S_S,hubert,svm_rbf,768,peak,11862,3970,3966,1590.2248650607653,763.4243686860427,42.04613184090704,0.010601646959381502,False,0.6283408976298538,0.6283240866200364,0.6295,0.6320281124497992,0.6246200607902735,0.6307615230460922,0.6283249239595943,0.25665496140310357,0.2566528726371621,0.6647330202268039,1233,741,733,1259,3966
3bf4a825911bfd5c,3,S_S,hubert,svm_rbf,768,peak,11959,3869,3970,1623.862730645109,784.688796160277,43.88431011978537,0.011053982397930824,False,0.6463476070528967,0.6462058276298861,0.6554530656538253,0.611026808295397,0.6813848469643753,0.6324607329842932,0.6458420169775835,0.29316036291757935,0.29249123337908844,0.7139614345708208,1358,635,769,1208,3970
f5e444b1262a284b,4,S_S,hubert,svm_rbf,768,peak,11926,4003,3869,1624.3896003533155,778.9846137640998,43.260629860218614,0.01118134656506038,False,0.5836133367795296,0.5870008133615897,0.631653655074521,0.44904137235116043,0.724960254372019,0.5249189029784724,0.5771592444498987,0.18074572474052567,0.172744506173798,0.6441560424316999,1368,519,1092,890,3869
5e0aa61dd127a9f6,0,R_R,hubert,xgboost,768,peak,11805,3990,4003,61.03271218808368,1.8059399519115686,0.02475117240101099,6.183155733452658e-06,False,0.5383462403197602,0.5400649139889646,0.5252084160381104,0.669873417721519,0.41025641025641024,0.5887850467289719,0.5312945734783812,0.0829431837267106,0.07984245653175492,0.568869248246074,832,1196,652,1323,4003
b36a0c010b9077d7,1,R_R,hubert,xgboost,768,peak,11842,3966,3990,74.4016040917486,14.825517015065998,0.008804603014141321,2.206667422090557e-06,False,0.568671679197995,0.5693768501108967,0.5902255639097744,0.4688899950223992,0.6698637051993942,0.5226074895977808,0.564618030513176,0.14161141525657214,0.13855240764841337,0.6159689273081833,1327,654,1067,942,3990
9348e98d4ab69003,2,R_R,hubert,xgboost,768,peak,11862,3970,3966,74.00116625567898,14.986863671336323,0.00921926274895668,2.3245745710934645e-06,False,0.5885022692889561,0.5888645768484271,0.6079136690647482,0.5090361445783133,0.668693009118541,0.5540983606557377,0.5860379443728126,0.18001300376702545,0.17759745309169417,0.6463575934945456,1320,654,978,1014,3966
fcc3aaf552d23799,3,R_R,hubert,xgboost,768,peak,11959,3869,3970,74.29320141905919,14.968749640043825,0.008808776270598173,2.218835332644376e-06,False,0.607808564231738,0.6077098118579418,0.6113467656415694,0.5832068791097622,0.6322127446061214,0.5969453792389334,0.6075234622463983,0.21568629257932365,0.21545943286762337,0.6471798995015685,1260,733,824,1153,3970
c6edf071e7a88c2a,4,R_R,hubert,xgboost,768,peak,11926,4003,3869,116.59102052589878,54.96542457817122,0.019390415865927935,5.011738399050901e-06,False,0.5533729645903335,0.5555547088609355,0.5795739348370927,0.4667003027245207,0.6444091149973503,0.5170486305198435,0.5508320075676141,0.11281646449240965,0.1105673764337669,0.6005608505163322,1216,671,1057,925,3869
ae4fa58a7d167c09,0,R_S,hubert,xgboost,768,peak,11805,3990,4003,0.14779910584911704,14.69171724980697,0.009060087148100138,2.263324293804681e-06,True,0.5440919310517112,0.5406277931740444,0.5787815126050421,0.2789873417721519,0.8022682445759369,0.37649470447557226,0.5085860015782074,0.0954181903845788,0.08180930500940065,0.5986278181409632,1627,401,1424,551,4003
6ca176651235fdf3,1,R_S,hubert,xgboost,768,peak,11842,3966,3990,0.14263440715149045,14.825517015065998,0.009549343027174473,2.3933190544296925e-06,True,0.5338345864661654,0.5349935889205291,0.5557217651458489,0.36983573917371826,0.7001514386673398,0.44411237298266587,0.5213656383687606,0.0741338165360059,0.06982212387982967,0.5756880509187706,1387,594,1266,743,3990
0cfc2491cfe035c1,2,R_S,hubert,xgboost,768,peak,11862,3970,3966,0.14193022903054953,14.986863671336323,0.009056475013494492,2.283528747729322e-06,True,0.5716086737266768,0.5726263717483917,0.6337899543378995,0.34839357429718876,0.7968591691995948,0.4496274700356333,0.5494783377009952,0.16244970587210825,0.14495514406206056,0.6303700109455044,1573,401,1298,694,3966
a81f22d81aa956b2,3,R_S,hubert,xgboost,768,peak,11959,3869,3970,0.14128240896388888,14.968749640043825,0.009116512723267078,2.296350811906065e-06,True,0.6141057934508816,0.6136914202236914,0.6412698412698413,0.5108750632271117,0.7165077772202709,0.5686936936936937,0.6097798459352699,0.23239224607006173,0.2275685842702908,0.6836450337943043,1428,565,967,1010,3970
9b479b45a25324ef,4,R_S,hubert,xgboost,768,peak,11926,4003,3869,0.15426110196858644,54.96542457817122,0.01992589235305786,5.150140179131006e-06,True,0.5329542517446368,0.5401974955307893,0.6097867001254705,0.24520686175580222,0.8351881293057764,0.34976610291471755,0.4926890607334225,0.09936352728599689,0.07920298636456369,0.60408648691429,1576,311,1496,486,3869
cef588c133abfe96,0,S_R,hubert,xgboost,768,peak,11805,3990,4003,0.16142001701518893,50.86847222130746,0.0194492326118052,4.858664154835174e-06,True,0.5513364976267799,0.5479298679249993,0.5923632610939112,0.29063291139240505,0.8052268244575936,0.389945652173913,0.517572589026506,0.11188814571280344,0.09650204680442387,0.5717938731181185,1633,395,1401,574,4003
852811857a748c8a,1,S_R,hubert,xgboost,768,peak,11842,3966,3990,0.14128442201763391,15.08559543499723,0.009041366167366505,2.266006558237219e-06,True,0.5604010025062657,0.5612904474036448,0.5855130784708249,0.4345445495271279,0.6880363452801616,0.49885714285714283,0.5536696428571428,0.12668728926283118,0.12235793554231778,0.6079345368858813,1363,618,1136,873,3990
be4cf7ee8c5bfd61,2,S_R,hubert,xgboost,768,peak,11862,3970,3966,0.15495860716328025,51.57985988492146,0.01956459181383252,4.93307912602938e-06,True,0.5408472012102874,0.54245019592046,0.6466552315608919,0.1892570281124498,0.8956433637284701,0.2928155339805825,0.47644323460276095,0.1198788752532991,0.08462747621035727,0.5512204593449788,1768,206,1615,377,3966
4803b56333fdaad6,3,S_R,hubert,xgboost,768,peak,11959,3869,3970,0.15552029618993402,49.8586514396593,0.01925014005973935,4.848901778271877e-06,True,0.5596977329974812,0.5586733638549288,0.6174358974358974,0.30450177035913,0.8128449573507276,0.4078590785907859,0.5287090100251444,0.13630985201757917,0.11758594863617688,0.6257380091828735,1620,373,1375,602,3970
e9345db3ca66d1ad,4,S_R,hubert,xgboost,768,peak,11926,4003,3869,0.14058764791116118,14.207889392971992,0.009071535896509886,2.3446719815223276e-06,True,0.5427759110881365,0.5449703131041055,0.5668549905838042,0.4556004036326943,0.6343402225755167,0.5051748251748251,0.5401204416529903,0.09134813086622225,0.08949846235670689,0.5838847989082453,1197,690,1079,903,3869
a22ce10ebf11f467,0,S_S,hubert,xgboost,768,peak,11805,3990,4003,106.26555090211332,50.86847222130746,0.018813930917531252,4.699957761062017e-06,False,0.5793155133649762,0.5784478066561806,0.5838616714697407,0.5129113924050633,0.6439842209072978,0.5460916442048518,0.5770495464972117,0.15829130582915438,0.15714514346301767,0.6435333183531821,1306,722,962,1013,4003
f7c6117ffdbdb74f,1,S_S,hubert,xgboost,768,peak,11842,3966,3990,71.80460025696084,15.08559543499723,0.00944877602159977,2.368114291127762e-06,False,0.5817042606516291,0.5820688527069882,0.5949720670391061,0.5301144848183176,0.6340232205956587,0.5606738615425112,0.5807435320628127,0.16500712904911244,0.1640113535506208,0.6121712767056072,1256,725,944,1065,3990
96dfcc413e38cb72,2,S_S,hubert,xgboost,768,peak,11862,3970,3966,112.17045329418033,51.57985988492146,0.01923351688310504,4.849600827812668e-06,False,0.6031265758951084,0.6036082018041772,0.6336317135549873,0.49748995983935745,0.709726443768997,0.5573678290213723,0.5988393075637026,0.21200079876876096,0.20701361259736895,0.6504826296065722,1401,573,1001,991,3966
1e473e1550c06fb0,3,S_S,hubert,xgboost,768,peak,11959,3869,3970,107.9081587549299,49.8586514396593,0.019818970002233982,4.992183879655915e-06,False,0.6403022670025189,0.640243634714419,0.6425974025974026,0.6256954982296409,0.6547917711991972,0.6340338288057407,0.6401967063790962,0.2806132123834674,0.2805168862451758,0.703814133483378,1305,688,740,1237,3970
9f3237094e4540c1,4,S_S,hubert,xgboost,768,peak,11926,4003,3869,70.62402017693967,14.207889392971992,0.00939753232523799,2.4289305570529827e-06,False,0.6055828379426208,0.6073388637643401,0.6366906474820144,0.5358224016145308,0.6788553259141494,0.581917808219178,0.6043150684931506,0.21667894888364989,0.21382500800942972,0.656336546673105,1281,606,920,1062,3869
702a765ba9b9e01e,0,R_R,wav2vec2,mlp,768,peak,11805,3990,4003,42.95773522090167,15.947520000860095,0.06636217935010791,1.657811125408641e-05,False,0.519860104921309,0.5199016303397997,0.5131644311972181,0.5230379746835443,0.5167652859960552,0.5180541624874624,0.5198533629759363,0.03980042875223851,0.03979325598362782,0.5150707812148902,1048,980,942,1033,4003
25a3712be22a0025,1,R_R,wav2vec2,mlp,768,peak,11842,3966,3990,90.16369368741289,36.416710526216775,0.14216269180178642,3.562974731874346e-05,False,0.5538847117794486,0.555072843581973,0.5866767600302801,0.38576406172224986,0.7243816254416962,0.46546546546546547,0.5413348832703672,0.11702374899546406,0.10987975568629438,0.6079135560849472,1435,546,1234,775,3990
29c5c3d2782ad432,2,R_R,wav2vec2,mlp,768,peak,11862,3970,3966,92.86206188192591,24.38581162923947,0.08480473002418876,2.1382937474581128e-05,False,0.5494200706001009,0.549297493927076,0.5490196078431373,0.5763052208835341,0.522289766970618,0.5623316189076659,0.549027591734945,0.09874052376930394,0.09861733358057867,0.5738686763263795,1031,943,844,1148,3966
33d1457ce1a42a81,3,R_R,wav2vec2,mlp,768,peak,11959,3869,3970,32.28483198676258,15.390176861081272,0.042170092929154634,1.06221896546989e-05,False,0.5453400503778337,0.5454575333342977,0.540952380952381,0.5746079919069297,0.5163070747616658,0.5572725042923719,0.545009537157835,0.09106728621908337,0.09089236757338282,0.5653733438811257,1029,964,841,1136,3970
e5b0fb25c1c010c7,4,R_R,wav2vec2,mlp,768,peak,11926,4003,3869,20.041279083117843,7.908192079048604,0.04076593182981014,1.0536555138229553e-05,False,0.5528560351512019,0.55193856526438,0.5604606525911708,0.5893037336024218,0.5145733969263381,0.5745204131824889,0.5516937577895016,0.10415730922742346,0.10401187195614459,0.5638069065682291,971,916,814,1168,3869
b07dba55f1b7267b,0,R_S,wav2vec2,mlp,768,peak,11805,3990,4003,0.18310921033844352,15.947520000860095,0.037961272057145834,9.483205610078898e-06,True,0.5440919310517112,0.539258232841485,0.6394052044609665,0.17417721518987342,0.9043392504930966,0.2737763629128532,0.4707676644347627,0.11508944881990206,0.07927012861274763,0.5644565950116096,1834,194,1631,344,4003
91255e7e3bf55313,1,R_S,wav2vec2,mlp,768,peak,11842,3966,3990,0.17717705806717277,36.416710526216775,0.03794803796336055,9.510786456982593e-06,True,0.53734335839599,0.5388367188640517,0.5710549258936356,0.32603285216525635,0.7516405855628471,0.41508238276299114,0.5162061996733696,0.08580934644723781,0.07743862128707224,0.5596828406446608,1489,492,1354,655,3990
54a98c594eb12b5a,2,R_S,wav2vec2,mlp,768,peak,11862,3970,3966,0.17483443208038807,24.38581162923947,0.03763878112658858,9.490363370294651e-06,True,0.48613212304589004,0.48777862208713274,0.4577205882352941,0.125,0.8505572441742655,0.19637223974763407,0.4093425320309705,-0.03552458049505179,-0.024362015999026765,0.49955750051879255,1679,295,1743,249,3966
6adffaf519f97587,3,R_S,wav2vec2,mlp,768,peak,11959,3869,3970,0.1755636539310217,15.390176861081272,0.037712066899985075,9.499261183875334e-06,True,0.527455919395466,0.526073680745533,0.5810593900481541,0.18310571573090542,0.8690416457601605,0.2784615384615385,0.4635753385191588,0.07168320980062524,0.052291116371268376,0.5310296965022495,1732,261,1615,362,3970
3cf3a7c8b1cde2ea,4,R_S,wav2vec2,mlp,768,peak,11926,4003,3869,0.17224818095564842,7.908192079048604,0.03662620671093464,9.466582246299984e-06,True,0.5505298526751099,0.5576566950995633,0.6487148102815178,0.2674066599394551,0.8479067302596714,0.37870668095748483,0.5133055575267278,0.141225858279866,0.11363209108778949,0.5935290962595527,1600,287,1452,530,3869
25fa1ed8d1a317b9,0,S_R,wav2vec2,mlp,768,peak,11805,3990,4003,0.1819174299016595,7.246824991889298,0.03808735636994243,9.514703065186716e-06,True,0.5043717212090931,0.5012016578034104,0.4956855225311601,0.26177215189873415,0.7406311637080868,0.3426110006626905,0.4724281947980654,0.0027374129804190774,0.002418227192771294,0.52719546600754,1502,526,1458,517,4003
837698ac753f4831,1,S_R,wav2vec2,mlp,768,peak,11842,3966,3990,0.1755134961567819,8.55200283229351,0.03802540712058544,9.530177223204372e-06,True,0.531328320802005,0.5327721366923052,0.5591489361702128,0.3270283723245396,0.7385159010600707,0.4126884422110553,0.5113900926651607,0.07189667838972856,0.0653525424620538,0.5740093355769809,1463,518,1352,657,3990
1f524c404a42951a,2,S_R,wav2vec2,mlp,768,peak,11862,3970,3966,0.1756676249206066,16.807900054380298,0.03772458899766207,9.511999242980854e-06,True,0.5022692889561271,0.5026916175339656,0.5055762081784386,0.40963855421686746,0.5957446808510638,0.4525790349417637,0.49813417766505663,0.005478872093073201,0.005378581719225228,0.5114960856597617,1176,798,1176,816,3966
d24e4a82dcc89486,3,S_R,wav2vec2,mlp,768,peak,11959,3869,3970,0.17413515504449606,7.978352535050362,0.037662736140191555,9.48683529979636e-06,True,0.501007556675063,0.5003345040976752,0.49848714069591527,0.3333333333333333,0.6673356748620171,0.39951500454683236,0.48633367120252624,0.0007097635689936628,0.0006698990907314517,0.5069282701899744,1330,663,1318,659,3970
1b9acea731865bc1,4,S_R,wav2vec2,mlp,768,peak,11926,4003,3869,0.17288418300449848,13.225333978887647,0.03656315337866545,9.450285184457339e-06,True,0.5515637115533729,0.5532553982129574,0.5738194859533772,0.4843592330978809,0.6221515633280339,0.5253077975376197,0.5501875749872767,0.10746505588874516,0.10609443628358661,0.5709619217365404,1174,713,1022,960,3869
acfcdd9a94c0f6fb,0,S_S,wav2vec2,mlp,768,peak,11805,3990,4003,17.19658133480698,7.246824991889298,0.03772507421672344,9.424200403877952e-06,False,0.5573320009992505,0.5558186652685192,0.5658663205710578,0.44151898734177214,0.6701183431952663,0.4960182025028441,0.550681707042068,0.11470480865618365,0.11195881415163855,0.5968997328539686,1359,669,1103,872,4003
4fc03f18d5289c91,1,S_S,wav2vec2,mlp,768,peak,11842,3966,3990,22.146865017712116,8.55200283229351,0.037740758154541254,9.458836630210841e-06,False,0.5408521303258146,0.5411953629163464,0.5491393670183231,0.492284718765555,0.5901060070671378,0.5191601049868766,0.5399157839083064,0.08278102466494358,0.08233048546214794,0.5657803388035014,1169,812,1020,989,3990
28443d0954fb8b9e,2,S_S,wav2vec2,mlp,768,peak,11862,3970,3966,31.996020575985312,16.807900054380298,0.037290646228939295,9.402583517130432e-06,False,0.5685829551185073,0.5689688846571697,0.5853066180935034,0.4839357429718876,0.6540020263424519,0.5298158834844737,0.5656300474957892,0.13996010697222488,0.13782893508089444,0.6134858583269247,1291,683,1028,964,3966
2857ace184873ceb,3,S_S,wav2vec2,mlp,768,peak,11959,3869,3970,24.779498932417482,7.978352535050362,0.03761840332299471,9.475668343323605e-06,False,0.5856423173803527,0.5853543801890329,0.5976470588235294,0.5139099645928173,0.6567987957852484,0.55262442208322,0.5833729663782274,0.1724945600844977,0.17080482332790325,0.6249648174275112,1309,684,961,1016,3970
0181e25121e2ea5f,4,S_S,wav2vec2,mlp,768,peak,11926,4003,3869,31.25686100497842,13.225333978887647,0.036347615998238325,9.3945763758693e-06,False,0.5590591884207806,0.5599235194118557,0.5764966740576497,0.5247225025227044,0.5951245363010069,0.5493924986793449,0.5588561683680126,0.12008445421210068,0.11957671477760778,0.5846502999705351,1123,764,942,1040,3869
ca3ac6ddfefd422e,0,R_R,wav2vec2,random_forest,768,peak,11805,3990,4003,123.50983605720103,49.49989419383928,0.09755658125504851,2.4370867163389586e-05,False,0.5241069198101423,0.5243840661124011,0.5167946257197696,0.5453164556962026,0.5034516765285996,0.5306725794530672,0.5240137662910129,0.04880533559989208,0.04873298748299881,0.5258377649614261,1021,1007,898,1077,4003
b579ca2588949cda,1,R_R,wav2vec2,random_forest,768,peak,11842,3966,3990,128.8698023399338,51.01273627579212,0.09699126984924078,2.4308588934646813e-05,False,0.5711779448621553,0.5716264442517505,0.5855338691159586,0.507715281234445,0.6355376072690561,0.5438549720074647,0.5696337995530347,0.1444153526370903,0.14311846643975112,0.6061448871295726,1259,722,989,1020,3990
206363c64bdb0627,2,R_R,wav2vec2,random_forest,768,peak,11862,3970,3966,128.1931698806584,52.017777741421014,0.1132096778601408,2.854505241052466e-05,False,0.5544629349470499,0.5546174057933864,0.5608436992969172,0.5205823293172691,0.5886524822695035,0.5399635511585524,0.5540199080652211,0.10948394064685919,0.10919907105513027,0.5721818377868109,1162,812,955,1037,3966
ab98402cecf79e14,3,R_R,wav2vec2,random_forest,768,peak,11959,3869,3970,126.56479557324201,50.203091368079185,0.10925377812236547,2.7519843355759565e-05,False,0.5448362720403023,0.5447831954074973,0.5439958592132506,0.5316135558927668,0.5579528349222278,0.5377334356612945,0.5447287867961645,0.08959760632625409,0.08957457495949672,0.5775855352103633,1112,881,926,1051,3970
46614ca45620d274,4,R_R,wav2vec2,random_forest,768,peak,11926,4003,3869,135.18484933814034,59.19059688365087,0.107940255664289,2.7898747910128973e-05,False,0.5319203928663737,0.5355306930364804,0.5624543462381301,0.3884964682139253,0.6825649178590355,0.45956430916144436,0.5233768662287732,0.07428475939431406,0.07051242169490934,0.5662086227023604,1288,599,1212,770,3869
d779fc51a3f3ac29,0,R_S,wav2vec2,random_forest,768,peak,11805,3990,4003,0.3533418318256736,49.49989419383928,0.07716155471280217,1.927593172940349e-05,True,0.5026230327254559,0.4962735625296482,0.4024390243902439,0.016708860759493672,0.9758382642998028,0.03208556149732621,0.3487037321690699,-0.02630486103355249,-0.007547402611111753,0.578350685341922,1979,49,1942,33,4003
15e61c0ebb8e5040,1,R_S,wav2vec2,random_forest,768,peak,11842,3966,3990,0.32996332086622715,51.01273627579212,0.08596723387017846,2.1545672649167534e-05,True,0.505764411027569,0.5080090124475197,0.5257301808066759,0.18815331010452963,0.8278647147905098,0.27712609970674484,0.45082504528368467,0.020837060523878792,0.01594566532487529,0.5648030355073045,1640,341,1631,378,3990
83ace92d1eaef82c,2,R_S,wav2vec2,random_forest,768,peak,11862,3970,3966,0.32840847270563245,52.017777741421014,0.090208918787539,2.2745567016525214e-05,True,0.5010085728693898,0.5027938501727274,0.5153664302600472,0.10943775100401607,0.8961499493414387,0.1805383022774327,0.41091442936963896,0.009050979667627938,0.005567706088367097,0.5359688500710034,1769,205,1774,218,3966
154343da2663dcc8,3,R_S,wav2vec2,random_forest,768,peak,11959,3869,3970,0.3322575846686959,50.203091368079185,0.08975932421162724,2.2609401564641622e-05,True,0.5317380352644836,0.5303913977119209,0.5896656534954408,0.19625695498229642,0.8645258404415455,0.29449715370018975,0.4720365127596142,0.08172963186229683,0.06094601269490163,0.5849484323102533,1723,270,1589,388,3970
61fafc5e77bf9966,4,R_S,wav2vec2,random_forest,768,peak,11926,4003,3869,0.33552896697074175,59.19059688365087,0.08564267307519913,2.2135609479245058e-05,True,0.5270095631946239,0.5363384397040241,0.6623931623931624,0.15640766902119072,0.9162692103868575,0.2530612244897959,0.45349732934020803,0.11140580060776534,0.07130578084858963,0.5913046512411385,1729,158,1672,310,3869
0402eea65fbec0a6,0,S_R,wav2vec2,random_forest,768,peak,11805,3990,4003,0.35126388678327203,53.113611449021846,0.10002408130094409,2.498727986533702e-05,True,0.5188608543592306,0.5177112825506204,0.514821536600121,0.43088607594936706,0.6045364891518737,0.4691289966923925,0.5146010447144009,0.035968901498029185,0.035498191413209756,0.532915012608294,1226,802,1124,851,4003
c9c0a793719aee7a,1,S_R,wav2vec2,random_forest,768,peak,11842,3966,3990,0.3384962258860469,49.47893660981208,0.09846283914521337,2.4677403294539692e-05,True,0.5200501253132832,0.5204644470905659,0.5267045454545455,0.46142359382777504,0.5795053003533569,0.49190766781639694,0.5185731642335369,0.0412148242006228,0.04089307524009533,0.5379700987152966,1148,833,1082,927,3990
d0a5b7b99b6d364b,2,S_R,wav2vec2,random_forest,768,peak,11862,3970,3966,123.47978811105713,48.9951134971343,0.08996635535731912,2.268440629281874e-05,False,0.5421079172970247,0.5419542913294515,0.5415486307837583,0.5758032128514057,0.5081053698074974,0.5581508515815086,0.5415034739330882,0.0841028407308394,0.08393278783355373,0.5592799261890521,1003,971,845,1147,3966
391d2dbbafb18696,3,S_R,wav2vec2,random_forest,768,peak,11959,3869,3970,131.68761422019452,56.21186524396762,0.09831140888854861,2.4763579065125596e-05,False,0.5073047858942066,0.5063384465761678,0.510164569215876,0.2665655032878098,0.7461113898645259,0.3501661129568106,0.4767057745311436,0.014446667584715883,0.012701237270219434,0.5133210292675857,1487,506,1450,527,3970
9b300cd5fee6846a,4,S_R,wav2vec2,random_forest,768,peak,11926,4003,3869,125.11416589375585,51.23718125419691,0.08857600204646587,2.2893771529197693e-05,False,0.5368312225381235,0.5417970799195944,0.5821799307958477,0.33955600403632696,0.7440381558028617,0.4289356277884003,0.519685205198548,0.09128720254061508,0.08272631559171884,0.5588243315435101,1404,483,1309,673,3869
60e2e8f87d00f5ad,0,S_S,wav2vec2,random_forest,768,peak,11805,3990,4003,128.4496499770321,53.113611449021846,0.10783328115940094,2.6938116702323493e-05,False,0.5291031726205346,0.5284086085936135,0.5251396648044693,0.4759493670886076,0.5808678500986193,0.49933598937583,0.5274326728298626,0.05713210974319003,0.056886846869592333,0.5513258682246024,1178,850,1035,940,4003
f3fddb08a4eb590f,1,S_S,wav2vec2,random_forest,768,peak,11842,3966,3990,122.40544080594555,49.47893660981208,0.10857560997828841,2.7211932325385566e-05,False,0.5355889724310777,0.5367076072866447,0.5573529411764706,0.3773021403683425,0.696113074204947,0.4499851588008311,0.5240600268087868,0.0774409996014002,0.07324798848809777,0.5635222015820277,1379,602,1251,758,3990
3192918e16237178,2,S_S,wav2vec2,random_forest,768,peak,11862,3970,3966,123.63524034572765,48.846512608230114,0.09735475992783904,2.4547342392294263e-05,False,0.5746343923348461,0.5748396320845692,0.5844875346260388,0.5296184738955824,0.6200607902735562,0.5557018698972873,0.5738606084673861,0.15028439735533253,0.14961522828161733,0.6077193780186603,1224,750,937,1055,3966
2122e10ac7209e23,3,S_S,wav2vec2,random_forest,768,peak,11959,3869,3970,128.767104155384,53.2359778881073,0.10741518577560782,2.7056721857835723e-05,False,0.5846347607052896,0.5845092370590947,0.5881720430107527,0.5533636823469904,0.6156547917711992,0.5702371644513943,0.5841680582188729,0.16935322091466556,0.16905863462990822,0.6192561674510255,1227,766,883,1094,3970
c21bf79be0729979,4,S_S,wav2vec2,random_forest,768,peak,11926,4003,3869,123.4079177742824,49.776826648041606,0.09759337222203612,2.522444358284728e-05,False,0.5634530886533988,0.5664473905852193,0.5997277059223962,0.4445005045408678,0.6883942766295708,0.5105766444508838,0.5582974194962607,0.13687659178423198,0.13203453457342418,0.5998659370476311,1299,588,1101,881,3869
cfc6fbcca5e828bd,0,R_R,wav2vec2,svm_rbf,768,peak,11805,3990,4003,2065.5528162159026,967.2287027076818,53.145931671373546,0.013276525523700611,False,0.50637022233325,0.5068129728110253,0.4997658079625293,0.540253164556962,0.47337278106508873,0.5192214111922141,0.5060172764379962,0.013655160248728405,0.01361153648548219,0.5150831398397124,960,1068,908,1067,4003
c58fb52c83b6661f,1,R_R,wav2vec2,svm_rbf,768,peak,11842,3966,3990,2218.012959058862,987.5731314909644,53.82490319292992,0.01348995067491978,False,0.5869674185463659,0.5873164399776976,0.6003335186214563,0.5375808860129417,0.6370519939424533,0.5672268907563025,0.5861062545823699,0.17547750543928145,0.17450396947450375,0.6273397676131311,1262,719,929,1080,3990
be236d8d7581e9eb,2,R_R,wav2vec2,svm_rbf,768,peak,11862,3970,3966,2195.122522875201,975.9449236392975,53.43271139357239,0.01347269576237327,False,0.5607665153807363,0.5609451483746537,0.5683807439824945,0.5215863453815262,0.6003039513677811,0.543979057591623,0.5601704626479516,0.12226310738743658,0.12184456097642815,0.5927934127594472,1185,789,953,1039,3966
b18e1a74f96edf68,3,R_R,wav2vec2,svm_rbf,768,peak,11959,3869,3970,2178.822634891141,914.5801891749725,50.91106140008196,0.012823944937048352,False,0.5443324937027708,0.5443626542164139,0.541708043694141,0.5518462316641376,0.5368790767686904,0.546730142821348,0.5443197434795521,0.08873405804515261,0.08871864354819758,0.5646530687451604,1070,923,886,1091,3970
981609a5d29f6c2d_retry_20260818T124108_1560390,4,R_R,wav2vec2,svm_rbf,768,peak,11926,4003,3869,2068.6153075736947,957.2392296651378,49.147465351969004,0.012702885849565521,False,0.5272680279141897,0.5284370409466865,0.5436394751853965,0.4808274470232089,0.5760466348701643,0.5103078982597055,0.5267002893746691,0.05710884599614197,0.056709149229460576,0.5485172059933145,1087,800,1029,953,3869
ded220ef73da4c1f,0,R_S,wav2vec2,svm_rbf,768,peak,11805,3990,4003,50.79249272728339,967.2287027076818,50.62636141106486,0.012647105023998217,True,0.5078690981763677,0.5013386013532071,0.5925925925925926,0.00810126582278481,0.9945759368836292,0.015984015984015984,0.34393471285543237,0.01635285970066768,0.0027121581474263134,0.5717175991810851,2017,11,1959,16,4003
0209a11f7741063f,1,R_S,wav2vec2,svm_rbf,768,peak,11842,3966,3990,51.91318303300068,987.5731314909644,51.75254064472392,0.012970561565093715,True,0.5040100250626567,0.5066538034674354,0.5304878048780488,0.12991538078646092,0.8833922261484098,0.20871651339464214,0.4237596073087465,0.020236701088537857,0.013236969038509128,0.5765586913407587,1750,231,1748,261,3990
4f02e8f8619ce054,2,R_S,wav2vec2,svm_rbf,768,peak,11862,3970,3966,51.362328548915684,975.9449236392975,51.20275212591514,0.0129104266580724,True,0.4921835602622289,0.49409797243685993,0.4645161290322581,0.07228915662650602,0.9159067882472138,0.12510860121633363,0.3836910679261064,-0.021986977389370114,-0.011758786789908937,0.5139214405748628,1808,166,1848,144,3966
edb211b0ccd708fe,3,R_S,wav2vec2,svm_rbf,768,peak,11959,3869,3970,47.90812210459262,914.5801891749725,47.74940098123625,0.012027556922225756,True,0.538287153652393,0.5375152182867654,0.5588235294117647,0.34597875569044007,0.7290516808830908,0.42736644798500467,0.520287992931097,0.08123692613746769,0.07514532412063946,0.5711515341631979,1453,540,1293,684,3970
075f0ac6da553617,4,R_S,wav2vec2,svm_rbf,768,peak,11926,4003,3869,47.50162965897471,957.2392296651378,47.344196633435786,0.012236804505928092,True,0.532695787025071,0.5421423976359573,0.6933333333333334,0.1574167507568113,0.9268680445151033,0.2565789473684211,0.45791631122661536,0.13141084385245994,0.08267616169097602,0.5787157282527378,1749,138,1670,312,3869
844b758326db3673,0,S_R,wav2vec2,svm_rbf,768,peak,11805,3990,4003,43.29932720400393,799.8839156781323,43.136085162870586,0.010775939336215484,True,0.5088683487384462,0.5072605048310989,0.502970297029703,0.3858227848101266,0.628698224852071,0.436676217765043,0.5006676040109538,0.014968656946364019,0.014565338796076244,0.5262921628841785,1275,753,1213,762,4003
0ed4ad0c03c7e7f6,1,S_R,wav2vec2,svm_rbf,768,peak,11842,3966,3990,47.09659067494795,874.628407206852,46.93867830885574,0.011764079776655575,True,0.531328320802005,0.5316710843606597,0.5385896724042198,0.48282727725236435,0.5805148914689551,0.5091863517060368,0.5303725523518193,0.06364223131009143,0.06329585579378638,0.5554153206079959,1150,831,1039,970,3990
cc190be883fe4f6a,2,S_R,wav2vec2,svm_rbf,768,peak,11862,3970,3966,42.139493613969535,883.7646374558099,41.983655978925526,0.010585894094534929,True,0.5239536056480081,0.524289406867592,0.5307692307692308,0.4503012048192771,0.5982776089159068,0.4872351982618142,0.5214999520720836,0.04911743345541342,0.048545258538534086,0.5450152942062068,1181,793,1095,897,3966
d1f6cffc4155e84a,3,S_R,wav2vec2,svm_rbf,768,peak,11959,3869,3970,47.6010160157457,919.1195523161441,47.444123630877584,0.011950660864200904,True,0.5075566750629723,0.5067091167086827,0.5095652173913043,0.2964087000505817,0.7170095333667837,0.3748001279181324,0.48430428170267725,0.014790363648455866,0.013440802126326368,0.519960605670682,1429,564,1391,586,3970
0ceac0fde64f3ec4,4,S_R,wav2vec2,svm_rbf,768,peak,11926,4003,3869,1817.214650681708,855.174165872857,48.10608090599999,0.012433724710777977,False,0.5394158697337813,0.5440149741954218,0.5823723228995058,0.3567103935418769,0.7313195548489666,0.44242803504380473,0.5250449290146368,0.09482582205204768,0.08717960531855573,0.561712674269806,1380,507,1275,707,3869
e97c28638ccb3774_retry_20260818T124108_1560393,0,S_S,wav2vec2,svm_rbf,768,peak,11805,3990,4003,1827.1322069428861,799.8839156781323,46.348242639098316,0.011578376877116742,False,0.562827879090682,0.5627181484532994,0.5572519083969466,0.5544303797468354,0.5710059171597633,0.5558375634517766,0.5627195687401529,0.12544616310772394,0.12544459661401208,0.6039677427408684,1158,870,880,1095,4003
d66bd610087ada31_retry_20260818T131135_1560393,1,S_S,wav2vec2,svm_rbf,768,peak,11842,3966,3990,1812.7049996862188,874.628407206852,49.1337305563502,0.012314218184548923,False,0.568671679197995,0.5690883955064401,0.5818181818181818,0.5097063215530114,0.6284704694598687,0.543380206951446,0.5673443423738469,0.1391420966566793,0.13805586552908822,0.5863794650473676,1245,736,985,1024,3990
65855612e3753b7f_retry_20260818T131536_1560390,2,S_S,wav2vec2,svm_rbf,768,peak,11862,3970,3966,1927.4974747253582,883.7646374558099,42.64409594703466,0.010752419552958813,False,0.570095814422592,0.5706511456158982,0.5957304869913276,0.4482931726907631,0.6930091185410334,0.5116012603838441,0.5638393602076843,0.14570754941975686,0.14114302915299703,0.6076039212574715,1368,606,1099,893,3966
c031bc4238544867,3,S_S,wav2vec2,svm_rbf,768,peak,11959,3869,3970,1929.3462386820465,919.1195523161441,49.711269734892994,0.012521730411811838,False,0.5866498740554156,0.5866055980961185,0.5865979381443299,0.5756196256954982,0.5975915704967386,0.5810569313249936,0.5865761912404237,0.17325431549579143,0.17322420945895356,0.6282283896520979,1191,802,839,1138,3970
727eec2648f31edb,4,S_S,wav2vec2,svm_rbf,768,peak,11926,4003,3869,2092.563845195342,984.9298243257217,48.494757076725364,0.012534183788246412,False,0.5629361592142672,0.5645966052715029,0.5866587254318046,0.49697275479313824,0.6322204557498675,0.5381043430756624,0.5616692919695212,0.13029569314089096,0.12869795160459252,0.5921911405083484,1193,694,997,985,3869
54b550951debfd0d,0,R_R,wav2vec2,xgboost,768,peak,11805,3990,4003,76.0211637839675,15.786748238839209,0.009021264966577291,2.253626022127727e-06,False,0.5098675993005246,0.5101389409033031,0.5031204992798848,0.5306329113924051,0.4896449704142012,0.5165105963528832,0.5097750550153474,0.020292934955943368,0.020263402527143426,0.5196895363643173,993,1035,927,1048,4003
9f6b56db198257ea,1,R_R,wav2vec2,xgboost,768,peak,11842,3966,3990,74.93287482578307,15.147595562972128,0.00892430730164051,2.236668496651757e-06,False,0.5598997493734336,0.5604479488942866,0.5750741839762611,0.48232951717272277,0.6385663806158506,0.5246345425013536,0.5574642614513301,0.12237940952321476,0.120758263863878,0.5962202144866023,1265,716,1040,969,3990
833778071de8276f,2,R_R,wav2vec2,xgboost,768,peak,11862,3970,3966,73.72126162797213,15.288076607976109,0.009556489996612072,2.4096041342945216e-06,False,0.5544629349470499,0.5545533196616252,0.5590551181102362,0.5346385542168675,0.574468085106383,0.5465742879137798,0.5543280361501984,0.1091900171643022,0.10908491781445717,0.5706043525673108,1134,840,927,1065,3966
28d9bdabdf01318a,3,R_R,wav2vec2,xgboost,768,peak,11959,3869,3970,73.61821459932253,14.667304058559239,0.009342052042484283,2.3531617235476783e-06,False,0.5607052896725441,0.5607590654290522,0.5571919489445263,0.5741021750126454,0.5474159558454591,0.5655206776283009,0.5606513220031468,0.12155886132154366,0.12150332902692729,0.5893312481393527,1091,902,842,1135,3970
0c6b54b969b3b780,4,R_R,wav2vec2,xgboost,768,peak,11926,4003,3869,113.41763880988583,52.83565386431292,0.02194226812571287,5.671302177749515e-06,False,0.5298526751098475,0.5331315169862092,0.5573539760731879,0.39959636730575177,0.6666666666666666,0.46547164266823393,0.5229318997654895,0.06870784803262661,0.06579425417306983,0.5638908630242399,1258,629,1190,792,3869
153f8d126a67d213,0,R_S,wav2vec2,xgboost,768,peak,11805,3990,4003,0.16174623556435108,15.786748238839209,0.01005082530900836,2.5108232098447065e-06,True,0.5056207844116912,0.49911966644196437,0.4444444444444444,0.00810126582278481,0.9901380670611439,0.015912481352560914,0.3429020288330778,-0.009324218191780134,-0.0017835480339556398,0.5202419294434873,2008,20,1959,16,4003
d2fc4d87bff44473,1,R_S,wav2vec2,xgboost,768,peak,11842,3966,3990,0.15514612616971135,15.147595562972128,0.009736595675349236,2.440249542694044e-06,True,0.5072681704260652,0.5096007893806492,0.5321375186846039,0.17720258835241415,0.8419989904088844,0.2658700522778193,0.44753329094464334,0.02569932090979022,0.019111491578654438,0.5581413171269419,1668,313,1653,356,3990
d9f47f5bd5dfd5bc,2,R_S,wav2vec2,xgboost,768,peak,11862,3970,3966,0.15569484792649746,15.288076607976109,0.009965553879737854,2.5127468178864987e-06,True,0.48840141200201714,0.4901406538006128,0.46004319654427644,0.10692771084337349,0.8733535967578521,0.1735234215885947,0.40153257075412935,-0.030703351838007733,-0.019649926291869013,0.513049411424828,1724,250,1779,213,3966
77a64c23d3525fa9,3,R_S,wav2vec2,xgboost,768,peak,11959,3869,3970,0.1547106527723372,14.667304058559239,0.009583835955709219,2.414064472470836e-06,True,0.5632241813602015,0.5618973437887437,0.6794682422451994,0.23267577137076378,0.8911189162067236,0.346646571213263,0.5093051244261547,0.1645768677219733,0.12412230667462976,0.6126762332808228,1776,217,1517,460,3970
ec57e21c1d846c96,4,R_S,wav2vec2,xgboost,768,peak,11926,4003,3869,0.1670129308477044,52.83565386431292,0.02016191417351365,5.211143492766516e-06,True,0.512794003618506,0.5232509918359031,0.6678200692041523,0.09737638748738647,0.9491255961844197,0.16996917657419638,0.41258656377639763,0.0884135481634279,0.04552315348068159,0.6029250001470574,1791,96,1789,193,3869
4c969d0d710e13f2,0,S_R,wav2vec2,xgboost,768,peak,11805,3990,4003,115.23034597188234,53.9335227990523,0.021345672197639942,5.332418735358467e-06,False,0.5213589807644267,0.5195548398372157,0.5202749140893471,0.38329113924050634,0.6558185404339251,0.441399416909621,0.5113465616016636,0.04065093842581045,0.03924469876137404,0.5379403540309091,1330,698,1218,757,4003
2cf21d6d5704e2bf,1,S_R,wav2vec2,xgboost,768,peak,11842,3966,3990,0.16456427332013845,15.975097014103085,0.009744076058268547,2.4421243253805883e-06,True,0.5375939849624061,0.537959922398676,0.5458612975391499,0.485813837730214,0.5901060070671378,0.51409007110877,0.5365095347176649,0.07632997202093147,0.07586086901504241,0.5534473968605185,1169,812,1033,976,3990
6a0b1952a1f50d36,2,S_R,wav2vec2,xgboost,768,peak,11862,3970,3966,0.16286671115085483,15.264796404633671,0.009275379125028849,2.3387239347021805e-06,True,0.5534543620776601,0.5531647868068017,0.5493965131873044,0.6169678714859438,0.48936170212765956,0.5812248758571766,0.5514820031459796,0.10721161172577064,0.10638923176394521,0.5629559779136811,966,1008,763,1229,3966
593bcea70e8379d7,3,S_R,wav2vec2,xgboost,768,peak,11959,3869,3970,76.88228265708312,16.0913250669837,0.009609997738152742,2.4206543421039654e-06,False,0.5156171284634761,0.5147372150528874,0.5241502683363148,0.2964087000505817,0.7330657300551932,0.37867528271405493,0.49088562897312654,0.03276474092746095,0.029525926012555992,0.5185722106279413,1461,532,1391,586,3970
44e597e10988f185,4,S_R,wav2vec2,xgboost,768,peak,11926,4003,3869,111.85167044913396,52.32375650200993,0.01961970329284668,5.0710011095494134e-06,False,0.5497544585164125,0.5543725003569486,0.599009900990099,0.36629667003027244,0.7424483306836248,0.4546023794614903,0.5356198517025761,0.11719254576118436,0.10769184736889625,0.56946193537278,1401,486,1256,726,3869
726e56b7f8b99143,0,S_S,wav2vec2,xgboost,768,peak,11805,3990,4003,117.66262669768184,55.4310371465981,0.021378764882683754,5.340685706391145e-06,False,0.5498376217836622,0.5492955583851397,0.5471389645776567,0.5083544303797468,0.5902366863905325,0.5270341207349082,0.5487887476887124,0.09892535970874738,0.09868252369683062,0.5835230819164606,1197,831,971,1004,4003
f8a8b9ccf544edc2,1,S_S,wav2vec2,xgboost,768,peak,11842,3966,3990,78.87498396402225,15.975097014103085,0.010119440965354443,2.536200743196602e-06,False,0.5471177944862156,0.5477726555588193,0.562192118226601,0.45445495271279246,0.6410903584048461,0.5026149187998898,0.5434629689467588,0.09723916088162413,0.09541608629287368,0.5735130830998015,1270,711,1096,913,3990
5099afc429e6f836,2,S_S,wav2vec2,xgboost,768,peak,11862,3970,3966,75.87557589216158,15.264796404633671,0.009205735754221678,2.321163831119939e-06,False,0.5844679778113969,0.5846631205673758,0.5948180815876516,0.5416666666666666,0.6276595744680851,0.5669994745139254,0.5837905758415483,0.16994278610178476,0.169257284922251,0.6280167529286345,1239,735,913,1079,3966
4d99c513ecce58f4,3,S_S,wav2vec2,xgboost,768,peak,11959,3869,3970,76.20577048417181,15.5836098077707,0.009693570900708437,2.4417055165512435e-06,False,0.5727959697732997,0.5727240587377014,0.5734448510193414,0.5548811330298432,0.5905669844455594,0.5640102827763496,0.5726224253387922,0.14554271017251658,0.14546702003147993,0.6129319334920578,1177,816,880,1097,3970
8765299693eb13ba,4,S_S,wav2vec2,xgboost,768,peak,11926,4003,3869,118.24881507409737,55.81073111714795,0.019660449121147394,5.081532468634633e-06,False,0.5665546652881882,0.569258728663964,0.6006600660066007,0.4591321897073663,0.6793852676205617,0.5204460966542751,0.5625102447430772,0.1418511105998934,0.13770074103922514,0.5961742593783907,1282,605,1072,910,3869
a4bdeda64b49c366,0,R_R,wavlm,mlp,768,peak,11805,3990,4003,26.811481663025916,13.438425537198782,0.03849115502089262,9.61557707241884e-06,False,0.5253559830127404,0.5267746485906174,0.5154384520378756,0.6339240506329114,0.41962524654832345,0.5685740236148955,0.5205446464548659,0.05480941656433385,0.05338892911736659,0.5411501011160212,851,1177,723,1252,4003
5954e4e488ea0686,1,R_R,wavlm,mlp,768,peak,11842,3966,3990,26.223929501138628,14.391271062195301,0.036766508128494024,9.214663691351885e-06,False,0.5609022556390978,0.5611022483629322,0.5682421667551779,0.5326032852165257,0.5896012115093388,0.5498458376156218,0.5606372045220966,0.12239451765447999,0.12215035539795249,0.5961416935250233,1168,813,939,1070,3990
3d56e16578c26e36,2,R_R,wavlm,mlp,768,peak,11862,3970,3966,47.32561531383544,18.851966576185077,0.03677593404427171,9.27280233088041e-06,False,0.5431164901664145,0.5435877247592192,0.5572519083969466,0.4397590361445783,0.6474164133738601,0.49158249158249157,0.5383736633736633,0.08910951764402457,0.08709172893819805,0.5821966945797374,1278,696,1116,876,3966
b7a7e99326f04c53,3,R_R,wavlm,mlp,768,peak,11959,3869,3970,27.45414244197309,12.34882246190682,0.03825188474729657,9.63523545271954e-06,False,0.5506297229219144,0.5501432555674756,0.5641196013289037,0.4294385432473445,0.6708479678876066,0.4876507754164273,0.5437356613735345,0.10335293047530576,0.10038271154879419,0.5982481426520389,1337,656,1128,849,3970
35fd9bf1a457367c,4,R_R,wavlm,mlp,768,peak,11926,4003,3869,32.93238643789664,17.639831135049462,0.035724883899092674,9.233622098499011e-06,False,0.5670715947273197,0.5671596835750691,0.5796574987026466,0.5635721493440968,0.5707472178060413,0.5715016628293681,0.567025315614214,0.13427987923318474,0.1342256074678706,0.5822856155853129,1077,810,865,1117,3869
57810c208eb56a6d,0,R_S,wavlm,mlp,768,peak,11805,3990,4003,0.17989857820793986,13.438425537198782,0.03718354273587465,9.288918994722621e-06,True,0.5510866849862603,0.5481795371133249,0.5794642857142858,0.3286075949367089,0.7677514792899408,0.41938610662358644,0.5267364253337847,0.10731954225520368,0.09690726697161489,0.5726080443412478,1557,471,1326,649,4003
7414cfb0d81a1b80,1,R_S,wavlm,mlp,768,peak,11842,3966,3990,0.17327170120552182,14.391271062195301,0.037224466912448406,9.329440328934437e-06,True,0.5293233082706766,0.5297222569110381,0.5370265686828717,0.4728720756595321,0.5865724381625441,0.5029115934356803,0.5279907800591062,0.05982817975900088,0.05939436968720291,0.5505794344430376,1162,819,1059,950,3990
9ab3b05376aacc5f,2,R_S,wavlm,mlp,768,peak,11862,3970,3966,0.17306698579341173,18.851966576185077,0.0368834319524467,9.299907199305773e-06,True,0.5373171961674231,0.5382357698270285,0.5664690939881456,0.3358433734939759,0.7406281661600811,0.4216829498896943,0.5180488714567194,0.08361429394976994,0.07632985548699378,0.5818205700207111,1462,512,1323,669,3966
e523d30f5a8c6887,3,R_S,wavlm,mlp,768,peak,11959,3869,3970,0.17255155788734555,12.34882246190682,0.03722547320649028,9.376693502894276e-06,True,0.5342569269521411,0.5330971247114014,0.5760095011876485,0.2453211937278705,0.8208730556949323,0.3440936502305782,0.4915156788547931,0.08096323042055195,0.06634714471668213,0.5914337002980335,1636,357,1492,485,3970
46021a0b5e972641,4,R_S,wavlm,mlp,768,peak,11926,4003,3869,0.17301628412678838,17.639831135049462,0.03609255934134126,9.328653228571015e-06,True,0.5104678211424141,0.5143509390556342,0.5332326283987915,0.3562058526740666,0.6724960254372019,0.42710223835450695,0.49987783397869756,0.030238497294366,0.028464007929384305,0.5175164182999406,1269,618,1276,706,3869
1a7ba8f6f8f1b48c,0,S_R,wavlm,mlp,768,peak,11805,3990,4003,0.17973360512405634,10.4051639479585,0.037404044065624475,9.34400301414551e-06,True,0.505121159130652,0.5057919506653684,0.4986388384754991,0.5564556962025317,0.4551282051282051,0.525963149078727,0.5041626563266642,0.011642627380411738,0.011566376911021692,0.5079547100092378,923,1105,876,1099,4003
ed9d4fc01fa6b397,1,S_R,wavlm,mlp,768,peak,11842,3966,3990,0.17376811616122723,11.26321967318654,0.037526764906942844,9.405204237329034e-06,True,0.5441102756892231,0.5440016392664107,0.5461613216715258,0.5594823295171727,0.5285209490156486,0.5527415785591345,0.5439404289422302,0.08804502312060046,0.08801845020397614,0.5596918862594348,1047,934,885,1124,3990
58a126007fffa381,2,S_R,wavlm,mlp,768,peak,11862,3970,3966,0.1722563598304987,14.717623316217214,0.03716392396017909,9.370631356575666e-06,True,0.49546142208774585,0.49593968579485115,0.4971246006389776,0.39056224899598396,0.6013171225937184,0.43744728703964014,0.49003792923410583,-0.00830719927256813,-0.008112699759225572,0.4937049362597299,1187,787,1214,778,3966
861d769c068887d7,3,S_R,wavlm,mlp,768,peak,11959,3869,3970,0.17368599399924278,8.30204388126731,0.03720692312344909,9.372020937896495e-06,True,0.5639798488664988,0.5640225107552712,0.56071076011846,0.5746079919069297,0.5534370296036126,0.5675743192605546,0.563949719955398,0.1280713037550429,0.1280322837936706,0.5748417387005251,1103,890,841,1136,3970
24fb65c984e7da4c,4,S_R,wavlm,mlp,768,peak,11926,4003,3869,0.16902249725535512,6.980962116271257,0.036139335948973894,9.340743331345023e-06,True,0.5259757043163609,0.5275694017754919,0.5438908659549229,0.46266397578203833,0.5924748277689454,0.5,0.5246928746928747,0.05558267708812245,0.054932295248867,0.5409017672031857,1118,769,1065,917,3869
663674b6e3692fa1,0,S_S,wavlm,mlp,768,peak,11805,3990,4003,26.24178666388616,10.4051639479585,0.03716309415176511,9.283810679931329e-06,False,0.5760679490382213,0.5762748108755898,0.5674757281553398,0.5918987341772152,0.5606508875739645,0.5794299876084262,0.5760408563073609,0.15260144638699316,0.15246387913820225,0.6124996879135145,1137,891,806,1169,4003
d73617978c2c9e93,1,S_S,wavlm,mlp,768,peak,11842,3966,3990,28.86260448489338,11.26321967318654,0.037162032909691334,9.313792709195823e-06,False,0.5503759398496241,0.5507161237329543,0.5596228508042151,0.5022399203583873,0.5991923271075215,0.5293809024134313,0.5494793187690956,0.10190277238342152,0.10135879738258813,0.5790962375519149,1187,794,1000,1009,3990
065bd2d5d85bc714,2,S_S,wavlm,mlp,768,peak,11862,3970,3966,26.239842641167343,14.717623316217214,0.03689356800168753,9.302462935372548e-06,False,0.5506807866868382,0.5513902113011315,0.5769794721407625,0.3950803212851406,0.7077001013171226,0.4690107270560191,0.5397938250664711,0.10818518921185695,0.10263290213466192,0.5802350740347408,1397,577,1205,787,3966
932c0affd09c622b,3,S_S,wavlm,mlp,768,peak,11959,3869,3970,22.087696032132953,8.30204388126731,0.03695741714909673,9.309173085414792e-06,False,0.5649874055415617,0.5644331538736616,0.5869262865090403,0.4269094587759231,0.7019568489713999,0.49428989751098096,0.5563162194737226,0.13405563546519775,0.12900748987067345,0.6340598772486709,1399,594,1133,844,3970
be01ce47588a1360,4,S_S,wavlm,mlp,768,peak,11926,4003,3869,18.63358004204929,6.980962116271257,0.035744335036724806,9.238649531332335e-06,False,0.5892995606099768,0.5914077251704128,0.6219739292364991,0.5055499495459133,0.6772655007949125,0.5577511828555525,0.5871988724892961,0.18537063292050904,0.18195809010216868,0.6305247492402476,1278,609,980,1002,3869
ff34fe4cf292b9d6,0,R_R,wavlm,random_forest,768,peak,11805,3990,4003,118.19971597520635,48.03098166594282,0.09910437883809209,2.475752656459957e-05,False,0.5236072945291032,0.5250024966918833,0.514037985136251,0.6303797468354431,0.41962524654832345,0.5662952012735957,0.5189469910496546,0.05114202204479051,0.04985754187892866,0.5547179986517864,851,1177,730,1245,4003
5f90a4b08b532347,1,R_R,wavlm,random_forest,768,peak,11842,3966,3990,122.36917978525162,48.3905996051617,0.10948308324441314,2.7439369234188756e-05,False,0.5538847117794486,0.5541934088122882,0.5628775398132894,0.5102040816326531,0.5981827359919233,0.5352480417754569,0.5531661895624272,0.10879875414256618,0.1083151850074614,0.5864802231452659,1185,796,984,1025,3990
3b5442a24d21fae2,2,R_R,wavlm,random_forest,768,peak,11862,3970,3966,124.25638353312388,50.43822627188638,0.09826063923537731,2.4775753715425443e-05,False,0.5688350983358548,0.5689017468048485,0.573208722741433,0.5542168674698795,0.5835866261398176,0.5635528330781011,0.5687719322341178,0.13785903815784623,0.13778268013492667,0.5977883163861117,1152,822,888,1104,3966
1e562aa3067e7c43,3,R_R,wavlm,random_forest,768,peak,11959,3869,3970,122.88350535184145,48.652329894248396,0.10790166025981307,2.717925951128793e-05,False,0.5750629722921914,0.5751017534562675,0.5717111770524234,0.5847243297926151,0.5654791771199197,0.5781445361340335,0.5750402964861997,0.15022838714978012,0.1501897845487944,0.6045605750627956,1127,866,821,1156,3970
c7d80708e2f6b273,4,R_R,wavlm,random_forest,768,peak,11926,4003,3869,125.57040740083903,53.513202460017055,0.09791899425908923,2.5308605391338648e-05,False,0.549237529077281,0.5515818840149582,0.575796178343949,0.45610494450050454,0.6470588235294118,0.509009009009009,0.5461910787997745,0.10501362724244069,0.10262676601046283,0.5730867687299099,1221,666,1078,904,3869
3732bd95748dc909,0,R_S,wavlm,random_forest,768,peak,11805,3990,4003,0.36967675434425473,48.03098166594282,0.09760147798806429,2.4382082934814962e-05,True,0.548088933300025,0.5445857988165681,0.5882978723404255,0.28,0.8091715976331361,0.37941680960548885,0.5120419345611416,0.10517357774866563,0.0897864373481051,0.6086916086185804,1641,387,1422,553,4003
62ab6b88f7b1f840,1,R_S,wavlm,random_forest,768,peak,11842,3966,3990,0.3534616553224623,48.3905996051617,0.09928257204592228,2.4882850136822626e-05,True,0.544360902255639,0.5461747225823019,0.5989637305699482,0.28770532603285215,0.8046441191317516,0.3887020847343645,0.5127689408889562,0.10783013539411329,0.09201153101369519,0.6099857556694019,1594,387,1431,578,3990
6f42fa956d275c0e,2,R_S,wavlm,random_forest,768,peak,11862,3970,3966,0.3487796550616622,50.43822627188638,0.09896480059251189,2.4953303225545106e-05,True,0.5115985879979829,0.513262777553985,0.5519848771266541,0.1465863453815261,0.8799392097264438,0.23165410551368504,0.43683980455872756,0.0390090272277498,0.02643703070050374,0.5989217762641244,1737,237,1700,292,3966
d866b5e32188c5ef,3,R_S,wavlm,random_forest,768,peak,11959,3869,3970,0.33978966856375337,48.652329894248396,0.08766793180257082,2.2082602469161415e-05,True,0.5473551637279597,0.5461935438678774,0.6071428571428571,0.25796661608497723,0.8344204716507777,0.362087326943557,0.5056581471727349,0.11309839700513291,0.09260086007227042,0.6387190777229662,1663,330,1467,510,3970
086dbfa61c5dd6fd,4,R_S,wavlm,random_forest,768,peak,11926,4003,3869,0.3381917420774698,53.513202460017055,0.08785555604845285,2.270756165635897e-05,True,0.5014215559576117,0.5107286457823645,0.5565031982942431,0.13168516649848638,0.8897721250662427,0.21297429620563035,0.42405854965378925,0.03286145568727196,0.021052747559190732,0.5494278929015084,1679,208,1721,261,3869
2d1fde500a76a630,0,S_R,wavlm,random_forest,768,peak,11805,3990,4003,0.35937238577753305,48.87114672223106,0.09977823216468096,2.4925863643437662e-05,True,0.5143642268298776,0.5158206626220259,0.506349856616141,0.6258227848101265,0.40581854043392507,0.5597826086956522,0.5091392152113359,0.03243006250608749,0.03154406967856083,0.5038032107457618,823,1205,739,1236,4003
951ad8f083e4e61c,1,S_R,wavlm,random_forest,768,peak,11842,3966,3990,0.36385219264775515,49.67195024387911,0.10947463102638721,2.743725088380632e-05,True,0.5142857142857142,0.5141773679220891,0.5172581429265921,0.5296167247386759,0.49873801110550225,0.5233644859813084,0.5141094274566735,0.02836774007638974,0.028359524391724178,0.5493307627036237,988,993,945,1064,3990
67d2902a0b0aeab3,2,S_R,wavlm,random_forest,768,peak,11862,3970,3966,0.3485441952943802,48.271611561998725,0.09870551293715835,2.4887925601905784e-05,True,0.5305093292990418,0.5306324080516596,0.5346481876332623,0.5035140562248996,0.5577507598784195,0.5186142709410548,0.5302224898012361,0.06135356677100665,0.06124855463112955,0.5485737275342504,1101,873,989,1003,3966
908f02c8b4b884cd,3,S_R,wavlm,random_forest,768,peak,11959,3869,3970,0.3492294130846858,49.20917628798634,0.09738401090726256,2.4529977558504426e-05,True,0.5677581863979849,0.5677146187681164,0.5672333848531684,0.5569044006069803,0.5785248369292524,0.5620214395099541,0.5676840166222072,0.13546142072705233,0.13543913725137846,0.5967507419113077,1153,840,876,1101,3970
94acb4e2e2a7eead,4,S_R,wavlm,random_forest,768,peak,11926,4003,3869,0.3464074619114399,50.928397005889565,0.10018277121707797,2.5893711867944682e-05,True,0.5445851641250969,0.5449835482779033,0.55863539445629,0.5287588294651867,0.56120826709062,0.543286677034733,0.5445814828472634,0.08998112399101262,0.08984614168657501,0.5787161293186105,1059,828,934,1048,3869
9e17b3f3e49bfe23,0,S_S,wavlm,random_forest,768,peak,11805,3990,4003,119.29216917371377,48.87114672223106,0.11213810322806239,2.80135156702629e-05,False,0.5763177616787409,0.5766404514018926,0.5665871121718377,0.6010126582278481,0.5522682445759369,0.5832923832923833,0.5761990371746469,0.15343497826876773,0.15315930227916819,0.6199670436671411,1120,908,788,1187,4003
1b571fbed9c9ff1d,1,S_S,wavlm,random_forest,768,peak,11842,3966,3990,119.80753375589848,49.67195024387911,0.1086566704325378,2.7232248228706215e-05,False,0.587468671679198,0.587937320925095,0.6048526863084922,0.5211548033847685,0.6547198384654215,0.5598930481283423,0.5858427504792655,0.177430706890198,0.1757028165376039,0.6325396141392005,1297,684,962,1047,3990
edcd1355ecb7d1d1,2,S_S,wavlm,random_forest,768,peak,11862,3970,3966,119.59809855790809,48.271611561998725,0.10020429035648704,2.5265832162503036e-05,False,0.5728693898134141,0.5730459833253989,0.5814207650273224,0.5341365461847389,0.6119554204660588,0.5567765567765568,0.5723055533274511,0.14652725294396537,0.14603781815741346,0.6097597075231015,1208,766,928,1064,3966
a400eef18631d022,3,S_S,wavlm,random_forest,768,peak,11959,3869,3970,120.45664695696905,49.20917628798634,0.09906316176056862,2.4952937471175976e-05,False,0.5826196473551637,0.5824839391080721,0.5864864864864865,0.548811330298432,0.616156547917712,0.5670237784165142,0.5820774131567132,0.16534938272731878,0.16501042738970007,0.6250838480965625,1228,765,892,1085,3970
a714f488a0147518,4,S_S,wavlm,random_forest,768,peak,11926,4003,3869,124.96482516359538,50.928397005889565,0.09918300854042172,2.563530848809039e-05,False,0.5802532954251745,0.5809399058939035,0.5976008724100327,0.5529767911200807,0.6089030206677265,0.5744234800838575,0.5801745141367782,0.16204983512024193,0.1615761033171571,0.6274571300688709,1149,738,886,1096,3869
1c0434d117a08134,0,R_R,wavlm,svm_rbf,768,peak,11805,3990,4003,1794.2050949879922,853.3594457902946,50.00175425270572,0.01249107026048107,False,0.5370971771171621,0.5382102464234889,0.5261130136986302,0.6222784810126583,0.4541420118343195,0.5701693342611923,0.5343404181454812,0.07750382568823025,0.07623840045490915,0.5721943424961925,921,1107,746,1229,4003
5477097a82c6b1f3,1,R_R,wavlm,svm_rbf,768,peak,11842,3966,3990,1766.7932434719987,836.3318024519831,48.98338455799967,0.012276537483207938,False,0.5776942355889725,0.5781606445905088,0.5935334872979214,0.5116973618715779,0.6446239273094396,0.549585672280139,0.5760431310209376,0.1576937284266275,0.15616911585114068,0.6231816743885228,1277,704,981,1028,3990
ab0abb899d6fb712,2,R_R,wavlm,svm_rbf,768,peak,11862,3970,3966,1892.34945235122,905.4769284673966,47.94716453924775,0.012089552329613654,False,0.5864851235501765,0.5866963293905104,0.5977777777777777,0.5401606425702812,0.6332320162107397,0.5675105485232067,0.5856876414113619,0.17413395683617455,0.17331649523530623,0.6297215203264934,1250,724,916,1076,3966
a1134397d43c6bfb,3,R_R,wavlm,svm_rbf,768,peak,11959,3869,3970,1573.6351036462002,736.8267142130062,42.29741546092555,0.010654260821391827,False,0.572544080604534,0.5724752110383307,0.5730688935281837,0.5553869499241275,0.5895634721525339,0.5640893912150012,0.5723832179697442,0.14503689588372926,0.14496837681706076,0.6076396370605162,1175,818,879,1098,3970
c1bec6fe34f5992a_retry_20260818T101818_1547827,4,R_R,wavlm,svm_rbf,768,peak,11926,4003,3869,2101.604371671099,961.317073401995,49.54959794180468,0.01280682293662566,False,0.5482036701990178,0.5494043637036454,0.5668571428571428,0.5005045408678103,0.5983041865394807,0.5316184351554126,0.5476364766890394,0.09923127655697689,0.0985184430829309,0.5767712272134424,1129,758,990,992,3869
1d35fdf675ef51ae,0,R_S,wavlm,svm_rbf,768,peak,11805,3990,4003,52.12331164628267,853.3594457902946,51.943436584901065,0.012976127050937064,True,0.5533349987509368,0.5485393104137019,0.6703096539162113,0.18632911392405063,0.9107495069033531,0.29160063391442154,0.4827211487704176,0.14108920432378486,0.09800325695379297,0.6283469403040971,1847,181,1607,368,4003
7663c724f8864cc8,1,R_S,wavlm,svm_rbf,768,peak,11842,3966,3990,51.412738462910056,836.3318024519831,51.24182992614806,0.012842563891265178,True,0.5330827067669173,0.5344333889722397,0.5594462540716613,0.34196117471378795,0.7269056032306915,0.42446709916589437,0.5158388626759263,0.07459864684804351,0.06867809489062615,0.594608461820847,1440,541,1322,687,3990
00357f1b5a1f7c3d,2,R_S,wavlm,svm_rbf,768,peak,11862,3970,3966,51.45710576279089,905.4769284673966,51.28602993302047,0.012931424592289579,True,0.5085728693898134,0.5104132334810366,0.5573333333333333,0.10491967871485944,0.9159067882472138,0.1765948457963667,0.4131851138236101,0.03558856743798174,0.020749672959675003,0.5934604680118651,1808,166,1783,209,3966
a4b99bc2588f6ff1,3,R_S,wavlm,svm_rbf,768,peak,11959,3869,3970,44.51196324080229,736.8267142130062,44.352898778859526,0.011172014805758067,True,0.5536523929471032,0.5530258788917508,0.5749817117776153,0.3975720789074355,0.7084796788760662,0.4700956937799043,0.542271519648873,0.11159725543300521,0.10618326874243544,0.5917392715678369,1412,581,1191,786,3970
dc6b9a80e768e2c5,4,R_S,wavlm,svm_rbf,768,peak,11926,4003,3869,48.02135958429426,961.317073401995,47.8663974031806,0.012371774981437218,True,0.5220987335228742,0.5299450486279002,0.5948644793152639,0.21039354187689202,0.8494965553789083,0.31084606783451363,0.47253480444149026,0.07772150434871604,0.058931329482384665,0.5522770648609077,1603,284,1565,417,3869
0c14214e21ad02a5,0,S_R,wavlm,svm_rbf,768,peak,11805,3990,4003,45.74702270375565,877.9256575368345,45.584041758906096,0.011387469837348512,True,0.48488633524856356,0.4842336404264349,0.4759002770083102,0.43493670886075947,0.5335305719921104,0.4544973544973545,0.4832827520238784,-0.03168301484544455,-0.03156822581511931,0.5028035353157068,1082,946,1116,859,4003
9ddc4a56aa62602d,1,S_R,wavlm,svm_rbf,768,peak,11842,3966,3990,44.91096888994798,873.2365091601387,44.755223569925874,0.011216848012512751,True,0.5353383458646617,0.5350410783980919,0.535796766743649,0.5774016923842707,0.49268046441191315,0.5558217537134643,0.5343480812708152,0.07033626137643349,0.07012063670840418,0.5617643371109664,976,1005,849,1160,3990
8fd83444454b360a,2,S_R,wavlm,svm_rbf,768,peak,11862,3970,3966,45.033007241785526,863.3774734041654,44.878350662998855,0.011315771725415747,True,0.5264750378214826,0.5271908301900612,0.5419734904270986,0.36947791164658633,0.684903748733536,0.4394029850746269,0.5147691485827085,0.057301636592890365,0.054302861870523245,0.546483298950615,1352,622,1256,736,3966
5b42ec6d07917449,3,S_R,wavlm,svm_rbf,768,peak,11959,3869,3970,1981.2573667671531,865.0496250190772,46.248260939028114,0.011649436004792976,False,0.5765743073047859,0.5766313863824346,0.5725490196078431,0.5907941325240263,0.562468640240843,0.581528503858601,0.5765149529234377,0.15332039312695953,0.15324317088613215,0.6007155545166809,1121,872,809,1168,3970
693af27dd81c4f3a,4,S_R,wavlm,svm_rbf,768,peak,11926,4003,3869,1880.20472613303,884.7531958301552,44.63004127703607,0.011535291102878282,False,0.5701731713621091,0.5705044392644558,0.5844362096347274,0.557013118062563,0.5839957604663487,0.5703952467062774,0.5701730565054531,0.14100537232105664,0.1408425239317428,0.6019846343642865,1102,785,878,1104,3869
06b1cccf7d441d85,0,S_S,wavlm,svm_rbf,768,peak,11805,3990,4003,1884.5478333402425,877.9256575368345,48.047455321997404,0.012002861684236175,False,0.5705720709467899,0.5696995231318502,0.5738177623990772,0.5037974683544304,0.6356015779092702,0.5365327581558371,0.5682431070276509,0.14064863874051695,0.1396216747374005,0.6257140538786108,1289,739,980,995,4003
72207a7ddd0a2d91,1,S_S,wavlm,svm_rbf,768,peak,11842,3966,3990,1860.839741087053,873.2365091601387,47.27743732975796,0.011848981786906757,False,0.5774436090225564,0.5781228288954123,0.6002482929857231,0.48133399701343954,0.6749116607773852,0.5342541436464089,0.5737784479699934,0.1592191025507167,0.1560272103108319,0.6311577708489486,1337,644,1042,967,3990
a8117af05a83a2fe,2,S_S,wavlm,svm_rbf,768,peak,11862,3970,3966,1910.5123631949537,863.3774734041654,47.04503035079688,0.011862085312858517,False,0.5819465456379224,0.5825948169578008,0.6177715091678421,0.4397590361445783,0.7254305977710233,0.513782991202346,0.5735655336374401,0.1723309192635128,0.16497289818036087,0.6324225473321858,1432,542,1116,876,3966
17cdb9ca7b16f863,3,S_S,wavlm,svm_rbf,768,peak,11959,3869,3970,1947.6167190209962,881.4077055887319,47.2010422940366,0.011889431308321562,False,0.5853904282115869,0.5850161960386898,0.6024767801857586,0.4921598381385938,0.6778725539387858,0.5417594654788419,0.5815973040365691,0.1730640766477531,0.17015745701648233,0.6501656911989129,1351,642,1004,973,3970
da7f9521562d90ca,4,S_S,wavlm,svm_rbf,768,peak,11926,4003,3869,1905.8039437178522,908.7620665137656,46.4240548228845,0.011998980310903205,False,0.572499353838201,0.5740195142611003,0.5963572267920094,0.512108980827447,0.6359300476947536,0.5510314875135722,0.5715196904760758,0.1490749828587696,0.14751444981981343,0.622536185499918,1200,687,967,1015,3869
a2c37b460660612d,0,R_R,wavlm,xgboost,768,peak,11805,3990,4003,121.82807039190084,57.93952266033739,0.021082826890051365,5.266756655021575e-06,False,0.5365975518361229,0.537525279005318,0.5263157894736842,0.6075949367088608,0.46745562130177515,0.564042303172738,0.534753756225132,0.07578118440756254,0.07489941464587535,0.5656045739395301,948,1080,775,1200,4003
f065d47ed816cf17,1,R_R,wavlm,xgboost,768,peak,11842,3966,3990,78.60938443802297,15.410306357778609,0.009353829082101583,2.34431806568962e-06,False,0.5639097744360902,0.5640958443189393,0.5711263881544156,0.5375808860129417,0.5906108026249369,0.5538461538461539,0.5636877828054299,0.12836306866766292,0.1281384992167487,0.5981478098682129,1170,811,929,1080,3990
dbc21d479ccd42b1,2,R_R,wavlm,xgboost,768,peak,11862,3970,3966,79.29074742039666,15.801451734732836,0.00916428817436099,2.3107131049825996e-06,False,0.5625315179021684,0.5625076293014001,0.5640897755610973,0.5677710843373494,0.5572441742654508,0.5659244433324994,0.5625047883752713,0.12502166531146183,0.1250189784519229,0.5967096603231569,1100,874,861,1131,3966
b5c2e835d9378d59,3,R_R,wavlm,xgboost,768,peak,11959,3869,3970,125.6721574650146,59.863347467035055,0.020610388834029436,5.191533711342428e-06,False,0.5675062972292192,0.5674799836859459,0.566394279877426,0.5609509357612544,0.5740090316106372,0.5636594663278272,0.5674726794810172,0.13497135773644156,0.1349651739374199,0.6059676241656116,1144,849,868,1109,3970
be05f075123b8d6a,4,R_R,wavlm,xgboost,768,peak,11926,4003,3869,125.16047013318166,58.34443288622424,0.019114451948553324,4.940411462536398e-06,False,0.5497544585164125,0.5519848215283605,0.575566750629723,0.4611503531786075,0.6428192898781134,0.5120448179271708,0.5470492803647371,0.10564682176492955,0.10345197298356446,0.5762204300816517,1213,674,1068,914,3869
61265c54ff925822,0,R_S,wavlm,xgboost,768,peak,11805,3990,4003,0.16466691438108683,57.93952266033739,0.019519635010510683,4.876251563954704e-06,True,0.5453409942543093,0.5412187601428108,0.602921646746348,0.22987341772151898,0.8525641025641025,0.33284457478005863,0.494008494286581,0.10546376624519686,0.08310946339931091,0.6002823758519962,1729,299,1521,454,4003
ef08248aa2dc1b4b,1,R_S,wavlm,xgboost,768,peak,11842,3966,3990,0.145319614559412,15.410306357778609,0.009529748931527138,2.3884082535155733e-06,True,0.5516290726817042,0.5526077879225464,0.5763888888888888,0.4131408661025386,0.6920747097425543,0.48129892722528267,0.5432316750449961,0.10953701614341606,0.10500539771979256,0.5974215223819918,1371,610,1179,830,3990
1f5b54e817a7fa16,2,R_S,wavlm,xgboost,768,peak,11862,3970,3966,0.1436915611848235,15.801451734732836,0.009385359939187765,2.3664548510307023e-06,True,0.5143721633888049,0.5159116710001099,0.5517241379310345,0.17670682730923695,0.8551165146909828,0.267680608365019,0.4522107304367532,0.04330739181542943,0.031725025441170396,0.5843489205047139,1688,286,1640,352,3966
fd465b73b370e709,3,R_S,wavlm,xgboost,768,peak,11959,3869,3970,0.1580403409898281,59.863347467035055,0.020401055924594402,5.138805018789522e-06,True,0.536272040302267,0.5350127824725944,0.5913978494623656,0.2225594334850784,0.8474661314601104,0.32341051084160233,0.4853304709793373,0.08972117571279617,0.07020131048620493,0.6448404011917281,1689,304,1537,440,3970
2682773f742dd5f2,4,R_S,wavlm,xgboost,768,peak,11926,4003,3869,0.15564075578004122,58.34443288622424,0.019211558159440756,4.9655099921015135e-06,True,0.5089170328250194,0.5172570623689517,0.5659163987138264,0.17759838546922302,0.8569157392686805,0.27035330261136714,0.4501357475269535,0.046967592877974175,0.03392809926000773,0.5545188894004707,1617,270,1630,352,3869
c1dacae1137b8360,0,S_R,wavlm,xgboost,768,peak,11805,3990,4003,0.15180283319205046,15.36414896370843,0.009946557693183422,2.4847758414147944e-06,True,0.5081189108168873,0.5081749182333408,0.5014866204162537,0.5124050632911392,0.5039447731755424,0.5068870523415978,0.5081158411471258,0.01634895889650551,0.01634518629321624,0.5255316705365392,1022,1006,963,1012,4003
5565c6c97ee18bf1,1,S_R,wavlm,xgboost,768,peak,11842,3966,3990,0.15964238997548819,54.56012477306649,0.02053735312074423,5.1472062959258715e-06,True,0.5305764411027569,0.5308822313722524,0.5373216245883644,0.4873071179691389,0.574457344775366,0.5110937092143043,0.5298298143564893,0.06199648241149319,0.06172385972744898,0.5585889494247115,1138,843,1030,979,3990
06b4f92edccc1fa7,2,S_R,wavlm,xgboost,768,peak,11862,3970,3966,0.1435002451762557,15.0692283147946,0.009207883384078741,2.3217053414217703e-06,True,0.5214321734745335,0.521577953149986,0.525323275862069,0.4894578313253012,0.5536980749746707,0.5067567567567568,0.5210081531090347,0.04324424001453264,0.04314247710396413,0.539268014306466,1093,881,1017,975,3966
6456479fe54d064e,3,S_R,wavlm,xgboost,768,peak,11959,3869,3970,0.14483530120924115,16.250756131950766,0.009844186250120401,2.4796438917179854e-06,True,0.5518891687657431,0.551911330526849,0.5493519441674976,0.5574102175012645,0.5464124435524336,0.5533517449158926,0.5518843637392199,0.1038276283573501,0.10381654824785247,0.5749183853147117,1089,904,875,1102,3970
8cccd12bbfa6e205,4,S_R,wavlm,xgboost,768,peak,11926,4003,3869,0.14274055091664195,15.21684266300872,0.009927477221935987,2.5659026161633465e-06,True,0.5626776944947015,0.5621090610406216,0.5714285714285714,0.5852674066599395,0.5389507154213037,0.5782652043868395,0.5620794620968014,0.12433226657854109,0.12429389414070591,0.5924978222123114,1017,870,822,1160,3869
f2b8123ad2e6be30,0,S_S,wavlm,xgboost,768,peak,11805,3990,4003,76.30125235300511,15.36414896370843,0.009313324932008982,2.326586293282284e-06,False,0.5890582063452411,0.5894261353706339,0.5782732447817837,0.6172151898734177,0.5616370808678501,0.5971099681606662,0.5888940103357498,0.17909030384880054,0.1786950264348065,0.6254526502384341,1139,889,756,1219,4003
c5d9e51d43d476db,1,S_S,wavlm,xgboost,768,peak,11842,3966,3990,113.557363120839,54.56012477306649,0.019140879157930613,4.797212821536494e-06,False,0.5862155388471177,0.5866753320305973,0.603110599078341,0.5211548033847685,0.6521958606764261,0.5591455273698265,0.5846495051252911,0.17482595107408933,0.17318434772523994,0.6274666574870429,1292,689,962,1047,3990
76ee839413d1599d,2,S_S,wavlm,xgboost,768,peak,11862,3970,3966,77.33284601056948,15.0692283147946,0.008865138981491327,2.235284665025549e-06,False,0.5670700958144226,0.5671470074828188,0.5717266562336984,0.5502008032128514,0.5840932117527862,0.5607572269122538,0.5669806517360175,0.13436707512098703,0.13427096610806877,0.6112736152309338,1153,821,896,1096,3966
e0c92e7d8095dbfc,3,S_S,wavlm,xgboost,768,peak,11959,3869,3970,78.96345835691318,16.250756131950766,0.009544303640723228,2.404106710509629e-06,False,0.5952141057934509,0.5950968754830069,0.5990364025695931,0.5660091047040972,0.6241846462619167,0.5820546163849155,0.5948124119775615,0.1905234494243046,0.19023585220581685,0.6440191149549472,1244,749,858,1119,3970
6036c94288b9a791,4,S_S,wavlm,xgboost,768,peak,11926,4003,3869,76.02398646203801,15.21684266300872,0.008803205098956823,2.2753179371819137e-06,False,0.5892995606099768,0.5896931685647777,0.6044657097288676,0.5736629667003027,0.6057233704292527,0.588661661920787,0.5892985728958773,0.17940087193493656,0.1791565254671672,0.6303493497652696,1143,744,845,1137,3869
