subject_id,anchor_phone_sec,recorder_time_minus_phone_time_sec,envelope_correlation,peak_at_search_boundary,reliable
01,450.0,-2.3000000000000003,0.7963750421841597,False,True
01,1050.0,-2.3000000000000003,0.8352669857059651,False,True
01,1650.0,-2.2,0.8217084748051913,False,True
01,2250.0,-2.2,0.8320463184847837,False,True
01,2850.0,-2.2,0.7473137015527898,False,True
01,3450.0,-2.1,0.7559457900331696,False,True
01,4050.0,-2.1,0.6809205602174264,False,True
01,4650.0,-2.0,0.7418102123517505,False,True
01,5250.0,-2.0,0.7803587966010331,False,True
01,5850.0,-2.0,0.6950035474251269,False,True
01,6450.0,-2.0,0.6934267603555085,False,True
01,7050.0,-1.9000000000000001,0.7821426021360407,False,True
01,7650.0,-1.9000000000000001,0.7362567193929607,False,True
01,8250.0,-1.8,0.6203821842132676,False,True
01,8850.0,-1.8,0.7073605712737856,False,True
01,9450.0,-1.8,0.8902274482458742,False,True
01,10050.0,-1.7000000000000002,0.7871917651252469,False,True
01,10650.0,-1.7000000000000002,0.6966987735051952,False,True
01,11250.0,-1.7000000000000002,0.644806100712933,False,True
01,11850.0,-1.6,0.15325697645820177,False,False
01,12450.0,119.0,0.045808923168473716,False,False
01,13050.0,-30.6,0.12900460322726715,False,False
01,13650.0,-251.0,0.11644098443672944,False,False
01,14250.0,-47.800000000000004,0.045337470012239645,False,False
01,14850.0,286.2,0.052038410714312595,False,False
01,15450.0,143.70000000000002,0.051857059440451284,False,False
01,16050.0,163.4,0.072599839872654,False,False
01,16650.0,163.4,0.07416820298516572,False,False
01,17250.0,-247.60000000000002,0.03829796007457478,False,False
01,17850.0,197.70000000000002,0.22451842822665224,False,False
01,18450.0,-256.40000000000003,0.1016465176257306,False,False
01,19050.0,-196.0,0.03028624570511622,False,False
01,19650.0,-54.5,0.06928463265316263,False,False
01,20250.0,113.2,0.08744051421616598,False,False
01,20850.0,-47.5,0.08427089593572568,False,False
01,21450.0,41.5,0.09101103087579684,False,False
01,21808.0,41.400000000000006,0.12299601213191813,False,False
02,450.0,1.9000000000000001,0.7537117989253256,False,True
02,1050.0,1.9000000000000001,0.8557056051568448,False,True
02,1650.0,2.0,0.9108431491451963,False,True
02,2250.0,2.0,0.9405050536970913,False,True
02,2850.0,2.0,0.9238746199504775,False,True
02,3450.0,2.1,0.9404859431543278,False,True
02,4050.0,2.1,0.9545000285662065,False,True
02,4650.0,2.1,0.9325598479815148,False,True
02,5250.0,2.2,0.962928052654673,False,True
02,5850.0,2.2,0.9661209910714208,False,True
02,6450.0,2.3000000000000003,0.9409192621729187,False,True
02,7050.0,2.3000000000000003,0.9647096721318946,False,True
02,7650.0,2.3000000000000003,0.9468374153598397,False,True
02,8250.0,2.4000000000000004,0.9554596926497402,False,True
02,8850.0,2.4000000000000004,0.9693929581408144,False,True
02,9450.0,2.4000000000000004,0.9578695100087965,False,True
02,10050.0,2.5,0.9551532504227349,False,True
02,10650.0,2.5,0.9741168188936619,False,True
02,11250.0,2.5,0.9691814975273845,False,True
02,11850.0,2.6,0.9654212136892725,False,True
02,12450.0,2.6,0.9784893709718981,False,True
02,13050.0,2.6,0.9678346682638712,False,True
02,13650.0,2.7,0.9759765862493858,False,True
02,14250.0,2.7,0.9757427359036928,False,True
02,14850.0,2.7,0.9578203498852801,False,True
02,15450.0,-0.5,0.7243637810669687,False,True
02,16050.0,-0.4,0.9599142850981995,False,True
02,16650.0,-0.4,0.973407650847396,False,True
02,17250.0,-0.4,0.9699056853509262,False,True
02,17850.0,-0.30000000000000004,0.9642794598325355,False,True
02,18450.0,-0.30000000000000004,0.9773646765891325,False,True
02,19050.0,-0.30000000000000004,0.9629548974948577,False,True
02,19650.0,-0.2,0.9714739520612091,False,True
02,20250.0,-0.2,0.9808769595510924,False,True
02,20849.2,-0.2,0.9695079438238853,False,True
03,450.0,-2.2,0.6578626601842288,False,True
03,1050.0,-2.2,0.7494136719565606,False,True
03,1650.0,-2.1,0.6670135914985369,False,True
03,2250.0,-2.1,0.7926559149666212,False,True
03,2850.0,-2.1,0.6329732077297612,False,True
03,3450.0,-2.0,0.7590068622966457,False,True
03,4050.0,-2.0,0.8996928377244624,False,True
03,4650.0,-2.0,0.8682306107834303,False,True
03,5250.0,-1.9000000000000001,0.9430782210225924,False,True
03,5850.0,-1.9000000000000001,0.9724329419664998,False,True
03,6450.0,-1.9000000000000001,0.8953445225463341,False,True
03,7050.0,-1.8,0.8196280164338322,False,True
03,7650.0,-1.8,0.8011388250545665,False,True
03,8250.0,-1.7000000000000002,0.8301041297864121,False,True
03,8850.0,-1.7000000000000002,0.753058547235336,False,True
03,9450.0,-5.300000000000001,0.5964488627730359,False,True
03,10050.0,-5.2,0.963644247808625,False,True
03,10650.0,-5.2,0.939539597480991,False,True
03,11250.0,-5.1000000000000005,0.7797086092615635,False,True
03,11850.0,-8.4,0.8471561572020636,False,True
03,12450.0,-8.3,0.8510505915246473,False,True
03,13050.0,-8.3,0.8355792408997428,False,True
03,13650.0,-11.5,0.679576355180231,False,True
03,14250.0,-11.5,0.8397788174812869,False,True
03,14850.0,-11.5,0.81659146035177,False,True
03,15450.0,-18.1,0.6250071230306281,False,True
03,16050.0,-17.900000000000002,0.6823596108061422,False,True
03,16650.0,-21.400000000000002,0.8929702165386086,False,True
03,17250.0,-21.3,0.9572349598583413,False,True
03,17850.0,-21.3,0.8925752137091819,False,True
03,18450.0,-21.200000000000003,0.7724780653866307,False,True
03,19050.0,-21.200000000000003,0.7685941839802954,False,True
03,19650.0,-24.400000000000002,0.7028701708633703,False,True
03,20250.0,-24.400000000000002,0.9599187966641479,False,True
03,20850.0,-24.400000000000002,0.9394791257602544,False,True
03,21450.0,-24.3,0.9429080120683874,False,True
03,21808.0,-24.3,0.9463047761270552,False,True
04,450.0,-0.6000000000000001,0.6873020548916805,False,True
04,1050.0,-0.5,0.7613457947848455,False,True
04,1650.0,-0.5,0.8676433956960976,False,True
04,2250.0,-0.5,0.711211513023927,False,True
04,2850.0,-0.4,0.7216928874525241,False,True
04,3450.0,-0.4,0.8227822588155027,False,True
04,4050.0,-0.4,0.6266616225969954,False,True
04,4650.0,-0.30000000000000004,0.6158284440317917,False,True
04,5250.0,-0.30000000000000004,0.6168307141363776,False,True
04,5850.0,-0.2,0.6259569139182641,False,True
04,6450.0,-0.2,0.7387239058953362,False,True
04,7050.0,-0.2,0.7315520466311328,False,True
04,7650.0,-0.1,0.8177072997249458,False,True
04,8250.0,-0.1,0.7376039487366165,False,True
04,8850.0,0.0,0.5151362489094954,False,True
04,9450.0,0.0,0.6965106333353911,False,True
04,10050.0,0.0,0.655877772292527,False,True
04,10650.0,0.1,0.7134049655911338,False,True
04,11250.0,0.1,0.7598295299181482,False,True
04,11850.0,0.2,0.7660019890496313,False,True
04,12450.0,0.2,0.8101356779208945,False,True
04,13050.0,0.2,0.6823168449226351,False,True
04,13650.0,0.30000000000000004,0.5901194512599732,False,True
04,14250.0,0.30000000000000004,0.7976862233101629,False,True
04,14850.0,0.30000000000000004,0.6587701944024609,False,True
04,15450.0,-6.300000000000001,0.4409707920864763,False,False
04,16050.0,-6.2,0.7009756792645134,False,True
04,16650.0,-6.2,0.7205722849178963,False,True
04,17250.0,-6.1000000000000005,0.7205440868699429,False,True
04,17850.0,-6.1000000000000005,0.7762041495678152,False,True
04,18450.0,-6.1000000000000005,0.710734937526568,False,True
04,19050.0,-6.0,0.5280684052294142,False,True
04,19650.0,-6.0,0.6992606179834477,False,True
04,20250.0,-6.0,0.5698019360604611,False,True
04,20849.2,-5.9,0.6821684683714188,False,True
05,450.0,1.1,0.709761600261679,False,True
05,1050.0,1.2000000000000002,0.7589619824495027,False,True
05,1650.0,1.2000000000000002,0.6447632962493861,False,True
05,2250.0,1.2000000000000002,0.4993862408477983,False,True
05,2850.0,1.3,0.24229037942329684,False,False
05,3450.0,1.3,0.3872701779135609,False,False
05,4050.0,1.3,0.4419825953122924,False,False
05,4650.0,1.4000000000000001,0.5852032087155503,False,True
05,5250.0,1.4000000000000001,0.6261073897719214,False,True
05,5850.0,1.4000000000000001,0.5043403192314923,False,True
05,6450.0,1.5,0.6865346860816722,False,True
05,7050.0,1.5,0.7900337283693902,False,True
05,7650.0,1.5,0.8066754869621746,False,True
05,8250.0,1.6,0.8404999170654285,False,True
05,8850.0,1.6,0.7545070899301258,False,True
05,9450.0,1.7000000000000002,0.7692309202582744,False,True
05,10050.0,1.7000000000000002,0.8400936910730203,False,True
05,10650.0,1.7000000000000002,0.8504481427734615,False,True
05,11250.0,1.8,0.8107687428291197,False,True
05,11850.0,1.8,0.7349976756774127,False,True
05,12450.0,1.8,0.933109946706474,False,True
05,13050.0,1.9000000000000001,0.9366998266903905,False,True
05,13650.0,1.9000000000000001,0.9659985138592412,False,True
05,14250.0,1.9000000000000001,0.9535578984562105,False,True
05,14850.0,2.0,0.9440101994751011,False,True
05,15450.0,2.0,0.6192979466428564,False,True
05,16050.0,-1.2000000000000002,0.9404624780261837,False,True
05,16650.0,-1.2000000000000002,0.9442140633241981,False,True
05,17250.0,-1.1,0.9225662555984319,False,True
05,17850.0,-1.1,0.9395348116636923,False,True
05,18450.0,-1.1,0.9205402789292066,False,True
05,19050.0,-1.0,0.7746633984188738,False,True
05,19650.0,-1.0,0.8574347807604232,False,True
05,20250.0,-1.0,0.9389777696151846,False,True
05,20850.0,-0.9,0.9443560399642558,False,True
05,21450.0,-0.9,0.9603660220244138,False,True
05,21808.0,-0.9,0.9573143745252853,False,True
06,450.0,1.8,0.8735451684761036,False,True
06,1050.0,1.8,0.8596634047671394,False,True
06,1650.0,1.8,0.8590257719992513,False,True
06,2250.0,1.9000000000000001,0.8935550841656205,False,True
06,2850.0,1.9000000000000001,0.8792174912803783,False,True
06,3450.0,2.0,0.8220645424268619,False,True
06,4050.0,2.0,0.8221045176806177,False,True
06,4650.0,2.0,0.8799358136171287,False,True
06,5250.0,2.1,0.8877692506340867,False,True
06,5850.0,2.1,0.8837632431236874,False,True
06,6450.0,2.1,0.8425070040043966,False,True
06,7050.0,2.2,0.8227256021549878,False,True
06,7650.0,2.2,0.779917713955598,False,True
06,8250.0,2.2,0.7182998672094533,False,True
06,8850.0,2.3000000000000003,0.7450741496761405,False,True
06,9450.0,2.3000000000000003,0.7689703411203942,False,True
06,10050.0,2.4000000000000004,0.7517288559597255,False,True
06,10650.0,2.4000000000000004,0.8598067771639957,False,True
06,11250.0,2.4000000000000004,0.889133680078435,False,True
06,11850.0,2.5,0.8173403934408333,False,True
06,12450.0,2.5,0.8443077171122608,False,True
06,13050.0,2.5,0.8470351897831355,False,True
06,13650.0,2.6,0.9194261606694631,False,True
06,14250.0,2.6,0.9575489006686362,False,True
06,14850.0,2.6,0.9342730317421596,False,True
06,15450.0,-0.5,0.5045028941832543,False,True
06,16050.0,-0.5,0.9408466849332662,False,True
06,16650.0,-0.5,0.9063294716240199,False,True
06,17250.0,-0.4,0.9424383808244143,False,True
06,17850.0,-0.4,0.9575751104671225,False,True
06,18450.0,-0.4,0.8701337512149748,False,True
06,19050.0,-0.30000000000000004,0.8388835108430089,False,True
06,19650.0,-0.30000000000000004,0.7825226107943756,False,True
06,20250.0,-0.2,0.6168569295037001,False,True
06,20850.0,-0.2,0.7534246282017891,False,True
06,21450.0,-0.2,0.9161148400876676,False,True
06,21808.0,-0.2,0.9070423324432652,False,True
07,450.0,2.4000000000000004,0.6651662477643829,False,True
07,1050.0,2.5,0.718529512487755,False,True
07,1650.0,2.5,0.5017165188388093,False,True
07,2250.0,2.5,0.6485847181564383,False,True
07,2850.0,2.6,0.5798189006178766,False,True
07,3450.0,2.6,0.6421611541486111,False,True
07,4050.0,2.6,0.5710293079907179,False,True
07,4650.0,2.7,0.6694909301688559,False,True
07,5250.0,2.7,0.6564581874877281,False,True
07,5850.0,2.7,0.40630506519258025,False,False
07,6450.0,2.8000000000000003,0.5956340622518755,False,True
07,7050.0,2.8000000000000003,0.6595798118422865,False,True
07,7650.0,2.9000000000000004,0.7721729476490075,False,True
07,8250.0,2.9000000000000004,0.7771494162772807,False,True
07,8850.0,2.9000000000000004,0.5677210766314778,False,True
07,9450.0,3.0,0.6743741905954928,False,True
07,10050.0,3.0,0.7312013819192702,False,True
07,10650.0,3.0,0.6516400751778539,False,True
07,11250.0,3.1,0.7430337508026282,False,True
07,11850.0,3.1,0.7526773990619446,False,True
07,12450.0,3.1,0.6608619845059068,False,True
07,13050.0,3.2,0.7015445045635582,False,True
07,13650.0,3.2,0.6788240066480803,False,True
07,14250.0,3.3000000000000003,0.5829385274228256,False,True
07,14850.0,3.3000000000000003,0.7583470569505103,False,True
07,15450.0,3.3000000000000003,0.3808680947698521,False,False
07,16050.0,0.1,0.7274485741290739,False,True
07,16650.0,0.1,0.5589953599173626,False,True
07,17250.0,0.2,0.6544497432911749,False,True
07,17850.0,0.2,0.718321168542613,False,True
07,18450.0,0.2,0.5110524661970175,False,True
07,19050.0,0.30000000000000004,0.7517424742366792,False,True
07,19650.0,0.30000000000000004,0.8188023566660623,False,True
07,20250.0,0.30000000000000004,0.6699381911379628,False,True
07,20850.0,0.4,0.5854529815297145,False,True
07,21450.0,0.4,0.4764833143509938,False,True
07,22050.0,0.5,0.6237402860869113,False,True
07,22650.0,0.5,0.7785458060068328,False,True
07,23250.0,0.5,0.6116672464044107,False,True
07,23850.0,0.6000000000000001,0.6560189808236648,False,True
07,24450.0,0.6000000000000001,0.7575649884058565,False,True
07,25050.0,0.6000000000000001,0.6154583526354293,False,True
07,25650.0,0.7000000000000001,0.7306526217578799,False,True
07,26250.0,0.7000000000000001,0.7573174494733206,False,True
07,26850.0,0.7000000000000001,0.6161522183297846,False,True
07,27450.0,0.8,0.7526269130460062,False,True
07,28050.0,0.8,0.6926138547905578,False,True
07,28650.0,0.9,0.5764020998249179,False,True
07,29250.0,0.9,0.772650088429831,False,True
07,29850.0,0.9,0.6626512417204347,False,True
07,30450.0,1.0,0.48724058176647145,False,True
07,31050.0,-2.3000000000000003,0.48966362909461403,False,True
07,31650.0,-2.2,0.6539896225549491,False,True
07,32250.0,-2.2,0.7073287084461324,False,True
07,32850.0,-2.1,0.8635996685280911,False,True
07,33450.0,-2.1,0.7464730905301655,False,True
07,34050.0,-10.200000000000001,0.7939501113029253,False,True
07,34650.0,-10.200000000000001,0.6458893920932166,False,True
07,35250.0,-10.100000000000001,0.7424787940579397,False,True
07,35850.0,-10.100000000000001,0.8221278138345104,False,True
07,36450.0,-10.100000000000001,0.5756888621242512,False,True
07,37050.0,-10.0,0.6838314782952759,False,True
07,37282.8,-10.0,0.676909797500236,False,True
08,450.0,1.2000000000000002,0.7544359927689125,False,True
08,1050.0,1.2000000000000002,0.7550109528600184,False,True
08,1650.0,1.2000000000000002,0.8412367869683584,False,True
08,2250.0,1.3,0.8931165110353736,False,True
08,2850.0,1.3,0.8902197727077394,False,True
08,3450.0,1.3,0.7754087337464936,False,True
08,4050.0,1.4000000000000001,0.8634972799932634,False,True
08,4650.0,1.4000000000000001,0.7645086773092468,False,True
08,5250.0,1.5,0.6005016090553003,False,True
08,5850.0,1.5,0.7392770046135488,False,True
08,6450.0,1.5,0.698748106155077,False,True
08,7050.0,1.6,0.714469361034227,False,True
08,7650.0,1.6,0.7490677243874801,False,True
08,8250.0,1.6,0.873144708142709,False,True
08,8850.0,1.7000000000000002,0.8344113221177287,False,True
08,9450.0,1.7000000000000002,0.8313261079371874,False,True
08,10050.0,1.7000000000000002,0.6832652966397826,False,True
08,10650.0,1.8,0.8225618183276909,False,True
08,11250.0,1.8,0.8396889396755033,False,True
08,11850.0,1.8,0.8670773770781777,False,True
08,12450.0,1.9000000000000001,0.8983960065092401,False,True
08,13050.0,1.9000000000000001,0.9012714264157543,False,True
08,13650.0,1.9000000000000001,0.7985066831400558,False,True
08,14250.0,2.0,0.8024019991894862,False,True
08,14850.0,2.0,0.9084566479539584,False,True
08,15450.0,2.1,0.628793169832742,False,True
08,16050.0,-1.1,0.8736651479089904,False,True
08,16650.0,-1.1,0.8539354675553351,False,True
08,17250.0,-1.0,0.9060933361228105,False,True
08,17850.0,-1.0,0.8911672047268643,False,True
08,18450.0,-1.0,0.7518063255837517,False,True
08,19050.0,-0.9,0.7998166051528276,False,True
08,19650.0,-0.9,0.7338248153933098,False,True
08,20250.0,-0.9,0.6819841072511312,False,True
08,20850.0,-0.8,0.7949896919701405,False,True
08,21450.0,-0.8,0.7198614769285584,False,True
08,22050.0,-0.7000000000000001,0.8436669497087033,False,True
08,22650.0,-0.7000000000000001,0.895526794360807,False,True
08,23250.0,-0.7000000000000001,0.874101644514136,False,True
08,23850.0,-0.6000000000000001,0.8023072639452444,False,True
08,24450.0,-0.6000000000000001,0.8679745198353934,False,True
08,25050.0,-0.6000000000000001,0.8448252465675326,False,True
08,25650.0,-0.5,0.889821833840279,False,True
08,26250.0,-0.5,0.9159065662095094,False,True
08,26850.0,-0.5,0.9145357083830267,False,True
08,27450.0,-0.4,0.9073825059293795,False,True
08,28050.0,-0.4,0.8834580097851578,False,True
08,28650.0,-0.4,0.7482538725552622,False,True
08,29250.0,-0.30000000000000004,0.8819357517728129,False,True
08,29850.0,-0.30000000000000004,0.8805401505371463,False,True
08,30450.0,-0.30000000000000004,0.6580653198223779,False,True
08,31050.0,-3.4000000000000004,0.8164088000394467,False,True
08,31650.0,-3.4000000000000004,0.9120533312782322,False,True
08,32250.0,-3.3000000000000003,0.9026295344434304,False,True
08,32850.0,-3.3000000000000003,0.93508504453584,False,True
08,33450.0,-3.3000000000000003,0.6733938561092406,False,True
08,34050.0,-13.100000000000001,0.8145985569180189,False,True
08,34650.0,-13.100000000000001,0.756018724310823,False,True
08,35250.0,-13.0,0.658002133613756,False,True
08,35850.0,-13.0,0.7912880143801724,False,True
08,36450.0,-13.0,0.7654388197084606,False,True
08,37050.0,-12.9,0.874792833153864,False,True
08,37650.0,-12.9,0.9160845390424147,False,True
08,38250.0,-12.9,0.8723071293860505,False,True
08,38850.0,-12.8,0.8589762662052998,False,True
08,39450.0,-12.8,0.7809087676078985,False,True
08,40050.0,-12.8,0.735034097520029,False,True
08,40650.0,-12.700000000000001,0.8583236648662472,False,True
08,40942.600000000006,-12.700000000000001,0.80340550461516,False,True
09,450.0,1.4000000000000001,0.35190419610860685,False,False
09,1050.0,1.5,0.8276041840271913,False,True
09,1650.0,1.5,0.7304975172226,False,True
09,2250.0,1.6,0.6715872632967921,False,True
09,2850.0,1.6,0.7353453386054659,False,True
09,3450.0,1.6,0.7592865294649137,False,True
09,4050.0,1.7000000000000002,0.6640763914552918,False,True
09,4650.0,1.7000000000000002,0.7537495551311968,False,True
09,5250.0,1.7000000000000002,0.6246005267814242,False,True
09,5850.0,1.8,0.6777596495331561,False,True
09,6450.0,1.8,0.7402183370893628,False,True
09,7050.0,1.8,0.6325114475114739,False,True
09,7650.0,1.9000000000000001,0.7548911101394945,False,True
09,8250.0,1.9000000000000001,0.752746243227913,False,True
09,8850.0,2.0,0.596921021299479,False,True
09,9450.0,2.0,0.7279899391869901,False,True
09,10050.0,2.0,0.8279206636825154,False,True
09,10650.0,2.1,0.8205431624181468,False,True
09,11250.0,2.1,0.7868110393167819,False,True
09,11850.0,2.1,0.7109999344835822,False,True
09,12450.0,2.2,0.5935820631671771,False,True
09,13050.0,2.2,0.6528185778489284,False,True
09,13650.0,2.2,0.7424591367490709,False,True
09,14250.0,2.3000000000000003,0.8202070513985597,False,True
09,14850.0,2.3000000000000003,0.8412125065202655,False,True
09,15450.0,-0.9,0.6379182055586495,False,True
09,16050.0,-0.9,0.7823997147567942,False,True
09,16650.0,-0.9,0.5930837878762332,False,True
09,17250.0,-0.8,0.7083099870406386,False,True
09,17850.0,-0.8,0.6904326864519734,False,True
09,18450.0,-0.7000000000000001,0.595528344817336,False,True
09,19050.0,-0.7000000000000001,0.7043188317871976,False,True
09,19650.0,-0.7000000000000001,0.8040243588722757,False,True
09,20250.0,-0.6000000000000001,0.8272396482519294,False,True
09,20850.0,-0.6000000000000001,0.842361304383279,False,True
09,21450.0,-0.6000000000000001,0.767168119272648,False,True
09,22050.0,-0.5,0.7697351685587197,False,True
09,22650.0,-0.5,0.7362247422034666,False,True
09,23250.0,-0.5,0.6725995780818407,False,True
09,23850.0,-0.4,0.7092588855209278,False,True
09,24450.0,-0.4,0.7330308348940144,False,True
09,25050.0,-0.30000000000000004,0.769302584694186,False,True
09,25650.0,-0.30000000000000004,0.7863786339645955,False,True
09,26250.0,-0.30000000000000004,0.639727748728198,False,True
09,26850.0,-0.2,0.7723106342733325,False,True
09,27450.0,-0.2,0.7971441955933309,False,True
09,28050.0,-0.2,0.5763269266244558,False,True
09,28650.0,-0.1,0.5376804639918801,False,True
09,29250.0,-0.1,0.6436194647494422,False,True
09,29850.0,-0.1,0.6162918330970091,False,True
09,30450.0,0.0,0.5398998539126889,False,True
09,31050.0,-3.2,0.7087177833695201,False,True
09,31650.0,-3.2,0.720670158171893,False,True
09,32250.0,-3.1,0.6374508060801325,False,True
09,32850.0,-3.1,0.7054126296147456,False,True
09,33450.0,-12.9,0.5419668824923389,False,True
09,34050.0,-12.9,0.8223031140280671,False,True
09,34650.0,-12.9,0.7630332016235747,False,True
09,35250.0,-12.8,0.6993794074724413,False,True
09,35850.0,-12.8,0.7669968635201453,False,True
09,36450.0,-12.8,0.8034777611503556,False,True
09,37050.0,-12.700000000000001,0.8062976739934669,False,True
09,37650.0,-12.700000000000001,0.7720060261886278,False,True
09,38250.0,-12.600000000000001,0.631855807256589,False,True
09,38612.5,-12.600000000000001,0.7862829640094493,False,True
10,450.0,-2.4000000000000004,0.7446742453903645,False,True
10,1050.0,-2.3000000000000003,0.8330434618449288,False,True
10,1650.0,-2.3000000000000003,0.5373442037366616,False,True
10,2250.0,-2.3000000000000003,0.46012847528726547,False,True
10,2850.0,-2.2,0.4095039907369611,False,False
10,3450.0,-2.2,0.31658964437856263,False,False
10,4050.0,-2.1,0.4680737781840656,False,True
10,4650.0,-2.1,0.6609343758755459,False,True
10,5250.0,-2.1,0.6342035365254064,False,True
10,5850.0,-2.0,0.6080439634274679,False,True
10,6450.0,-2.0,0.7105582243857731,False,True
10,7050.0,-2.0,0.6801416221372518,False,True
10,7650.0,-1.9000000000000001,0.808164939136981,False,True
10,8250.0,-1.9000000000000001,0.9249529091243897,False,True
10,8850.0,-1.9000000000000001,0.9176971663163703,False,True
10,9450.0,-1.8,0.8187887397992726,False,True
10,10050.0,-1.8,0.8990519408357655,False,True
10,10650.0,-1.8,0.8945718448908497,False,True
10,11250.0,-1.7000000000000002,0.9386111574137156,False,True
10,11850.0,-1.7000000000000002,0.9374586158652664,False,True
10,12450.0,-1.7000000000000002,0.9258285661122233,False,True
10,13050.0,-1.6,0.9307524577097321,False,True
10,13650.0,-1.6,0.9244964127431354,False,True
10,14250.0,-1.5,0.7937929100494313,False,True
10,14850.0,-1.5,0.8409026400653135,False,True
10,15450.0,-8.1,0.5702133889825391,False,True
10,16050.0,-8.0,0.7556179855542832,False,True
10,16650.0,-8.0,0.7051045385840476,False,True
10,17250.0,-8.0,0.6846377894810883,False,True
10,17850.0,-7.9,0.7455352200840158,False,True
10,18450.0,-7.9,0.793913264470587,False,True
10,19050.0,-7.9,0.7845155722197775,False,True
10,19650.0,-7.800000000000001,0.8737562539049346,False,True
10,20250.0,-7.800000000000001,0.9093898942067384,False,True
10,20850.0,-7.800000000000001,0.8736657111678827,False,True
10,21450.0,-7.7,0.8834225024093194,False,True
10,22050.0,-7.7,0.8554630109678621,False,True
10,22650.0,-7.6000000000000005,0.910166401417818,False,True
10,23250.0,-7.6000000000000005,0.9196575896775315,False,True
10,23850.0,-7.6000000000000005,0.846071675102246,False,True
10,24450.0,-7.5,0.8095774989977449,False,True
10,25050.0,-7.5,0.8581731818666604,False,True
10,25650.0,-7.5,0.6408788974268199,False,True
10,26250.0,-7.4,0.7471969148972024,False,True
10,26850.0,-7.4,0.8607187067194678,False,True
10,27450.0,-7.4,0.8295755716868244,False,True
10,28050.0,-7.300000000000001,0.8524753950011862,False,True
10,28650.0,-7.300000000000001,0.8621009488280765,False,True
10,29250.0,-7.2,0.8334504003100281,False,True
10,29850.0,-7.2,0.8738596098459694,False,True
10,30450.0,-7.2,0.5524850860649217,False,True
10,31050.0,-13.700000000000001,0.6894581238258787,False,True
10,31650.0,-13.600000000000001,0.8346832123131671,False,True
10,32250.0,-13.600000000000001,0.8853957752074052,False,True
10,32850.0,-13.600000000000001,0.8650243478851124,False,True
10,33450.0,-13.5,0.6881131866855922,False,True
10,34050.0,-26.6,0.7390843745386496,False,True
10,34650.0,-26.6,0.8056310867486691,False,True
10,35250.0,-26.6,0.8341899357032372,False,True
10,35850.0,-26.5,0.7303176882341267,False,True
10,36450.0,-26.5,0.8051791645912606,False,True
10,37050.0,-26.5,0.7351821031444515,False,True
10,37650.0,-26.400000000000002,0.7869254530123522,False,True
10,38250.0,-26.400000000000002,0.8563907584797283,False,True
10,38850.0,-26.400000000000002,0.7178083461615354,False,True
10,39450.0,-26.3,0.7730958349151625,False,True
10,40050.0,-26.3,0.7642286767021669,False,True
10,40286.8,-26.3,0.6385364470679928,False,True
13,450.0,1.5,0.8500230460249845,False,True
13,1050.0,1.5,0.8915643660484501,False,True
13,1650.0,1.6,0.7945326605456172,False,True
13,2250.0,1.6,0.7405941710899727,False,True
13,2850.0,1.6,0.6121809102980185,False,True
13,3450.0,1.7000000000000002,0.7165134958955964,False,True
13,4050.0,1.7000000000000002,0.7883541547364535,False,True
13,4650.0,1.7000000000000002,0.8381192762733525,False,True
13,5250.0,1.8,0.9402968368934085,False,True
13,5850.0,1.8,0.9378199120903745,False,True
13,6450.0,1.8,0.9568782693776304,False,True
13,7050.0,1.9000000000000001,0.9459919649095785,False,True
13,7650.0,1.9000000000000001,0.9163032299899423,False,True
13,8250.0,1.9000000000000001,0.9352120219734023,False,True
13,8850.0,2.0,0.915818711923309,False,True
13,9450.0,2.0,0.9375151383939276,False,True
13,10050.0,2.0,0.8269124944240761,False,True
13,10650.0,2.1,0.8961405677592781,False,True
13,11250.0,2.1,0.9179079447361158,False,True
13,11850.0,2.1,0.9405461256128345,False,True
13,12450.0,2.2,0.9576389204812161,False,True
13,13050.0,2.2,0.8549353899199212,False,True
13,13650.0,2.2,0.8794482495928874,False,True
13,14250.0,2.3000000000000003,0.9089317419677216,False,True
13,14850.0,2.3000000000000003,0.8130684215881239,False,True
13,15450.0,-0.9,0.7368546403008979,False,True
13,16050.0,-0.9,0.8840100573280556,False,True
13,16650.0,-0.9,0.8142252724224448,False,True
13,17250.0,-0.8,0.7924796958729062,False,True
13,17850.0,-0.8,0.8594153989759942,False,True
13,18450.0,-0.8,0.8105264872807809,False,True
13,19050.0,-0.7000000000000001,0.7881342107753617,False,True
13,19650.0,-0.7000000000000001,0.8264134480074165,False,True
13,20250.0,-0.7000000000000001,0.8285602184671209,False,True
13,20850.0,-0.6000000000000001,0.9044298316025717,False,True
13,21450.0,-0.6000000000000001,0.8691584896264846,False,True
13,22050.0,-0.6000000000000001,0.7967097272083574,False,True
13,22650.0,-0.5,0.8428277561518396,False,True
13,23250.0,-0.5,0.8825293800184633,False,True
13,23850.0,-0.5,0.8979974466508943,False,True
13,24450.0,-0.4,0.9207006625600447,False,True
13,25050.0,-0.4,0.7653908937117756,False,True
13,25650.0,-0.4,0.7584859648907477,False,True
13,26250.0,-0.30000000000000004,0.9031463303175311,False,True
13,26850.0,-0.30000000000000004,0.9697310742529717,False,True
13,27450.0,-0.30000000000000004,0.9508296067362193,False,True
13,28050.0,-0.2,0.970571620738325,False,True
13,28650.0,-0.2,0.9710530161887441,False,True
13,29250.0,-0.2,0.9210485966393529,False,True
13,29850.0,-0.1,0.8328650675941847,False,True
13,30450.0,-0.1,0.7374630142711907,False,True
13,31050.0,-3.3000000000000003,0.7715105640625589,False,True
13,31650.0,-3.3000000000000003,0.7024319790042183,False,True
13,32250.0,-3.2,0.6818897674467632,False,True
13,32850.0,-3.2,0.8289988291270765,False,True
13,33450.0,-12.5,0.41234435312305157,False,False
13,34050.0,-12.5,0.8291759300816556,False,True
13,34650.0,-12.4,0.8010584515043379,False,True
13,35250.0,-12.4,0.8151015123047032,False,True
13,35850.0,-12.4,0.8038007662708517,False,True
13,36450.0,-12.3,0.8206968755277312,False,True
13,36675.4,-12.3,0.7635724285889607,False,True
14,450.0,1.0,0.7287160225689909,False,True
14,1050.0,1.0,0.32915585549401455,False,False
14,1650.0,1.1,0.566793189404628,False,True
14,2250.0,1.1,0.6026453379497373,False,True
14,2850.0,1.1,0.7316475364047641,False,True
14,3450.0,1.2000000000000002,0.8945307356442915,False,True
14,4050.0,1.2000000000000002,0.8918744157139619,False,True
14,4650.0,1.3,0.3176120297025803,False,False
14,5250.0,1.3,0.7840559890560245,False,True
14,5850.0,1.3,0.7708533458256689,False,True
14,6450.0,1.4000000000000001,0.5224894369819127,False,True
14,7050.0,1.4000000000000001,0.6755484662904887,False,True
14,7650.0,1.4000000000000001,0.8237185238423846,False,True
14,8250.0,1.5,0.8855425353243194,False,True
14,8850.0,1.5,0.9564840931253611,False,True
14,9450.0,1.5,0.9375401792194332,False,True
14,10050.0,1.6,0.8352062171292925,False,True
14,10650.0,1.6,0.8542964688636785,False,True
14,11250.0,1.6,0.7064296425752639,False,True
14,11850.0,1.7000000000000002,0.8678787750003691,False,True
14,12450.0,1.7000000000000002,0.849097442497607,False,True
14,13050.0,1.8,0.6693938809823001,False,True
14,13650.0,1.8,0.6736203773401019,False,True
14,14250.0,1.8,0.8616125684065904,False,True
14,14850.0,1.9000000000000001,0.9342149175827819,False,True
14,15450.0,1.9000000000000001,0.7943536832910347,False,True
14,16050.0,-1.3,0.8280703156965222,False,True
14,16650.0,-1.3,0.8475932982699268,False,True
14,17250.0,-1.3,0.7000928893106548,False,True
14,17850.0,-1.2000000000000002,0.6463979945462124,False,True
14,18450.0,-1.2000000000000002,0.8964846854712365,False,True
14,19050.0,-1.2000000000000002,0.8779597406607065,False,True
14,19650.0,-1.1,0.9222963902454616,False,True
14,20250.0,-1.1,0.9535650182803073,False,True
14,20850.0,-1.0,0.7185357235915323,False,True
14,21450.0,-1.0,0.8645260205365282,False,True
14,22050.0,-1.0,0.8864378963519001,False,True
14,22650.0,-0.9,0.8904965795489583,False,True
14,23250.0,-0.9,0.952378785717271,False,True
14,23850.0,-0.9,0.9387077774099433,False,True
14,24450.0,-0.8,0.8052367583903086,False,True
14,25050.0,-0.8,0.8456824159761405,False,True
14,25650.0,-0.7000000000000001,0.8777736343145585,False,True
14,26250.0,-0.7000000000000001,0.9268726947966307,False,True
14,26850.0,-0.7000000000000001,0.7953523634918994,False,True
14,27450.0,-0.6000000000000001,0.7738579365567794,False,True
14,28050.0,-0.6000000000000001,0.8782554499904878,False,True
14,28650.0,-0.6000000000000001,0.8304750508680474,False,True
14,29250.0,-0.5,0.838051254974796,False,True
14,29850.0,-0.5,0.8970394599789024,False,True
14,30450.0,-0.5,0.7459354709944397,False,True
14,31050.0,-3.6,0.7175561243282605,False,True
14,31650.0,-3.6,0.6813564817015882,False,True
14,32250.0,-3.5,0.750815397503523,False,True
14,32850.0,-3.5,0.8111203097921528,False,True
14,33450.0,-13.3,0.6006263803827699,False,True
14,34050.0,-13.3,0.8576058950906289,False,True
14,34650.0,-13.3,0.7223437293152373,False,True
14,35250.0,-13.200000000000001,0.7131653844450042,False,True
14,35850.0,-13.200000000000001,0.8547703377449858,False,True
14,36450.0,-13.100000000000001,0.7435789216950905,False,True
14,37050.0,-13.100000000000001,0.8432887575096021,False,True
14,37650.0,-13.100000000000001,0.621326216999247,False,True
14,38250.0,-13.0,0.5871984890037534,False,True
14,38850.0,-13.0,0.7082210739506848,False,True
14,39450.0,-13.0,0.5802852087575867,False,True
14,39948.0,-12.9,0.41488426737764245,False,False
15,450.0,2.2,0.7892155303297982,False,True
15,1050.0,2.3000000000000003,0.8876385566376588,False,True
15,1650.0,2.3000000000000003,0.9213751187523497,False,True
15,2250.0,2.4000000000000004,0.811902988968189,False,True
15,2850.0,2.4000000000000004,0.8569259179209775,False,True
15,3450.0,2.4000000000000004,0.7273952131756565,False,True
15,4050.0,2.5,0.8554236958399846,False,True
15,4650.0,2.5,0.8450337929867131,False,True
15,5250.0,2.6,0.6600740843020212,False,True
15,5850.0,2.6,0.8261970006238931,False,True
15,6450.0,2.6,0.8357600805537996,False,True
15,7050.0,2.7,0.759838863215074,False,True
15,7650.0,2.7,0.8415058650823254,False,True
15,8250.0,2.7,0.6763088837864971,False,True
15,8850.0,2.8000000000000003,0.7962801711215809,False,True
15,9450.0,2.8000000000000003,0.7644673202722653,False,True
15,10050.0,2.9000000000000004,0.750940618265345,False,True
15,10650.0,2.9000000000000004,0.8409088501936293,False,True
15,11250.0,2.9000000000000004,0.7452776028623186,False,True
15,11850.0,3.0,0.817595768438832,False,True
15,12450.0,3.0,0.8040525017121708,False,True
15,13050.0,3.1,0.8012234149231893,False,True
15,13650.0,3.1,0.9171468905565653,False,True
15,14250.0,3.1,0.9346272989570906,False,True
15,14850.0,3.2,0.9298403189744843,False,True
15,15450.0,3.2,0.46845968489379397,False,True
15,16050.0,-3.3000000000000003,0.8692142028348936,False,True
15,16650.0,-3.3000000000000003,0.8971463661311855,False,True
15,17250.0,-3.3000000000000003,0.8879682721054799,False,True
15,17850.0,-3.2,0.9118885077280445,False,True
15,18450.0,-3.2,0.9187208080051211,False,True
15,19050.0,-3.1,0.8696573193627863,False,True
15,19650.0,-3.1,0.891623123791604,False,True
15,20250.0,-3.1,0.8760669575724521,False,True
15,20850.0,-3.0,0.904818336705417,False,True
15,21450.0,-3.0,0.9445276599326085,False,True
15,22050.0,-3.0,0.9372690366288418,False,True
15,22650.0,-2.9000000000000004,0.9633274241709205,False,True
15,23250.0,-2.9000000000000004,0.9651581276921324,False,True
15,23850.0,-2.8000000000000003,0.963542704538531,False,True
15,24450.0,-2.8000000000000003,0.8811110810660746,False,True
15,25050.0,-2.8000000000000003,0.7250184621327679,False,True
15,25650.0,-2.7,0.8750614043610266,False,True
15,26250.0,-2.7,0.9003383703186755,False,True
15,26850.0,-2.6,0.8252596670721658,False,True
15,27450.0,-2.6,0.8909826027423601,False,True
15,28050.0,-2.6,0.8037377469812661,False,True
15,28650.0,-2.5,0.8360146713370805,False,True
15,29250.0,-2.5,0.8664151164410866,False,True
15,29850.0,-2.4000000000000004,0.8030569958146906,False,True
15,30450.0,-2.4000000000000004,0.7962950681656371,False,True
15,31050.0,-9.0,0.5486603399485334,False,True
15,31650.0,-8.9,0.8183727193169421,False,True
15,32250.0,-8.9,0.8243783268463236,False,True
15,32850.0,-8.8,0.8007107228156709,False,True
15,33450.0,-8.8,0.6115681915578727,False,True
15,34050.0,-25.400000000000002,0.8036487502597491,False,True
15,34650.0,-25.400000000000002,0.8542482558626757,False,True
15,35250.0,-25.400000000000002,0.8676530121043456,False,True
15,35850.0,-25.3,0.8400284423581178,False,True
15,36450.0,-25.3,0.8655621473473182,False,True
15,37050.0,-25.200000000000003,0.7693808033179989,False,True
15,37650.0,-25.200000000000003,0.8376394928051738,False,True
15,38250.0,-25.200000000000003,0.8035096611649702,False,True
15,38850.0,-25.1,0.788153023885787,False,True
15,39450.0,-25.1,0.8245247199512576,False,True
15,40050.0,-25.0,0.8086464290482127,False,True
15,40426.100000000006,-25.0,0.718555085854242,False,True
16,450.0,1.9000000000000001,0.7816745509389021,False,True
16,1050.0,1.9000000000000001,0.8822348294161388,False,True
16,1650.0,1.9000000000000001,0.8189637642908617,False,True
16,2250.0,1.9000000000000001,0.6479942128461557,False,True
16,2850.0,2.0,0.7480448775026788,False,True
16,3450.0,2.0,0.7605425229749696,False,True
16,4050.0,2.0,0.6588320917474139,False,True
16,4650.0,2.1,0.7674159885757165,False,True
16,5250.0,2.1,0.726558890679433,False,True
16,5850.0,2.1,0.5377686434099801,False,True
16,6450.0,2.2,0.6919612287364519,False,True
16,7050.0,2.2,0.6676745843889833,False,True
16,7650.0,2.3000000000000003,0.7768674482542435,False,True
16,8250.0,2.3000000000000003,0.8372227344683727,False,True
16,8850.0,2.3000000000000003,0.8153493869632663,False,True
16,9450.0,2.4000000000000004,0.8076343636468089,False,True
16,10050.0,2.4000000000000004,0.6191516775859177,False,True
16,10650.0,-1.2000000000000002,0.7747489229904047,False,True
16,11250.0,-1.1,0.7898737326674894,False,True
16,11850.0,-1.1,0.8808084007233665,False,True
16,12450.0,-1.1,0.8222262799182207,False,True
16,13050.0,-1.0,0.7704413445026441,False,True
16,13650.0,-1.0,0.8087588932158034,False,True
16,14250.0,-1.0,0.757634007745482,False,True
16,14850.0,-0.9,0.7796565031037822,False,True
16,15450.0,-0.9,0.5598878484509732,False,True
16,16050.0,-7.7,0.7431686637111649,False,True
16,16650.0,-7.7,0.6888891447629006,False,True
16,17250.0,-7.6000000000000005,0.61489680770841,False,True
16,17850.0,-7.6000000000000005,0.7271893582700987,False,True
16,18450.0,-7.6000000000000005,0.7346374813205893,False,True
16,19050.0,-7.5,0.8355968277392719,False,True
16,19650.0,-7.5,0.9456037419726728,False,True
16,20250.0,-7.5,0.918880016872424,False,True
16,20850.0,-7.4,0.815713734350204,False,True
16,21450.0,-7.4,0.8480747823290229,False,True
16,22050.0,-7.4,0.7591915364559749,False,True
16,22650.0,-7.300000000000001,0.8199947274042764,False,True
16,23250.0,-7.300000000000001,0.8647056437027436,False,True
16,23850.0,-7.300000000000001,0.8787061411263043,False,True
16,24450.0,-7.2,0.8790647754068408,False,True
16,25050.0,-7.2,0.9252517189340405,False,True
16,25650.0,-7.2,0.7843947832624312,False,True
16,26250.0,-7.1000000000000005,0.8294144148789439,False,True
16,26850.0,-7.1000000000000005,0.8659607066930621,False,True
16,27450.0,-7.1000000000000005,0.8515619394224098,False,True
16,28050.0,-7.0,0.8684195366128992,False,True
16,28650.0,-7.0,0.8179976114724147,False,True
16,29250.0,-7.0,0.7914606663185246,False,True
16,29850.0,-6.9,0.8289232261458283,False,True
16,30450.0,-6.9,0.7283585924632182,False,True
16,31050.0,-13.600000000000001,0.728440689629184,False,True
16,31650.0,-13.5,0.8258902133736643,False,True
16,32250.0,-13.5,0.9239398126222826,False,True
16,32850.0,-13.5,0.8829339321372974,False,True
16,33450.0,-13.4,0.6485376362482365,False,True
16,34050.0,-63.900000000000006,0.7966745953979512,False,True
16,34650.0,-63.800000000000004,0.7764190763319753,False,True
16,35250.0,-63.800000000000004,0.898313608454499,False,True
16,35850.0,-63.800000000000004,0.8706952975296531,False,True
16,36450.0,-63.7,0.870009898923146,False,True
16,37050.0,-63.7,0.7390340342377568,False,True
16,37407.6,-63.7,0.623420070965507,False,True
18,450.0,-19.5,0.4641803197424325,False,True
18,1050.0,-19.400000000000002,0.720918444285029,False,True
18,1650.0,-19.400000000000002,0.6476597261255038,False,True
18,2250.0,-19.3,0.5192285600112437,False,True
18,2850.0,-19.3,0.6534276979806741,False,True
18,3450.0,-19.3,0.6342041942211791,False,True
18,4050.0,-19.200000000000003,0.5587527089879148,False,True
18,4650.0,-19.200000000000003,0.6725808158538399,False,True
18,5250.0,-19.200000000000003,0.6300316379697689,False,True
18,5850.0,-19.1,0.637478725085539,False,True
18,6450.0,-19.1,0.6523721219205194,False,True
18,7050.0,-19.1,0.6533491668369082,False,True
18,7650.0,-19.0,0.6965012505260564,False,True
18,8250.0,-19.0,0.7730092611847587,False,True
18,8850.0,-19.0,0.6360746108327752,False,True
18,9450.0,-18.900000000000002,0.7399922602103195,False,True
18,10050.0,-18.900000000000002,0.6858577132887206,False,True
18,10650.0,-18.8,0.5705202182680561,False,True
18,11250.0,-18.8,0.7825605459279472,False,True
18,11850.0,-18.8,0.5137359054367711,False,True
18,12450.0,-21.900000000000002,0.5414882643162371,False,True
18,13050.0,-21.900000000000002,0.38722154037975853,False,False
18,13650.0,-25.1,0.6322953766325876,False,True
18,14250.0,-25.1,0.7752557614671731,False,True
18,14850.0,-25.1,0.6936108601086092,False,True
18,15450.0,-28.200000000000003,0.4778774399104067,False,True
18,16050.0,-28.200000000000003,0.7790323003509142,False,True
18,16650.0,-28.200000000000003,0.6192031898383471,False,True
18,17250.0,-28.1,0.7105261757067557,False,True
18,17850.0,-28.1,0.7694127740612913,False,True
18,18450.0,-28.1,0.6064977125311762,False,True
18,19050.0,-28.0,0.7196995665477717,False,True
18,19650.0,-28.0,0.7034147826506647,False,True
18,20250.0,-27.900000000000002,0.6749497769143341,False,True
18,20850.0,-27.900000000000002,0.7608914496397667,False,True
18,21450.0,-27.900000000000002,0.4063959812928452,False,False
18,22050.0,-34.4,0.6562556907658438,False,True
18,22650.0,-34.4,0.7755889507112911,False,True
18,23250.0,-34.4,0.6192199013889568,False,True
18,23850.0,-34.300000000000004,0.6963211374960103,False,True
18,24450.0,-34.300000000000004,0.765487901714865,False,True
18,25050.0,-34.300000000000004,0.5579741422395079,False,True
18,25650.0,-34.2,0.7278358103029402,False,True
18,26250.0,-34.2,0.743313110503369,False,True
18,26850.0,-34.2,0.5388677861416242,False,True
18,27450.0,-34.1,0.7357349316751073,False,True
18,28050.0,-34.1,0.7150727216727156,False,True
18,28650.0,-34.0,0.5660911750342897,False,True
18,29250.0,-34.0,0.7092729085141679,False,True
18,29850.0,-34.0,0.4581108515998944,False,True
18,30450.0,-37.2,0.7259230667314228,False,True
18,31050.0,-40.300000000000004,0.6033119534475254,False,True
18,31650.0,-40.300000000000004,0.608333782726181,False,True
18,32250.0,-40.2,0.6321327574242462,False,True
18,32850.0,-43.5,0.488119020234197,False,True
18,33450.0,-43.5,0.5097694850358161,False,True
18,34050.0,-53.800000000000004,0.7369907391823186,False,True
18,34650.0,-53.800000000000004,0.5521465710587093,False,True
18,35250.0,-53.7,0.7179312107793046,False,True
18,35850.0,-53.7,0.6613540406804496,False,True
18,36450.0,-53.6,0.6878237885631647,False,True
18,37050.0,-53.6,0.7402802025994615,False,True
18,37650.0,-53.6,0.7582612193275924,False,True
18,38250.0,-53.5,0.5395629196503257,False,True
18,38850.0,-53.5,0.7396251561998093,False,True
18,39450.0,-53.5,0.6752486307506477,False,True
18,40050.0,-53.400000000000006,0.6242211950918612,False,True
18,40650.0,-53.400000000000006,0.683307503352173,False,True
18,41250.0,-53.400000000000006,0.6669571943238841,False,True
18,41575.100000000006,-53.300000000000004,0.39786389769731845,False,False
19,450.0,5.6000000000000005,0.5463712547434276,False,True
19,1050.0,5.6000000000000005,0.6807384549616371,False,True
19,1650.0,5.7,0.7057180585249551,False,True
19,2250.0,5.7,0.7408074717637999,False,True
19,2850.0,5.7,0.5897347295910201,False,True
19,3450.0,5.800000000000001,0.593183924762844,False,True
19,4050.0,5.800000000000001,0.6326659759147438,False,True
19,4650.0,5.800000000000001,0.4601404067934698,False,True
19,5250.0,5.9,0.635133869076045,False,True
19,5850.0,5.9,0.781128515014095,False,True
19,6450.0,5.9,0.7521936765281232,False,True
19,7050.0,6.0,0.7103944744921327,False,True
19,7650.0,6.0,0.6707849715036359,False,True
19,8250.0,6.1000000000000005,0.5485657743097494,False,True
19,8850.0,6.1000000000000005,0.4894085563806579,False,True
19,9450.0,6.1000000000000005,0.5040466683195892,False,True
19,10050.0,6.2,0.4493753064440432,False,False
19,10650.0,6.2,0.5748429453149702,False,True
19,11250.0,6.2,0.5851244985924896,False,True
19,11850.0,6.300000000000001,0.6285239507616134,False,True
19,12450.0,6.300000000000001,0.6763122609649348,False,True
19,13050.0,6.300000000000001,0.5990761697195668,False,True
19,13650.0,6.4,0.5413712807623156,False,True
19,14250.0,6.4,0.8672219862618311,False,True
19,14850.0,6.4,0.9011728937644726,False,True
19,15450.0,6.4,0.7773253417247766,False,True
19,16050.0,3.3000000000000003,0.8568837379940482,False,True
19,16650.0,3.3000000000000003,0.9083810188832023,False,True
19,17250.0,3.4000000000000004,0.8699612882979924,False,True
19,17850.0,3.4000000000000004,0.6674222967605207,False,True
19,18450.0,3.4000000000000004,0.5782162858343576,False,True
19,19050.0,3.5,0.5423467237133689,False,True
19,19650.0,3.5,0.4565050559144806,False,True
19,20250.0,3.6,0.5294832928414314,False,True
19,20850.0,3.6,0.680582494829644,False,True
19,21450.0,3.6,0.4726828294513495,False,True
19,22050.0,3.7,0.5816355743874897,False,True
19,22650.0,3.7,0.9049801893648531,False,True
19,23250.0,3.7,0.9300076938761782,False,True
19,23850.0,3.8000000000000003,0.854033764839495,False,True
19,24450.0,3.8000000000000003,0.8243247444748704,False,True
19,25050.0,3.8000000000000003,0.8017566549835147,False,True
19,25650.0,3.9000000000000004,0.7923288905877736,False,True
19,26250.0,3.9000000000000004,0.731567248335104,False,True
19,26850.0,3.9000000000000004,0.7152772502307195,False,True
19,27450.0,4.0,0.8439267587720328,False,True
19,28050.0,4.0,0.8746066931568907,False,True
19,28650.0,4.0,0.8579023241755453,False,True
19,29250.0,4.1000000000000005,0.8976034383357279,False,True
19,29850.0,4.1000000000000005,0.9022736115362332,False,True
19,30450.0,4.1000000000000005,0.6673769010686105,False,True
19,31050.0,1.0,0.6711195951487425,False,True
19,31650.0,1.0,0.6812196159822124,False,True
19,32250.0,1.1,0.7165343626262601,False,True
19,32850.0,1.1,0.7705132253787959,False,True
19,33450.0,1.1,0.43285695121484696,False,False
19,34050.0,-8.5,0.6372692985359375,False,True
19,34650.0,-8.5,0.7972305286955971,False,True
19,35250.0,-8.5,0.7422424093125918,False,True
19,35850.0,-8.4,0.6880146920936264,False,True
19,36450.0,-8.4,0.7491585308084534,False,True
19,37050.0,-8.4,0.7672207803581919,False,True
19,37650.0,-8.3,0.6974272807890163,False,True
19,37713.6,-8.3,0.6005076762921978,False,True
20,450.0,3.3000000000000003,0.8680893637736525,False,True
20,1050.0,3.3000000000000003,0.9401811314249812,False,True
20,1650.0,3.3000000000000003,0.8215336739537733,False,True
20,2250.0,3.4000000000000004,0.8572365847140213,False,True
20,2850.0,3.4000000000000004,0.8882478401711345,False,True
20,3450.0,3.4000000000000004,0.8196615387205156,False,True
20,4050.0,3.5,0.9389518189970653,False,True
20,4650.0,3.5,0.9108072230207342,False,True
20,5250.0,3.5,0.8467734224641599,False,True
20,5850.0,3.6,0.9374254032424645,False,True
20,6450.0,3.6,0.9483732137657424,False,True
20,7050.0,3.6,0.8874690142531314,False,True
20,7650.0,3.7,0.9139147740763057,False,True
20,8250.0,3.7,0.9015803932842475,False,True
20,8850.0,3.8000000000000003,0.8352207010822601,False,True
20,9450.0,3.8000000000000003,0.9240340790621975,False,True
20,10050.0,3.8000000000000003,0.9205402434498907,False,True
20,10650.0,3.9000000000000004,0.8786806958787277,False,True
20,11250.0,3.9000000000000004,0.9355872770609929,False,True
20,11850.0,3.9000000000000004,0.9518285153840951,False,True
20,12450.0,3.9000000000000004,0.8829408560587844,False,True
20,13050.0,4.0,0.9314439900381513,False,True
20,13650.0,4.0,0.9294561630307817,False,True
20,14250.0,4.1000000000000005,0.9173953922443703,False,True
20,14850.0,4.1000000000000005,0.9118246063183358,False,True
20,15450.0,0.9,0.6100990192028704,False,True
20,16050.0,0.9,0.9106642520876242,False,True
20,16650.0,0.9,0.8521359328213555,False,True
20,17250.0,1.0,0.8940546083710135,False,True
20,17850.0,1.0,0.9359750487602062,False,True
20,18450.0,1.0,0.9103052210522662,False,True
20,19050.0,1.1,0.9155689289100756,False,True
20,19650.0,1.1,0.9267647998358542,False,True
20,20250.0,1.1,0.9252939319164224,False,True
20,20850.0,1.2000000000000002,0.9209774786662505,False,True
20,21450.0,1.2000000000000002,0.9346799431576163,False,True
20,22050.0,1.2000000000000002,0.9072282488545879,False,True
20,22650.0,1.3,0.8518483495868465,False,True
20,23250.0,1.3,0.9001861774484607,False,True
20,23850.0,1.3,0.8904942056874993,False,True
20,24450.0,1.4000000000000001,0.8632948310175654,False,True
20,25050.0,1.4000000000000001,0.8586289694433121,False,True
20,25650.0,1.4000000000000001,0.7967284346573029,False,True
20,26250.0,1.5,0.906562069060702,False,True
20,26850.0,1.5,0.8776973122920281,False,True
20,27450.0,1.5,0.8341043174311987,False,True
20,28050.0,1.6,0.8687719331490719,False,True
20,28650.0,1.6,0.9279480591853458,False,True
20,29250.0,1.6,0.8756619263450612,False,True
20,29850.0,1.7000000000000002,0.9318212385036327,False,True
20,30450.0,1.7000000000000002,0.8375765723802161,False,True
20,31050.0,-1.5,0.8656058388941383,False,True
20,31650.0,-1.5,0.9475754449413295,False,True
20,32250.0,-1.4000000000000001,0.9185811555822937,False,True
20,32850.0,-1.4000000000000001,0.9420772568297463,False,True
20,33450.0,-1.4000000000000001,0.7430399491311611,False,True
20,34050.0,-10.3,0.8582177649038117,False,True
20,34650.0,-10.200000000000001,0.6665588017078607,False,True
20,35250.0,-10.200000000000001,0.692143839861405,False,True
20,35850.0,-10.200000000000001,0.5731942723320326,False,True
20,36450.0,-10.100000000000001,0.6594888478712475,False,True
20,36763.4,-10.100000000000001,0.7515913165858078,False,True
21,450.0,-0.9,0.7507571620071085,False,True
21,1050.0,-0.9,0.8109593875526887,False,True
21,1650.0,-0.8,0.8028753511593091,False,True
21,2250.0,-0.8,0.8288260684671911,False,True
21,2850.0,-0.8,0.7274466854814943,False,True
21,3450.0,-0.7000000000000001,0.7561671744886932,False,True
21,4050.0,-0.7000000000000001,0.8315683300454078,False,True
21,4650.0,-0.7000000000000001,0.8722766347197699,False,True
21,5250.0,-0.6000000000000001,0.8433506957445719,False,True
21,5850.0,-0.6000000000000001,0.7759035326274224,False,True
21,6450.0,-0.6000000000000001,0.7656989545281397,False,True
21,7050.0,-0.5,0.7826539913808599,False,True
21,7650.0,-0.5,0.7569992138097721,False,True
21,8250.0,-0.5,0.6581267451273728,False,True
21,8850.0,-0.4,0.7025935935492171,False,True
21,9450.0,-0.4,0.766323209548246,False,True
21,10050.0,-0.4,0.7101870328758363,False,True
21,10650.0,-0.30000000000000004,0.6138270789852684,False,True
21,11250.0,-0.30000000000000004,0.7000257917922782,False,True
21,11850.0,-0.2,0.589203585349929,False,True
21,12450.0,-0.2,0.6555525400784045,False,True
21,13050.0,-0.2,0.6501309441487843,False,True
21,13650.0,-0.1,0.6469235307477128,False,True
21,14250.0,-0.1,0.6462305813292508,False,True
21,14850.0,-0.1,0.5606623932311063,False,True
21,15450.0,-6.7,0.36118648623045435,False,False
21,16050.0,-6.6000000000000005,0.667130502858228,False,True
21,16650.0,-6.6000000000000005,0.6787544025260309,False,True
21,17250.0,-6.6000000000000005,0.5624918523276571,False,True
21,17850.0,-6.5,0.5206117806714832,False,True
21,18450.0,-6.5,0.6232242003259987,False,True
21,19050.0,-6.5,0.5305426681888512,False,True
21,19650.0,-6.4,0.6711099562866422,False,True
21,20250.0,-6.4,0.6740296741514762,False,True
21,20850.0,-6.4,0.5606701420415956,False,True
21,21450.0,-6.300000000000001,0.7064165477444693,False,True
21,21808.0,-6.300000000000001,0.5388078325154225,False,True
26,450.0,8.3,0.8220332740647389,False,True
26,1050.0,8.3,0.8937073522890553,False,True
26,1650.0,8.3,0.8779116593523033,False,True
26,2250.0,8.4,0.9296422824032088,False,True
26,2850.0,8.4,0.9422573577044401,False,True
26,3450.0,8.4,0.9372268275636993,False,True
26,4050.0,8.5,0.9691463567246129,False,True
26,4650.0,8.5,0.968581964261248,False,True
26,5250.0,8.6,0.9462137230485783,False,True
26,5850.0,8.6,0.9706633961557305,False,True
26,6450.0,8.6,0.9220333877070409,False,True
26,7050.0,8.700000000000001,0.7736620208119507,False,True
26,7650.0,8.700000000000001,0.8305688491113761,False,True
26,8250.0,8.700000000000001,0.7577641001941416,False,True
26,8850.0,8.8,0.7693725099477366,False,True
26,9450.0,8.8,0.7996914908097826,False,True
26,10050.0,8.8,0.8005272917365073,False,True
26,10650.0,8.9,0.7716237110188806,False,True
26,11250.0,8.9,0.9396050650252061,False,True
26,11850.0,8.9,0.9092898564664825,False,True
26,12450.0,9.0,0.9582109519071971,False,True
26,13050.0,9.0,0.9567716587889087,False,True
26,13650.0,9.1,0.9398008416623406,False,True
26,14250.0,9.1,0.9534617659208054,False,True
26,14850.0,9.1,0.9654523323604017,False,True
26,15450.0,9.200000000000001,0.6926881209063274,False,True
26,16050.0,6.0,0.9746991966756311,False,True
26,16650.0,6.0,0.9610451491142383,False,True
26,17250.0,6.1000000000000005,0.9610749604647131,False,True
26,17850.0,6.1000000000000005,0.9611063756906432,False,True
26,18450.0,6.1000000000000005,0.9280553913113637,False,True
26,19050.0,6.2,0.9201186357650739,False,True
26,19650.0,6.2,0.9785313536909307,False,True
26,20250.0,6.300000000000001,0.9729741555778095,False,True
26,20850.0,6.300000000000001,0.9831594558190452,False,True
26,21450.0,6.300000000000001,0.986578280831869,False,True
26,22050.0,6.300000000000001,0.9702153667714615,False,True
26,22650.0,6.4,0.9746545705734132,False,True
26,23250.0,6.4,0.9797520160203788,False,True
26,23850.0,6.5,0.9720364759914537,False,True
26,24450.0,6.5,0.9807363184289674,False,True
26,25050.0,6.5,0.9708474618281442,False,True
26,25650.0,6.6000000000000005,0.9543100795408784,False,True
26,26250.0,6.6000000000000005,0.9799469285849255,False,True
26,26850.0,6.6000000000000005,0.9666397087511172,False,True
26,27450.0,6.7,0.9664112480593919,False,True
26,28050.0,6.7,0.9813994772029,False,True
26,28650.0,6.7,0.9770160009974378,False,True
26,29250.0,6.800000000000001,0.9359305796274342,False,True
26,29850.0,6.800000000000001,0.9419999146192569,False,True
26,30450.0,6.800000000000001,0.8630838409228719,False,True
26,31050.0,3.7,0.8162079968225772,False,True
26,31650.0,3.7,0.957102846389843,False,True
26,32250.0,3.8000000000000003,0.9810228945507742,False,True
26,32850.0,3.8000000000000003,0.9853816623810803,False,True
26,33450.0,3.8000000000000003,0.7343870940824506,False,True
26,34050.0,-4.3,0.9742641817434828,False,True
26,34650.0,-4.2,0.9611754135456987,False,True
26,35250.0,-4.2,0.9772392941576654,False,True
26,35850.0,-4.2,0.9645097182631804,False,True
26,36450.0,-4.1000000000000005,0.9473897083704861,False,True
26,37050.0,-4.1000000000000005,0.9670123418583377,False,True
26,37650.0,-4.1000000000000005,0.9742419500080046,False,True
26,38250.0,-4.0,0.9621766504468231,False,True
26,38850.0,-4.0,0.9086137437034363,False,True
26,39450.0,-4.0,0.9762583701917602,False,True
26,40050.0,-3.9000000000000004,0.9471683692737551,False,True
26,40650.0,-3.9000000000000004,0.9528440611988361,False,True
26,41177.8,-3.9000000000000004,0.9758493774704557,False,True
27,450.0,1.1,0.7274566392063497,False,True
27,1050.0,1.1,0.668231080668969,False,True
27,1650.0,1.2000000000000002,0.6546615104442638,False,True
27,2250.0,1.2000000000000002,0.7744884330509507,False,True
27,2850.0,1.2000000000000002,0.565151715385601,False,True
27,3450.0,1.3,0.4850632232431113,False,True
27,4050.0,1.3,0.8484626142909972,False,True
27,4650.0,1.3,0.8584497103438823,False,True
27,5250.0,1.4000000000000001,0.9730982682958075,False,True
27,5850.0,1.4000000000000001,0.9845269527339572,False,True
27,6450.0,1.4000000000000001,0.9819495837335299,False,True
27,7050.0,1.5,0.982396398218433,False,True
27,7650.0,1.5,0.9846873179470818,False,True
27,8250.0,1.5,0.9786185598338226,False,True
27,8850.0,1.6,0.9792265042131967,False,True
27,9450.0,1.6,0.9720503784096418,False,True
27,10050.0,1.7000000000000002,0.9584790536731861,False,True
27,10650.0,1.7000000000000002,0.9749903488365126,False,True
27,11250.0,1.7000000000000002,0.9644086526429033,False,True
27,11850.0,1.8,0.9554741534809215,False,True
27,12450.0,1.8,0.921295564306014,False,True
27,13050.0,1.8,0.9345637677196585,False,True
27,13650.0,1.9000000000000001,0.9778616824836964,False,True
27,14250.0,1.9000000000000001,0.9822095055162119,False,True
27,14850.0,1.9000000000000001,0.9626136188307401,False,True
27,15450.0,2.0,0.6240189004278378,False,True
27,16050.0,-4.6000000000000005,0.973080944907017,False,True
27,16650.0,-4.6000000000000005,0.9707859630911597,False,True
27,17250.0,-4.5,0.9808884044959417,False,True
27,17850.0,-4.5,0.9741198175164782,False,True
27,18450.0,-4.4,0.9721727371040996,False,True
27,19050.0,-4.4,0.9832457764718759,False,True
27,19650.0,-4.4,0.9416122663670188,False,True
27,20250.0,-4.3,0.9602454224071794,False,True
27,20850.0,-4.3,0.9343079729891378,False,True
27,21450.0,-4.3,0.9727854755654434,False,True
27,22050.0,-4.2,0.9813479951800307,False,True
27,22650.0,-4.2,0.9844595440592604,False,True
27,23250.0,-4.1000000000000005,0.9793654971875331,False,True
27,23850.0,-4.1000000000000005,0.985236774735941,False,True
27,24450.0,-4.1000000000000005,0.9819247498942706,False,True
27,25050.0,-4.1000000000000005,0.9716624593325159,False,True
27,25650.0,-4.0,0.9485981694550938,False,True
27,26250.0,-4.0,0.9721685650736124,False,True
27,26850.0,-3.9000000000000004,0.9734901177681412,False,True
27,27450.0,-3.9000000000000004,0.9739079688655077,False,True
27,28050.0,-3.9000000000000004,0.9703131830583807,False,True
27,28650.0,-3.8000000000000003,0.8586790201880712,False,True
27,29250.0,-3.8000000000000003,0.8814509827588173,False,True
27,29850.0,-3.8000000000000003,0.9495877298219992,False,True
27,30450.0,-3.7,0.7782255334697933,False,True
27,31050.0,-10.200000000000001,0.707196872802908,False,True
27,31650.0,-10.200000000000001,0.9288553120827753,False,True
27,32250.0,-10.200000000000001,0.9466843563450994,False,True
27,32850.0,-10.100000000000001,0.8278611067005008,False,True
27,33450.0,-10.100000000000001,0.70877788211035,False,True
27,34050.0,-24.900000000000002,0.5960829510973149,False,True
27,34650.0,-24.8,0.49799076963532996,False,True
27,35250.0,-24.8,0.4771999473908814,False,True
27,35850.0,-24.700000000000003,0.3534245589479596,False,False
27,36450.0,-24.700000000000003,0.5153810603642461,False,True
27,37050.0,-24.700000000000003,0.4739414952432081,False,True
27,37153.4,-24.700000000000003,0.2469899559519706,False,False
28,450.0,1.4000000000000001,0.6986370858937866,False,True
28,1050.0,1.5,0.8678983814177217,False,True
28,1650.0,1.5,0.8689532575454958,False,True
28,2250.0,1.5,0.8562081195114619,False,True
28,2850.0,1.6,0.830406962572716,False,True
28,3450.0,1.6,0.9198301862607096,False,True
28,4050.0,1.6,0.8600696889723578,False,True
28,4650.0,1.7000000000000002,0.9324369747328075,False,True
28,5250.0,1.7000000000000002,0.9388888694228434,False,True
28,5850.0,1.7000000000000002,0.8880573183497712,False,True
28,6450.0,1.8,0.7337864818652109,False,True
28,7050.0,1.8,0.9292023766542857,False,True
28,7650.0,1.8,0.9605254660714048,False,True
28,8250.0,1.9000000000000001,0.940615172842453,False,True
28,8850.0,1.9000000000000001,0.960544547974706,False,True
28,9450.0,1.9000000000000001,0.917527664292125,False,True
28,10050.0,2.0,0.8419481850965386,False,True
28,10650.0,2.0,0.838816376398743,False,True
28,11250.0,2.0,0.6909916859303054,False,True
28,11850.0,2.1,0.6901293813690591,False,True
28,12450.0,2.1,0.9563949190645104,False,True
28,13050.0,2.1,0.9638077838916552,False,True
28,13650.0,2.2,0.9519943021682645,False,True
28,14250.0,2.2,0.9718749102436,False,True
28,14850.0,2.2,0.9572836640747941,False,True
28,15450.0,-1.0,0.5418489560764489,False,True
28,16050.0,-1.0,0.9479567921879085,False,True
28,16650.0,-0.9,0.8526548040561467,False,True
28,17250.0,-0.9,0.9163609231796633,False,True
28,17850.0,-0.9,0.8682230997076849,False,True
28,18450.0,-0.8,0.6695152982445609,False,True
28,19050.0,-0.8,0.8130655486279278,False,True
28,19650.0,-0.8,0.8482311785401158,False,True
28,20250.0,-0.8,0.9085249646209475,False,True
28,20850.0,-0.7000000000000001,0.9384108732594373,False,True
28,21450.0,-0.7000000000000001,0.9568163891064465,False,True
28,22050.0,-0.7000000000000001,0.9297179067479178,False,True
28,22650.0,-0.6000000000000001,0.9417664141992033,False,True
28,23250.0,-0.6000000000000001,0.9214188520123088,False,True
28,23850.0,-0.6000000000000001,0.7971567504190937,False,True
28,24450.0,-0.5,0.801501411187859,False,True
28,25050.0,-0.5,0.7443446870346185,False,True
28,25650.0,-0.5,0.6347768693684763,False,True
28,26250.0,-0.4,0.7333005662616598,False,True
28,26850.0,-0.4,0.7778776784576077,False,True
28,27450.0,-0.4,0.7962960237276201,False,True
28,28050.0,-0.30000000000000004,0.8330320773979767,False,True
28,28650.0,-0.30000000000000004,0.8324460391337073,False,True
28,29250.0,-0.30000000000000004,0.8504806005275819,False,True
28,29850.0,-0.2,0.8438488937094459,False,True
28,30450.0,-0.2,0.7785434399112263,False,True
28,31050.0,-3.4000000000000004,0.7358154957579134,False,True
28,31650.0,-3.4000000000000004,0.8849807376704502,False,True
28,32250.0,-3.4000000000000004,0.8652890338159535,False,True
28,32850.0,-3.3000000000000003,0.8572693005801774,False,True
28,33450.0,-3.3000000000000003,0.4980876812840975,False,True
28,34050.0,-12.100000000000001,0.785500636923866,False,True
28,34650.0,-12.100000000000001,0.8619155839584667,False,True
28,35250.0,-12.100000000000001,0.8780639366934279,False,True
28,35850.0,-12.0,0.897695020184298,False,True
28,36367.3,-12.0,0.870862889139769,False,True
29,450.0,1.5,0.45335433725654234,False,True
29,1050.0,1.5,0.428030980595367,False,False
29,1650.0,1.6,0.30579775180557195,False,False
29,2250.0,1.6,0.30320248951894946,False,False
29,2850.0,1.7000000000000002,0.13433848625870404,False,False
29,3450.0,1.7000000000000002,0.20260666010892003,False,False
29,4050.0,1.7000000000000002,0.4128692466248239,False,False
29,4650.0,1.8,0.49640813926813493,False,True
29,5250.0,1.8,0.569645306637533,False,True
29,5850.0,1.8,0.5647139943633421,False,True
29,6450.0,1.9000000000000001,0.6256727106363322,False,True
29,7050.0,1.9000000000000001,0.8535090623315095,False,True
29,7650.0,2.0,0.9004730648776665,False,True
29,8250.0,2.0,0.826542457465183,False,True
29,8850.0,2.0,0.8803548891002673,False,True
29,9450.0,2.1,0.9322395602904574,False,True
29,10050.0,2.1,0.93952599728712,False,True
29,10650.0,2.2,0.8477786348586885,False,True
29,11250.0,2.2,0.7654247794978583,False,True
29,11850.0,2.2,0.6789033721231641,False,True
29,12450.0,2.3000000000000003,0.6602783744510362,False,True
29,13050.0,2.3000000000000003,0.7342258928309063,False,True
29,13650.0,2.4000000000000004,0.6933437612361195,False,True
29,14250.0,2.4000000000000004,0.7289865435733744,False,True
29,14850.0,2.4000000000000004,0.7780676092399571,False,True
29,15450.0,2.5,0.6829486966789458,False,True
29,16050.0,-0.7000000000000001,0.5723700699073754,False,True
29,16650.0,-0.6000000000000001,0.50558592688238,False,True
29,17250.0,-0.6000000000000001,0.6157169673436702,False,True
29,17850.0,-0.6000000000000001,0.5226632529065287,False,True
29,18450.0,-0.5,0.5505107205012871,False,True
29,19050.0,-0.5,0.613533017341927,False,True
29,19650.0,-0.4,0.4052845565438653,False,False
29,20250.0,-0.4,0.5786918009494876,False,True
29,20850.0,-0.4,0.5622839709257065,False,True
29,21450.0,-0.30000000000000004,0.5606085193136532,False,True
29,22050.0,-0.30000000000000004,0.6781649588354934,False,True
29,22650.0,-0.2,0.6132330764913696,False,True
29,23250.0,-0.2,0.6315288585803012,False,True
29,23850.0,-0.2,0.5613012759145917,False,True
29,24450.0,-0.1,0.7840405335217345,False,True
29,25050.0,-0.1,0.938964382928353,False,True
29,25650.0,-0.1,0.8926826083476422,False,True
29,26250.0,0.0,0.6994885945773711,False,True
29,26850.0,0.0,0.6788666534473415,False,True
29,27450.0,0.1,0.5618791597848143,False,True
29,28050.0,0.1,0.7135750943310523,False,True
29,28650.0,0.1,0.4317233024807383,False,False
29,29250.0,0.2,0.7074307241318204,False,True
29,29850.0,0.2,0.7630126549564296,False,True
29,30450.0,0.30000000000000004,0.5962021992600605,False,True
29,31050.0,-3.0,0.4079469785566339,False,False
29,31650.0,-2.9000000000000004,0.6585599569385292,False,True
29,32250.0,-2.9000000000000004,0.6749197280883664,False,True
29,32850.0,-2.8000000000000003,0.4740920158664522,False,True
29,33450.0,-2.8000000000000003,0.4139071226509602,False,False
29,34050.0,-17.0,0.6121245695264572,False,True
29,34650.0,-17.0,0.5907281941873408,False,True
29,35250.0,-17.0,0.6224340633227309,False,True
29,35850.0,-16.900000000000002,0.6147639268781909,False,True
29,35920.9,-16.900000000000002,0.42655520782877593,False,False
30,450.0,1.9000000000000001,0.5205526406121469,False,True
30,1050.0,1.9000000000000001,0.5631379885710491,False,True
30,1650.0,2.0,0.41893185300893604,False,False
30,2250.0,2.0,0.40272312440166586,False,False
30,2850.0,2.0,0.23961655308476398,False,False
30,3450.0,2.1,0.412700740466216,False,False
30,4050.0,2.1,0.4761800136450314,False,True
30,4650.0,2.2,0.5658573649213056,False,True
30,5250.0,2.2,0.8306532431295874,False,True
30,5850.0,2.2,0.792171242026785,False,True
30,6450.0,2.3000000000000003,0.8171234159910348,False,True
30,7050.0,2.3000000000000003,0.8642249965026784,False,True
30,7650.0,2.4000000000000004,0.8705421026726025,False,True
30,8250.0,2.4000000000000004,0.9333528514338878,False,True
30,8850.0,2.4000000000000004,0.9252483550615884,False,True
30,9450.0,2.5,0.9258252079753038,False,True
30,10050.0,2.5,0.9481818377243251,False,True
30,10650.0,2.5,0.9339501689454424,False,True
30,11250.0,2.6,0.9437790223624314,False,True
30,11850.0,2.6,0.9374483245598917,False,True
30,12450.0,2.7,0.832668994498408,False,True
30,13050.0,2.7,0.8935677331301004,False,True
30,13650.0,2.7,0.8972395380136673,False,True
30,14250.0,2.8000000000000003,0.939187217375919,False,True
30,14850.0,2.8000000000000003,0.9392303560249732,False,True
30,15450.0,2.8000000000000003,0.5270355745757844,False,True
30,16050.0,-3.8000000000000003,0.942524430874742,False,True
30,16650.0,-3.7,0.9438229503256597,False,True
30,17250.0,-3.7,0.936862782476183,False,True
30,17850.0,-3.6,0.9316430215652294,False,True
30,18450.0,-3.6,0.9437419207478784,False,True
30,19050.0,-3.6,0.9222703177497226,False,True
30,19650.0,-3.5,0.8932087002766788,False,True
30,20250.0,-3.5,0.927986333628153,False,True
30,20850.0,-3.5,0.9179556792799307,False,True
30,21450.0,-3.4000000000000004,0.9364267937485627,False,True
30,22050.0,-3.4000000000000004,0.9354786313638696,False,True
30,22650.0,-3.3000000000000003,0.9344279455409059,False,True
30,23250.0,-3.3000000000000003,0.9360230839996655,False,True
30,23850.0,-3.3000000000000003,0.9188467327826173,False,True
30,24450.0,-3.2,0.9323521956503363,False,True
30,25050.0,-3.2,0.9351194950930924,False,True
30,25650.0,-3.1,0.8959669318495809,False,True
30,26250.0,-3.1,0.9241708131664054,False,True
30,26850.0,-3.1,0.9251771829647383,False,True
30,27450.0,-3.0,0.9439861018669029,False,True
30,28050.0,-3.0,0.9326798049304313,False,True
30,28650.0,-2.9000000000000004,0.9213727041771443,False,True
30,29250.0,-2.9000000000000004,0.9410884604063419,False,True
30,29850.0,-2.9000000000000004,0.9189566356638924,False,True
30,30450.0,-2.8000000000000003,0.8508843713798284,False,True
30,31050.0,-9.4,0.6804771745866034,False,True
30,31650.0,-9.3,0.903686026191387,False,True
30,32250.0,-9.3,0.9162225389982094,False,True
30,32850.0,-9.3,0.9127072898479511,False,True
30,33450.0,-9.200000000000001,0.5108582406280343,False,True
30,34050.0,-25.5,0.8908726516076497,False,True
30,34650.0,-25.400000000000002,0.8156374423621551,False,True
30,35250.0,-25.400000000000002,0.5871064503578729,False,True
30,35850.0,-25.3,0.6758155365239342,False,True
30,36450.0,-25.3,0.8645853407954893,False,True
30,37050.0,-25.3,0.765999784967576,False,True
30,37650.0,-25.200000000000003,0.6384753966575571,False,True
30,38250.0,-25.200000000000003,0.5988657301278676,False,True
30,38850.0,-25.1,0.5273445486806528,False,True
30,39450.0,-25.1,0.5606415358493276,False,True
30,40050.0,-25.1,0.5458849209621544,False,True
30,40650.0,-25.0,0.48549769199914405,False,True
30,41250.0,-25.0,0.3611130930634113,False,False
30,41850.0,-25.0,0.558081911760052,False,True
30,42450.0,-24.900000000000002,0.8042508036734345,False,True
30,43050.0,-24.900000000000002,0.49328654169777353,False,True
30,43650.0,-24.8,0.45210046982885915,False,True
30,44250.0,-24.8,0.5241976817210517,False,True
30,44850.0,-24.8,0.3753194224757962,False,False
30,45450.0,-24.700000000000003,0.35000570909622003,False,False
30,46050.0,-24.700000000000003,0.48139049737086104,False,True
30,46650.0,-24.6,0.8719565735256698,False,True
30,47250.0,-24.6,0.39953595063964603,False,False
30,47850.0,-24.6,0.30012117889405254,False,False
30,48058.600000000006,-24.6,0.12948003852553533,False,False
31,450.0,2.9000000000000004,0.804203810355214,False,True
31,1050.0,2.9000000000000004,0.8272589007324925,False,True
31,1650.0,3.0,0.7917652320290841,False,True
31,2250.0,3.0,0.8463058581028693,False,True
31,2850.0,3.0,0.7880289351381035,False,True
31,3450.0,3.1,0.6939812152791451,False,True
31,4050.0,3.1,0.7872355974640984,False,True
31,4650.0,3.1,0.7925438426317704,False,True
31,5250.0,3.1,0.714674364918776,False,True
31,5850.0,3.2,0.7418900663768392,False,True
31,6450.0,3.2,0.7552171481422861,False,True
31,7050.0,3.2,0.6313397190926135,False,True
31,7650.0,3.3000000000000003,0.7107610041251481,False,True
31,8250.0,3.3000000000000003,0.7885838673174611,False,True
31,8850.0,3.3000000000000003,0.7227432796268517,False,True
31,9450.0,3.4000000000000004,0.781248909509176,False,True
31,10050.0,3.4000000000000004,0.8334184677637729,False,True
31,10650.0,3.4000000000000004,0.7450855914250124,False,True
31,11250.0,3.5,0.7438227499343008,False,True
31,11850.0,3.5,0.7966602825828331,False,True
31,12450.0,3.5,0.824860771932463,False,True
31,13050.0,3.6,0.8310428430214963,False,True
31,13650.0,3.6,0.7972748011877827,False,True
31,14250.0,3.6,0.7712570526902363,False,True
31,14850.0,3.7,0.7206708820225901,False,True
31,15450.0,3.7,0.5834442653534287,False,True
31,16050.0,0.5,0.786281108395627,False,True
31,16650.0,0.5,0.7174576299908296,False,True
31,17250.0,0.6000000000000001,0.7657897148696707,False,True
31,17850.0,0.6000000000000001,0.7249063962130143,False,True
31,18450.0,0.6000000000000001,0.6816562752363862,False,True
31,19050.0,0.7000000000000001,0.6958643492891121,False,True
31,19650.0,0.7000000000000001,0.7650870053810925,False,True
31,20250.0,0.7000000000000001,0.7490021545886006,False,True
31,20850.0,0.8,0.7240383352529576,False,True
31,21450.0,0.8,0.7599128350536385,False,True
31,22050.0,0.8,0.7169043329927329,False,True
31,22650.0,0.9,0.7012491699237395,False,True
31,23250.0,0.9,0.7846183660236029,False,True
31,23850.0,0.9,0.7079973741612882,False,True
31,24450.0,1.0,0.6847240255817639,False,True
31,25050.0,1.0,0.7782337437488016,False,True
31,25650.0,1.0,0.7385481814010467,False,True
31,26250.0,1.0,0.7084972289029742,False,True
31,26850.0,1.1,0.7667424183666689,False,True
31,27450.0,1.1,0.755988638647228,False,True
31,28050.0,1.1,0.6918252388679372,False,True
31,28650.0,1.2000000000000002,0.733300049164443,False,True
31,29250.0,1.2000000000000002,0.7968490295208785,False,True
31,29850.0,1.2000000000000002,0.7369991194336969,False,True
31,30450.0,1.3,0.6612159066540978,False,True
31,31050.0,-1.9000000000000001,0.8085086867375287,False,True
31,31650.0,-1.9000000000000001,0.8098922454210313,False,True
31,32250.0,-1.8,0.8396568730568843,False,True
31,32850.0,-1.8,0.8970213354644739,False,True
31,33450.0,-1.8,0.5158366916606977,False,True
31,34050.0,-9.8,0.8001663922056794,False,True
31,34650.0,-9.8,0.8212548615531005,False,True
31,35250.0,-9.8,0.6983002465509057,False,True
31,35850.0,-9.700000000000001,0.7906698218169327,False,True
31,36450.0,-9.700000000000001,0.7701312485917969,False,True
31,37050.0,-9.700000000000001,0.6507306731837036,False,True
31,37650.0,-9.600000000000001,0.8462689753682998,False,True
31,38250.0,-9.600000000000001,0.8194068035872126,False,True
31,38850.0,-9.600000000000001,0.8139485646182025,False,True
31,39450.0,-9.5,0.7556544340635073,False,True
31,40050.0,-9.5,0.8971096674754443,False,True
31,40650.0,-9.5,0.8869201178386145,False,True
31,41250.0,-9.4,0.8711933705317283,False,True
31,41850.0,-9.4,0.8134653204542083,False,True
31,42450.0,-9.4,0.7464484009953574,False,True
31,43050.0,-9.3,0.7223272187224605,False,True
31,43650.0,-9.3,0.8208461015528093,False,True
31,44250.0,-9.3,0.8832508070224275,False,True
31,44850.0,-9.3,0.8469328585394545,False,True
31,45450.0,-9.200000000000001,0.8329150761400111,False,True
31,45511.5,-9.200000000000001,0.8158658796176684,False,True
32,450.0,1.3,0.7980651596009577,False,True
32,1050.0,1.4000000000000001,0.8500782460094355,False,True
32,1650.0,1.4000000000000001,0.8655789970762837,False,True
32,2250.0,1.4000000000000001,0.7156073850625371,False,True
32,2850.0,1.5,0.5987862595629267,False,True
32,3450.0,1.5,0.7345185720339787,False,True
32,4050.0,1.5,0.7012318417801688,False,True
32,4650.0,1.5,0.677319025163391,False,True
32,5250.0,1.6,0.7544863180428664,False,True
32,5850.0,1.6,0.7340195777895435,False,True
32,6450.0,1.6,0.583993632883695,False,True
32,7050.0,1.7000000000000002,0.8114151207647257,False,True
32,7650.0,1.7000000000000002,0.7559417332368439,False,True
32,8250.0,1.7000000000000002,0.6481664916621892,False,True
32,8850.0,1.8,0.7659660572377934,False,True
32,9450.0,1.8,0.7412237267529033,False,True
32,10050.0,1.8,0.8205009192501873,False,True
32,10650.0,1.9000000000000001,0.8090453811589678,False,True
32,11250.0,1.9000000000000001,0.8094830805678084,False,True
32,11850.0,1.9000000000000001,0.8316501115334034,False,True
32,12450.0,1.9000000000000001,0.5810064431549383,False,True
32,13050.0,2.0,0.6909601838075267,False,True
32,13650.0,2.0,0.7445934250929591,False,True
32,14250.0,2.0,0.6549591652585252,False,True
32,14850.0,2.1,0.7124419860973046,False,True
32,15450.0,-1.2000000000000002,0.41912023923733593,False,False
32,16050.0,-1.1,0.6440060707234095,False,True
32,16650.0,-1.1,0.7291254170270393,False,True
32,17250.0,-1.1,0.7014106653949188,False,True
32,17850.0,-1.0,0.6052051984298239,False,True
32,18450.0,-1.0,0.7511746139755072,False,True
32,19050.0,-1.0,0.7833087526206034,False,True
32,19650.0,-1.0,0.5928648040618374,False,True
32,20250.0,-0.9,0.7265983660428786,False,True
32,20850.0,-0.9,0.7313047679258887,False,True
32,21450.0,-0.9,0.5687588795699512,False,True
32,22050.0,-0.8,0.6530510339460552,False,True
32,22650.0,-0.8,0.8284688433904167,False,True
32,23250.0,-0.8,0.6326935669132977,False,True
32,23850.0,-0.7000000000000001,0.5964517544743219,False,True
32,24450.0,-0.7000000000000001,0.7218812427623941,False,True
32,25050.0,-0.7000000000000001,0.66390849536486,False,True
32,25650.0,-0.6000000000000001,0.5492768368006116,False,True
32,26250.0,-0.6000000000000001,0.6687220712561109,False,True
32,26850.0,-0.6000000000000001,0.7551962311357334,False,True
32,27450.0,-0.6000000000000001,0.6686564315626501,False,True
32,28050.0,-0.5,0.683575874967287,False,True
32,28650.0,-0.5,0.7429297081777493,False,True
32,29250.0,-0.5,0.6641400227590878,False,True
32,29850.0,-0.4,0.6641380501242923,False,True
32,30450.0,-0.4,0.710184646570223,False,True
32,31050.0,-3.6,0.5550530842390289,False,True
32,31650.0,-3.5,0.6789821768122742,False,True
32,32250.0,-3.5,0.7682215911873054,False,True
32,32850.0,-3.5,0.7637302154881829,False,True
32,33450.0,-3.4000000000000004,0.583909403739704,False,True
32,34050.0,-11.600000000000001,0.8564629353251295,False,True
32,34650.0,-11.600000000000001,0.774529359922199,False,True
32,34681.700000000004,-11.600000000000001,0.7546387115075852,False,True
33,450.0,-2.3000000000000003,0.6604986116303524,False,True
33,1050.0,-2.3000000000000003,0.9474319368936176,False,True
33,1650.0,-2.3000000000000003,0.8901600098804714,False,True
33,2250.0,-2.2,0.8287555229894596,False,True
33,2850.0,-2.2,0.8399976567751808,False,True
33,3450.0,-2.1,0.7749413552016101,False,True
33,4050.0,-2.1,0.9016648520169129,False,True
33,4650.0,-2.1,0.8916700945055993,False,True
33,5250.0,-2.0,0.7892876624986096,False,True
33,5850.0,-2.0,0.8660610618210786,False,True
33,6450.0,-2.0,0.8875450490525564,False,True
33,7050.0,-1.9000000000000001,0.8137457118726223,False,True
33,7650.0,-1.9000000000000001,0.9237459255793781,False,True
33,8250.0,-1.9000000000000001,0.914100296783355,False,True
33,8850.0,-1.8,0.7556926618005456,False,True
33,9450.0,-1.8,0.7967344074101632,False,True
33,10050.0,-1.8,0.7979846417262282,False,True
33,10650.0,-1.7000000000000002,0.8691760054057314,False,True
33,11250.0,-1.7000000000000002,0.7850063295431261,False,True
33,11850.0,-1.6,0.7190236340727678,False,True
33,12450.0,-1.6,0.8191209903826513,False,True
33,13050.0,-1.6,0.7212623113911595,False,True
33,13650.0,-1.5,0.6394535086248008,False,True
33,14250.0,-1.5,0.8305754893882185,False,True
33,14850.0,-1.5,0.7476269511856124,False,True
33,15450.0,-8.1,0.5796520734180696,False,True
33,16050.0,-8.1,0.6659587099581175,False,True
33,16650.0,-8.0,0.7467732478518769,False,True
33,17250.0,-8.0,0.7192132502030204,False,True
33,17850.0,-7.9,0.6152007107364557,False,True
33,18450.0,-7.9,0.8423191743614449,False,True
33,19050.0,-7.9,0.7599936045037011,False,True
33,19650.0,-7.800000000000001,0.6454864685641761,False,True
33,20250.0,-7.800000000000001,0.8002306196455501,False,True
33,20850.0,-7.800000000000001,0.6667833175754425,False,True
33,21450.0,-7.7,0.709401138432677,False,True
33,22050.0,-7.7,0.764849398988362,False,True
33,22650.0,-7.7,0.5749699236830678,False,True
33,23250.0,-7.6000000000000005,0.7983927204645341,False,True
33,23850.0,-7.6000000000000005,0.8495651589340283,False,True
33,24450.0,-7.5,0.7330860384871778,False,True
33,25050.0,-7.5,0.823228096410019,False,True
33,25650.0,-7.5,0.8117862033744837,False,True
33,26250.0,-7.4,0.8462575063245512,False,True
33,26850.0,-7.4,0.869351634520969,False,True
33,27450.0,-7.4,0.7859057939376077,False,True
33,28050.0,-7.300000000000001,0.6879689046699705,False,True
33,28650.0,-7.300000000000001,0.7007339149189339,False,True
33,29250.0,-7.300000000000001,0.6220319790141763,False,True
33,29850.0,-7.2,0.7887860992514529,False,True
33,30450.0,-7.2,0.5437701067486994,False,True
33,31050.0,-13.600000000000001,0.4719659609447434,False,True
33,31650.0,-13.600000000000001,0.5427957998568882,False,True
33,32250.0,-13.5,0.5464348453466281,False,True
33,32850.0,-13.5,0.6687359103402375,False,True
33,33450.0,-13.5,0.46430697364966506,False,True
33,34050.0,-26.700000000000003,0.6930166683236575,False,True
33,34650.0,-26.700000000000003,0.5788977449302313,False,True
33,35250.0,-26.6,0.6906265302361626,False,True
33,35850.0,-26.6,0.6375890668873702,False,True
33,36450.0,-26.5,0.6586138421370071,False,True
33,37050.0,-26.5,0.7081103906406343,False,True
33,37650.0,-26.5,0.7009953403242665,False,True
33,38250.0,-26.400000000000002,0.5912860680866578,False,True
33,38675.8,-26.400000000000002,0.6222742361473368,False,True
34,450.0,-216.70000000000002,0.07560912013054542,False,False
34,1050.0,118.5,0.02799700003333524,False,False
34,1650.0,-256.7,0.07794392934536082,False,False
34,2250.0,279.2,0.05726654829489392,False,False
34,2850.0,-102.10000000000001,0.10686328787958972,False,False
34,3450.0,77.80000000000001,0.09254937506042679,False,False
34,4050.0,135.3,0.07775089609655872,False,False
34,4650.0,-86.7,0.12491055082333921,False,False
34,5250.0,97.10000000000001,0.08924041630790479,False,False
34,5850.0,279.90000000000003,0.12954941057861907,False,False
34,6450.0,-5.9,0.15725011050609336,False,False
34,7050.0,-123.60000000000001,0.1199179368510786,False,False
34,7650.0,140.20000000000002,0.09475254422625291,False,False
34,8250.0,93.60000000000001,0.08418667955019461,False,False
34,8850.0,-151.1,0.09701130914207448,False,False
34,9450.0,-37.1,0.10529423965823724,False,False
34,10050.0,-122.30000000000001,0.08837519487626459,False,False
34,10650.0,-116.7,0.07343648634935658,False,False
34,11250.0,30.0,0.10749644400020718,False,False
34,11850.0,-82.9,0.08838923567445928,False,False
34,12450.0,-82.7,0.09880571385624637,False,False
34,13050.0,-15.0,0.0754706221171773,False,False
34,13650.0,-25.0,0.2457998299059279,False,False
34,14250.0,-25.1,0.2049676188870622,False,False
34,14850.0,3.8000000000000003,0.11905472871150184,False,False
34,15450.0,-200.60000000000002,0.05660808315445914,False,False
34,16050.0,-182.9,0.12094900552013844,False,False
34,16650.0,10.100000000000001,0.14977682539046092,False,False
34,17250.0,142.6,0.10498348530705269,False,False
34,17850.0,264.3,0.07770968415675412,False,False
34,18450.0,-141.9,0.05699775340456552,False,False
34,19050.0,-200.4,0.1010740480425961,False,False
34,19650.0,45.400000000000006,0.10221913188568967,False,False
34,20250.0,-13.5,0.16818597234538613,False,False
34,20850.0,163.0,0.14118919935422097,False,False
34,21450.0,99.5,0.1391430442925068,False,False
34,22050.0,-214.10000000000002,0.08929159375732922,False,False
34,22650.0,-86.4,0.11820323171894001,False,False
34,23250.0,-100.10000000000001,0.09921848831723658,False,False
34,23850.0,-47.800000000000004,0.09625618762611843,False,False
34,24450.0,250.0,0.09715211509294774,False,False
34,25050.0,-33.800000000000004,0.0701702851398578,False,False
34,25650.0,214.9,0.158292523009179,False,False
34,26250.0,204.5,0.13631815555183655,False,False
34,26850.0,-186.8,0.13811655562123507,False,False
34,27450.0,-61.6,0.04056817581298819,False,False
34,28050.0,95.7,0.0290338181951831,False,False
34,28650.0,158.3,0.054738765427912714,False,False
34,29250.0,-268.8,0.07919818659023313,False,False
34,29850.0,298.40000000000003,0.03741531754663391,False,False
34,30450.0,180.10000000000002,0.04797677144493583,False,False
34,31050.0,231.3,0.05029501433975449,False,False
34,31650.0,192.0,0.06829141737411255,False,False
34,32250.0,50.400000000000006,0.07265195201468964,False,False
34,32850.0,-101.7,0.05268293151104089,False,False
34,33450.0,187.60000000000002,0.06339073376124248,False,False
34,34050.0,-181.3,0.04869547010966016,False,False
34,34650.0,-293.40000000000003,0.06311737528648581,False,False
34,35250.0,55.1,0.0921922239946917,False,False
34,35850.0,47.6,0.0810617345906863,False,False
34,36450.0,-37.1,0.04601552879326277,False,False
34,37050.0,135.5,0.05726952208384696,False,False
34,37650.0,72.4,0.04545892793283484,False,False
34,37979.6,-291.5,0.037977658777789275,False,False
35,450.0,227.10000000000002,0.11471287916274896,False,False
35,1050.0,-111.0,0.04530667028836167,False,False
35,1650.0,251.9,0.11912093061766099,False,False
35,2250.0,45.5,0.07865573665504556,False,False
35,2850.0,97.5,0.14413312815255602,False,False
35,3450.0,-85.2,0.09706843105403887,False,False
35,4050.0,-136.20000000000002,0.10379021761636528,False,False
35,4650.0,82.30000000000001,0.1414591353733941,False,False
35,5250.0,190.0,0.09917008656509353,False,False
35,5850.0,-234.10000000000002,0.11639606312856313,False,False
35,6450.0,-114.7,0.15784390681378396,False,False
35,7050.0,240.20000000000002,0.11186113684383792,False,False
35,7650.0,-144.3,0.09864429128539777,False,False
35,8250.0,-96.60000000000001,0.11366256862496037,False,False
35,8850.0,-101.30000000000001,0.09258855172440203,False,False
35,9450.0,33.5,0.13944239910488979,False,False
35,10050.0,121.0,0.11499946914044987,False,False
35,10650.0,-135.70000000000002,0.0983517851448105,False,False
35,11250.0,-33.6,0.1585023037810087,False,False
35,11850.0,77.10000000000001,0.12638108416329744,False,False
35,12450.0,82.80000000000001,0.10145589488197086,False,False
35,13050.0,-10.600000000000001,0.08852813885178076,False,False
35,13650.0,15.3,0.18723225635408433,False,False
35,14250.0,14.4,0.2309849955561837,False,False
35,14850.0,190.70000000000002,0.13296266203918228,False,False
35,15450.0,-287.7,0.07207322843258195,False,False
35,16050.0,-29.200000000000003,0.14098809316342542,False,False
35,16650.0,-29.400000000000002,0.13954835091536927,False,False
35,17250.0,293.2,0.1397185603129781,False,False
35,17850.0,-283.6,0.09411474644993735,False,False
35,18450.0,122.60000000000001,0.08795313031533931,False,False
35,19050.0,256.3,0.08756504685377686,False,False
35,19650.0,-64.7,0.11070838644661456,False,False
35,20250.0,-211.60000000000002,0.11929346621614503,False,False
35,20850.0,120.4,0.133804420787148,False,False
35,21450.0,-118.30000000000001,0.16240152324517354,False,False
35,22050.0,188.0,0.10773721799605578,False,False
35,22650.0,61.0,0.12307514467982211,False,False
35,23250.0,74.7,0.08414967371093493,False,False
35,23850.0,22.5,0.09207841115989304,False,False
35,24450.0,178.60000000000002,0.12459179239370854,False,False
35,25050.0,-1.3,0.09380442998805318,False,False
35,25650.0,-50.900000000000006,0.14364653953151912,False,False
35,26250.0,-50.900000000000006,0.12501905198830862,False,False
35,26850.0,156.8,0.15830940671066085,False,False
35,27450.0,115.60000000000001,0.04303602217689576,False,False
35,28050.0,-291.2,0.045672786454947455,False,False
35,28650.0,-287.3,0.063839176564993,False,False
35,29250.0,147.6,0.08766997994750553,False,False
35,29850.0,285.8,0.05308808648903942,False,False
35,30450.0,-143.6,0.05747477215958594,False,False
35,31050.0,-213.20000000000002,0.05461039199002106,False,False
35,31650.0,-90.7,0.05956349586663555,False,False
35,32250.0,60.7,0.08203858820309774,False,False
35,32850.0,-25.700000000000003,0.07017135370107046,False,False
35,33450.0,120.4,0.06036439098380313,False,False
35,34050.0,187.10000000000002,0.04198237540854568,False,False
35,34650.0,16.1,0.05235438832595476,False,False
35,35250.0,-124.30000000000001,0.12344544385074581,False,False
35,35850.0,-285.1,0.04076113857152776,False,False
35,36450.0,-98.60000000000001,0.04845885021800444,False,False
35,37050.0,-124.80000000000001,0.06086717997128245,False,False
35,37650.0,-190.20000000000002,0.04505919997030433,False,False
35,37929.6,-17.3,0.07892280497144338,False,False
36,450.0,2.7,0.8195531790730637,False,True
36,1050.0,2.7,0.8265931569944711,False,True
36,1650.0,2.8000000000000003,0.6233761104474498,False,True
36,2250.0,2.8000000000000003,0.8020085808451051,False,True
36,2850.0,2.8000000000000003,0.7845651979014926,False,True
36,3450.0,2.9000000000000004,0.8647166853731423,False,True
36,4050.0,2.9000000000000004,0.9480983011911224,False,True
36,4650.0,2.9000000000000004,0.9481813731746935,False,True
36,5250.0,3.0,0.9148707658379369,False,True
36,5850.0,3.0,0.8694842334709307,False,True
36,6450.0,3.0,0.6665451900405063,False,True
36,7050.0,3.1,0.7746119967095013,False,True
36,7650.0,3.1,0.831579411669492,False,True
36,8250.0,3.1,0.7310376526923795,False,True
36,8850.0,3.2,0.7823110730278384,False,True
36,9450.0,3.2,0.8377209780018078,False,True
36,10050.0,3.2,0.8382603824725144,False,True
36,10650.0,3.3000000000000003,0.9219906053620305,False,True
36,11250.0,3.3000000000000003,0.9476169140484443,False,True
36,11850.0,3.3000000000000003,0.8967845102159726,False,True
36,12450.0,3.4000000000000004,0.9367274512307938,False,True
36,13050.0,3.4000000000000004,0.9545541976648452,False,True
36,13650.0,3.4000000000000004,0.9208286643486954,False,True
36,14250.0,3.5,0.9217593648196964,False,True
36,14850.0,3.5,0.8322829106682418,False,True
36,15450.0,0.4,0.5331360833987632,False,True
36,16050.0,0.4,0.9463789227241463,False,True
36,16650.0,0.4,0.9582115543632505,False,True
36,17250.0,0.5,0.9388426775418385,False,True
36,17850.0,0.5,0.9625709878948991,False,True
36,18450.0,0.5,0.9358556554222948,False,True
36,19050.0,0.6000000000000001,0.9175130487306143,False,True
36,19650.0,0.6000000000000001,0.9635477853083746,False,True
36,20250.0,0.6000000000000001,0.9499455682236972,False,True
36,20850.0,0.7000000000000001,0.9113098346006734,False,True
36,21450.0,0.7000000000000001,0.7963968775604822,False,True
36,22050.0,0.7000000000000001,0.5834647471337597,False,True
36,22650.0,0.8,0.5922897073999445,False,True
36,23250.0,0.8,0.7179273487632185,False,True
36,23850.0,0.8,0.7886136703281227,False,True
36,24450.0,0.9,0.8376495546115187,False,True
36,25050.0,0.9,0.8963224840189256,False,True
36,25650.0,0.9,0.8944799612364563,False,True
36,26250.0,1.0,0.9491206818898952,False,True
36,26850.0,1.0,0.9586429370346911,False,True
36,27450.0,1.0,0.924127551180363,False,True
36,28050.0,1.1,0.9353688298308676,False,True
36,28650.0,1.1,0.9162113388922373,False,True
36,29250.0,1.2000000000000002,0.8843846989478333,False,True
36,29850.0,1.2000000000000002,0.9319577614183832,False,True
36,30450.0,1.2000000000000002,0.8177111254480715,False,True
36,31050.0,-2.0,0.8412920558484506,False,True
36,31650.0,-2.0,0.925180921491878,False,True
36,32250.0,-1.9000000000000001,0.9159238742212094,False,True
36,32850.0,-1.9000000000000001,0.9561439136099095,False,True
36,33450.0,-1.9000000000000001,0.669199603623772,False,True
36,34050.0,-9.5,0.8427614302258757,False,True
36,34650.0,-9.4,0.5885272828763471,False,True
36,35250.0,-9.4,0.7434047587627192,False,True
36,35850.0,-9.4,0.7708411034286076,False,True
36,36450.0,-9.3,0.7079212054974523,False,True
36,37050.0,-9.3,0.7708346239968465,False,True
36,37650.0,-9.3,0.7130583457644357,False,True
36,38241.1,-9.200000000000001,0.6235044113506752,False,True
37,450.0,1.3,0.8750643109416588,False,True
37,1050.0,1.4000000000000001,0.9005148708081043,False,True
37,1650.0,1.4000000000000001,0.935554460878852,False,True
37,2250.0,1.4000000000000001,0.8654199611786035,False,True
37,2850.0,1.5,0.9181322037021604,False,True
37,3450.0,1.5,0.8899704868017488,False,True
37,4050.0,1.6,0.6087361363225162,False,True
37,4650.0,1.6,0.9220563964793405,False,True
37,5250.0,1.6,0.8777627450839968,False,True
37,5850.0,1.7000000000000002,0.811718894227886,False,True
37,6450.0,1.7000000000000002,0.7715677013638318,False,True
37,7050.0,1.8,0.7520393767127491,False,True
37,7650.0,1.8,0.7056780276032881,False,True
37,8250.0,1.8,0.4376793752128471,False,False
37,8850.0,1.9000000000000001,0.743373105643623,False,True
37,9450.0,1.9000000000000001,0.8212685570187317,False,True
37,10050.0,2.0,0.8383641213202815,False,True
37,10650.0,2.0,0.8656985809082949,False,True
37,11250.0,2.0,0.5771035721589285,False,True
37,11850.0,2.1,0.6118463284532116,False,True
37,12450.0,2.1,0.6707278489650396,False,True
37,13050.0,2.1,0.6297437420256972,False,True
37,13650.0,2.2,0.7396074954497136,False,True
37,14250.0,2.2,0.8821962542129291,False,True
37,14850.0,2.3000000000000003,0.5274799105506188,False,True
37,15450.0,2.3000000000000003,0.4884780879970778,False,True
37,16050.0,-0.9,0.5956284632386819,False,True
37,16650.0,-0.9,0.8959854366747145,False,True
37,17250.0,-0.9,0.8352242496800508,False,True
37,17850.0,-0.8,0.9378869456712815,False,True
37,18450.0,-0.8,0.849443635740406,False,True
37,19050.0,-0.7000000000000001,0.7848769726729534,False,True
37,19650.0,-0.7000000000000001,0.8195903619716258,False,True
37,20250.0,-0.7000000000000001,0.7535514995753184,False,True
37,20850.0,-0.6000000000000001,0.7942973292089026,False,True
37,21450.0,-0.6000000000000001,0.8312506621505632,False,True
37,22050.0,-0.6000000000000001,0.738852332484482,False,True
37,22650.0,-0.5,0.7592654370664202,False,True
37,23250.0,-0.5,0.7238865043716555,False,True
37,23850.0,-0.4,0.8615555861808327,False,True
37,24450.0,-0.4,0.9082826446119873,False,True
37,25050.0,-0.4,0.7166843882235979,False,True
37,25650.0,-0.30000000000000004,0.7605339691938583,False,True
37,26250.0,-0.30000000000000004,0.7767193228724084,False,True
37,26850.0,-0.2,0.7715630500602584,False,True
37,27450.0,-0.2,0.9139290860482923,False,True
37,28050.0,-0.2,0.8944653154829871,False,True
37,28650.0,-0.1,0.9004836511450668,False,True
37,29250.0,-0.1,0.8908667926365524,False,True
37,29850.0,0.0,0.6330260510571695,False,True
37,30450.0,0.0,0.6513938464897104,False,True
37,31050.0,-3.2,0.8088437280271992,False,True
37,31650.0,-3.2,0.7965529752261067,False,True
37,32250.0,-3.2,0.47059382202077005,False,True
37,32850.0,-3.1,0.5968241056023615,False,True
37,33450.0,-3.1,0.425885941799534,False,False
37,34050.0,-15.200000000000001,0.6131712767519083,False,True
37,34650.0,-15.200000000000001,0.643160171089042,False,True
37,35250.0,-15.200000000000001,0.5443598852209216,False,True
37,35850.0,-15.100000000000001,0.5175615906144393,False,True
37,36450.0,-15.100000000000001,0.6622618208803004,False,True
37,37050.0,-15.0,0.6135746699900668,False,True
37,37650.0,-15.0,0.8088491684215408,False,True
37,38250.0,-15.0,0.7745121128814213,False,True
37,38850.0,-14.9,0.8985892672350387,False,True
37,39450.0,-14.9,0.8985555855141643,False,True
37,40050.0,-14.9,0.8262110397339044,False,True
37,40650.0,-14.8,0.8442833961522449,False,True
37,41250.0,-14.8,0.6012301511442913,False,True
37,41735.3,-14.8,0.7500447008876742,False,True
38,450.0,1.7000000000000002,0.7652418098922009,False,True
38,1050.0,1.7000000000000002,0.798767826087104,False,True
38,1650.0,1.8,0.7440667752749629,False,True
38,2250.0,1.8,0.8851117712902946,False,True
38,2850.0,1.8,0.8950799944857385,False,True
38,3450.0,1.9000000000000001,0.9017807920243882,False,True
38,4050.0,1.9000000000000001,0.8726701588776447,False,True
38,4650.0,2.0,0.7862948607455347,False,True
38,5250.0,2.0,0.8239676334695609,False,True
38,5850.0,2.0,0.7817139199750073,False,True
38,6450.0,2.1,0.7848391839263749,False,True
38,7050.0,2.1,0.7887419979422545,False,True
38,7650.0,2.2,0.806179725036474,False,True
38,8250.0,2.2,0.8767206933335165,False,True
38,8850.0,2.2,0.8487414246334936,False,True
38,9450.0,2.3000000000000003,0.7655036103381482,False,True
38,10050.0,2.3000000000000003,0.8260995019952789,False,True
38,10650.0,2.4000000000000004,0.7922348773937551,False,True
38,11250.0,2.4000000000000004,0.8825000843419836,False,True
38,11850.0,2.4000000000000004,0.8179763898627711,False,True
38,12450.0,2.5,0.8007978323638594,False,True
38,13050.0,2.5,0.8520471508301541,False,True
38,13650.0,2.5,0.7443741780977475,False,True
38,14250.0,2.6,0.8251270788265285,False,True
38,14850.0,2.6,0.8630750917648367,False,True
38,15450.0,2.6,0.6540715821906353,False,True
38,16050.0,-0.6000000000000001,0.7971327892613634,False,True
38,16650.0,-0.5,0.7936435463649498,False,True
38,17250.0,-0.5,0.8117462574892632,False,True
38,17850.0,-0.4,0.753202003207557,False,True
38,18450.0,-0.4,0.843393571976439,False,True
38,19050.0,-0.4,0.818176298418827,False,True
38,19650.0,-0.30000000000000004,0.8252665853937718,False,True
38,20250.0,-0.30000000000000004,0.8177339415409648,False,True
38,20850.0,-0.30000000000000004,0.7306916981970679,False,True
38,21450.0,-0.2,0.8117710227706249,False,True
38,22050.0,-0.2,0.8872441542831654,False,True
38,22650.0,-0.1,0.8603238688254458,False,True
38,23250.0,-0.1,0.8551197792718392,False,True
38,23850.0,-0.1,0.7867355407779927,False,True
38,24450.0,0.0,0.8423340591561707,False,True
38,25050.0,0.0,0.843792764443585,False,True
38,25650.0,0.1,0.7777779326285158,False,True
38,26250.0,0.1,0.8099020564426384,False,True
38,26850.0,0.1,0.8316822810060239,False,True
38,27450.0,0.2,0.8331190305845243,False,True
38,28050.0,0.2,0.8493421987618819,False,True
38,28650.0,0.30000000000000004,0.8122841459881285,False,True
38,29250.0,0.30000000000000004,0.8585987447374449,False,True
38,29850.0,0.30000000000000004,0.7814813247738225,False,True
38,30450.0,0.4,0.6770835018030006,False,True
38,31050.0,-2.9000000000000004,0.717460893162624,False,True
38,31650.0,-2.8000000000000003,0.7890409944590919,False,True
38,32250.0,-2.8000000000000003,0.8143867158679196,False,True
38,32850.0,-2.7,0.7998577082315046,False,True
38,33450.0,-2.7,0.652577200454412,False,True
38,34050.0,-16.900000000000002,0.717536444605625,False,True
38,34650.0,-16.900000000000002,0.8188726416712546,False,True
38,35250.0,-16.900000000000002,0.6126582027730411,False,True
38,35850.0,-16.8,0.7526710112720696,False,True
38,36450.0,-16.8,0.82852600416125,False,True
38,37050.0,-16.8,0.7456979379809769,False,True
38,37650.0,-16.7,0.8350424761574942,False,True
38,38250.0,-16.7,0.5984012549428284,False,True
38,38850.0,-16.6,0.8123158192572066,False,True
38,39450.0,-16.6,0.782018856588792,False,True
38,40050.0,-16.5,0.7427727817008809,False,True
38,40650.0,-16.5,0.7786705668623453,False,True
38,41250.0,-16.5,0.7708300544036126,False,True
38,41850.0,-16.400000000000002,0.7466307521512482,False,True
38,42450.0,-16.400000000000002,0.8052663016466715,False,True
38,43050.0,-16.400000000000002,0.624520935452832,False,True
38,43650.0,-16.3,0.7241206514868263,False,True
38,44250.0,-16.3,0.7364138023034971,False,True
38,44850.0,-16.2,0.6465084443201605,False,True
38,45450.0,-16.2,0.6931687714904408,False,True
38,46050.0,-16.2,0.6468506389538239,False,True
38,46650.0,-16.1,0.8221325982304246,False,True
38,47250.0,-16.1,0.919760224346732,False,True
38,47850.0,-16.1,0.8262935116235842,False,True
38,48450.0,-16.0,0.774729339716195,False,True
38,49050.0,-22.5,0.561182440009016,False,True
38,49650.0,-22.5,0.8273107529256009,False,True
38,50250.0,-22.400000000000002,0.8059168513477207,False,True
38,50850.0,-22.400000000000002,0.8803973158825975,False,True
38,51450.0,-22.3,0.7991964887738233,False,True
38,52050.0,-22.3,0.7538672907747546,False,True
38,52650.0,-22.3,0.7301525397192503,False,True
38,53250.0,-22.200000000000003,0.8387920523999406,False,True
38,53850.0,-22.200000000000003,0.7537142195813958,False,True
38,54450.0,-22.200000000000003,0.5350750254029281,False,True
38,55050.0,-22.1,0.477066754067688,False,True
38,55074.9,-22.1,0.42740150252004516,False,False
39,450.0,-2.3000000000000003,0.7104855137275269,False,True
39,1050.0,-2.3000000000000003,0.8547075459087713,False,True
39,1650.0,-2.2,0.7801066080004043,False,True
39,2250.0,-2.2,0.8350937682208659,False,True
39,2850.0,-2.1,0.8306422576846543,False,True
39,3450.0,-2.1,0.8954445429522333,False,True
39,4050.0,-2.1,0.8834434959567572,False,True
39,4650.0,-2.0,0.886333192798014,False,True
39,5250.0,-2.0,0.8205940727632522,False,True
39,5850.0,-1.9000000000000001,0.8558176446024014,False,True
39,6450.0,-1.9000000000000001,0.8889713118034829,False,True
39,7050.0,-1.9000000000000001,0.8373538243075266,False,True
39,7650.0,-1.8,0.8785776191081114,False,True
39,8250.0,-1.8,0.8505046739597785,False,True
39,8850.0,-1.8,0.7895252067472059,False,True
39,9450.0,-1.7000000000000002,0.8656956225072109,False,True
39,10050.0,-1.7000000000000002,0.7155012903120093,False,True
39,10650.0,-1.6,0.83164159121506,False,True
39,11250.0,-1.6,0.857361912055333,False,True
39,11850.0,-1.6,0.8222257766271331,False,True
39,12450.0,-1.5,0.8577089240651414,False,True
39,13050.0,-1.5,0.7523711948320944,False,True
39,13650.0,-1.4000000000000001,0.6321184652856191,False,True
39,14250.0,-1.4000000000000001,0.8006805692618638,False,True
39,14850.0,-1.4000000000000001,0.6737256729096011,False,True
39,15450.0,-7.9,0.5762454197884823,False,True
39,16050.0,-7.9,0.7560459019415813,False,True
39,16650.0,-7.800000000000001,0.6897553830696422,False,True
39,17250.0,-7.800000000000001,0.75919360214478,False,True
39,17850.0,-7.800000000000001,0.6618635821781037,False,True
39,18450.0,-7.7,0.7797179914664378,False,True
39,19050.0,-7.7,0.7679157092613377,False,True
39,19650.0,-7.6000000000000005,0.706855107259356,False,True
39,20250.0,-7.6000000000000005,0.7714844586069858,False,True
39,20850.0,-7.6000000000000005,0.5971268523600944,False,True
39,21450.0,-7.5,0.7909029862075414,False,True
39,22050.0,-7.5,0.772431615081047,False,True
39,22650.0,-7.4,0.6474838310033066,False,True
39,23250.0,-7.4,0.8141613404544873,False,True
39,23850.0,-7.4,0.6866084694403074,False,True
39,24450.0,-7.300000000000001,0.8406007952296046,False,True
39,25050.0,-7.300000000000001,0.7632560342880547,False,True
39,25650.0,-7.2,0.6229535461707827,False,True
39,26250.0,-7.2,0.8176729752648021,False,True
39,26850.0,-7.2,0.6481393874476176,False,True
39,27450.0,-7.1000000000000005,0.754734584317195,False,True
39,28050.0,-7.1000000000000005,0.8735922140291433,False,True
39,28650.0,-7.0,0.916071548542799,False,True
39,29250.0,-7.0,0.9573715337006381,False,True
39,29850.0,-7.0,0.9036516388278844,False,True
39,30450.0,-6.9,0.6702464774631195,False,True
39,31050.0,-10.200000000000001,0.5768725686754164,False,True
39,31650.0,-10.100000000000001,0.87306314917406,False,True
39,32250.0,-10.100000000000001,0.8450573590532682,False,True
39,32850.0,-10.0,0.7757673947456303,False,True
39,33450.0,-10.0,0.5800677214095581,False,True
39,34050.0,-56.900000000000006,0.6465740633347952,False,True
39,34650.0,-56.800000000000004,0.6192385293783658,False,True
39,35250.0,-56.800000000000004,0.7521045008641513,False,True
39,35850.0,-56.800000000000004,0.4542654832530988,False,True
39,36450.0,-56.7,0.7511483033924404,False,True
39,37050.0,-56.7,0.6529126669650345,False,True
39,37650.0,-56.6,0.61770541454443,False,True
39,38250.0,-56.6,0.7681578922663254,False,True
39,38850.0,-56.6,0.543526431652764,False,True
39,39450.0,-56.5,0.7263515855691595,False,True
39,39974.9,-56.5,0.3357768357700837,False,False
40,450.0,1.7000000000000002,0.7472101981420269,False,True
40,1050.0,1.7000000000000002,0.9437447329336748,False,True
40,1650.0,1.7000000000000002,0.9529257417615012,False,True
40,2250.0,1.8,0.617891421645286,False,True
40,2850.0,1.8,0.7609110245822023,False,True
40,3450.0,1.8,0.7773633251370834,False,True
40,4050.0,1.9000000000000001,0.7787560280554561,False,True
40,4650.0,1.9000000000000001,0.8838251685872264,False,True
40,5250.0,1.9000000000000001,0.9124262944302826,False,True
40,5850.0,2.0,0.9148287995185379,False,True
40,6450.0,2.0,0.918772818414879,False,True
40,7050.0,2.0,0.9317845454217096,False,True
40,7650.0,2.1,0.9418287712192772,False,True
40,8250.0,2.1,0.9229166870681044,False,True
40,8850.0,2.1,0.8663951014252892,False,True
40,9450.0,2.2,0.807211758729572,False,True
40,10050.0,2.2,0.9072853887738299,False,True
40,10650.0,2.2,0.9398213167059136,False,True
40,11250.0,2.3000000000000003,0.9392125301989284,False,True
40,11850.0,2.3000000000000003,0.6297798726345029,False,True
40,12450.0,2.3000000000000003,0.584856887618221,False,True
40,13050.0,2.4000000000000004,0.6106829442970421,False,True
40,13650.0,2.4000000000000004,0.7242303162991024,False,True
40,14250.0,2.4000000000000004,0.6773266104185232,False,True
40,14850.0,2.5,0.8638966015819993,False,True
40,15450.0,2.5,0.5480885100891091,False,True
40,16050.0,-0.7000000000000001,0.7706404418071517,False,True
40,16650.0,-0.7000000000000001,0.7974704609949179,False,True
40,17250.0,-0.7000000000000001,0.7122308402428631,False,True
40,17850.0,-0.6000000000000001,0.6308853182783769,False,True
40,18450.0,-0.6000000000000001,0.5968080511643089,False,True
40,19050.0,-0.6000000000000001,0.6459232092905887,False,True
40,19650.0,-0.5,0.7064270229031977,False,True
40,20250.0,-0.5,0.6739007559532448,False,True
40,20850.0,-0.4,0.6190760993417237,False,True
40,21450.0,-0.4,0.742840800119722,False,True
40,22050.0,-0.4,0.8481401687716459,False,True
40,22650.0,-0.30000000000000004,0.910522577350502,False,True
40,23250.0,-0.30000000000000004,0.9429368821576711,False,True
40,23850.0,-0.30000000000000004,0.8839551642695802,False,True
40,24450.0,-0.2,0.8604853486977647,False,True
40,25050.0,-0.2,0.9108864708823706,False,True
40,25650.0,-0.2,0.8920082463582898,False,True
40,26250.0,-0.1,0.9080645288097814,False,True
40,26850.0,-0.1,0.948600685580443,False,True
40,27450.0,-0.1,0.9662862070232141,False,True
40,28050.0,0.0,0.9609700641540841,False,True
40,28650.0,0.0,0.9772215202597883,False,True
40,29250.0,0.0,0.9567236147420638,False,True
40,29850.0,0.1,0.806986782267492,False,True
40,30450.0,0.1,0.7571416100806713,False,True
40,31050.0,-3.1,0.5765549945422992,False,True
40,31650.0,-3.0,0.7653148122877499,False,True
40,32250.0,-3.0,0.8717568683001518,False,True
40,32850.0,-3.0,0.7945689083817776,False,True
40,33450.0,-2.9000000000000004,0.6233806948318568,False,True
40,34050.0,-10.3,0.7357491590280852,False,True
40,34650.0,-10.3,0.876012648806905,False,True
40,35250.0,-10.200000000000001,0.5693552811142287,False,True
40,35850.0,-10.200000000000001,0.6565422227027624,False,True
40,36450.0,-10.200000000000001,0.6503789628414198,False,True
40,37050.0,-10.100000000000001,0.6935581783042789,False,True
40,37499.5,-10.100000000000001,0.5847880520382837,False,True
41,450.0,1.2000000000000002,0.7302045893494017,False,True
41,1050.0,1.2000000000000002,0.5547960464258632,False,True
41,1650.0,1.3,0.5930928415080423,False,True
41,2250.0,1.3,0.7271306455849821,False,True
41,2850.0,1.3,0.7270063706425125,False,True
41,3450.0,1.3,0.7111582851085704,False,True
41,4050.0,1.4000000000000001,0.6579276037740234,False,True
41,4650.0,1.4000000000000001,0.36696694988664225,False,False
41,5250.0,1.5,0.3846209351088678,False,False
41,5850.0,1.5,0.6228318119038309,False,True
41,6450.0,1.5,0.44337692245503824,False,False
41,7050.0,1.5,0.49265840530396804,False,True
41,7650.0,1.6,0.6127980434405769,False,True
41,8250.0,1.6,0.8676712409439682,False,True
41,8850.0,1.6,0.9719125877450244,False,True
41,9450.0,1.7000000000000002,0.9700136189676454,False,True
41,10050.0,1.7000000000000002,0.9835121846849412,False,True
41,10650.0,1.7000000000000002,0.9729966136349196,False,True
41,11250.0,1.8,0.96056555400616,False,True
41,11850.0,1.8,0.9749558496260177,False,True
41,12450.0,1.8,0.9749574201944041,False,True
41,13050.0,1.8,0.9671374209763861,False,True
41,13650.0,1.9000000000000001,0.9707704396471557,False,True
41,14250.0,1.9000000000000001,0.9195778887969488,False,True
41,14850.0,1.9000000000000001,0.7450882723412894,False,True
41,15450.0,2.0,0.5045900073874326,False,True
41,16050.0,-1.2000000000000002,0.695760638266846,False,True
41,16650.0,-1.2000000000000002,0.6630213807956197,False,True
41,17250.0,-1.1,0.7360598239550392,False,True
41,17850.0,-1.1,0.7624690327677686,False,True
41,18450.0,-1.1,0.5989598408226219,False,True
41,19050.0,-1.0,0.58489266834144,False,True
41,19650.0,-1.0,0.6569934235576923,False,True
41,20250.0,-1.0,0.5947500054494714,False,True
41,20850.0,-0.9,0.5426097344307019,False,True
41,21450.0,-0.9,0.6351304575411678,False,True
41,22050.0,-0.9,0.6233553073520252,False,True
41,22650.0,-0.9,0.504021143947527,False,True
41,23250.0,-0.8,0.6338897389212612,False,True
41,23850.0,-0.8,0.6050850233682585,False,True
41,24450.0,-0.8,0.4561995979375217,False,True
41,25050.0,-0.7000000000000001,0.6227844472207861,False,True
41,25650.0,-0.7000000000000001,0.5823103751636715,False,True
41,26250.0,-0.7000000000000001,0.4896472083285096,False,True
41,26850.0,-0.6000000000000001,0.6045366086514675,False,True
41,27450.0,-0.6000000000000001,0.6221259035752287,False,True
41,28050.0,-0.6000000000000001,0.6102548464602319,False,True
41,28650.0,-0.5,0.688078975361047,False,True
41,29250.0,-0.5,0.6516043367819472,False,True
41,29850.0,-0.5,0.5074086513064278,False,True
41,30450.0,-0.4,0.4201095839908622,False,False
41,31050.0,-3.6,0.53522283678943,False,True
41,31650.0,-3.6,0.5686536501638155,False,True
41,32250.0,-3.5,0.6430780791660192,False,True
41,32850.0,-3.5,0.6414428606621504,False,True
41,33450.0,-3.5,0.4692031947022942,False,True
41,34050.0,-13.3,0.6998729468116525,False,True
41,34650.0,-13.200000000000001,0.6605778235181425,False,True
41,35180.200000000004,-13.200000000000001,0.7331108107196365,False,True
42,450.0,1.2000000000000002,0.7485998772768245,False,True
42,1050.0,1.2000000000000002,0.9212844192124374,False,True
42,1650.0,1.2000000000000002,0.9187753109441722,False,True
42,2250.0,1.3,0.9273047802599114,False,True
42,2850.0,1.3,0.9399466337290311,False,True
42,3450.0,1.3,0.9236788133875689,False,True
42,4050.0,1.4000000000000001,0.9502959475890115,False,True
42,4650.0,1.4000000000000001,0.9044691602889032,False,True
42,5250.0,1.5,0.9529102433514779,False,True
42,5850.0,1.5,0.9711087017590956,False,True
42,6450.0,1.5,0.9536587414252493,False,True
42,7050.0,1.6,0.9532747021458233,False,True
42,7650.0,1.6,0.9554872191484581,False,True
42,8250.0,1.7000000000000002,0.9356771856458957,False,True
42,8850.0,1.7000000000000002,0.9662320473972993,False,True
42,9450.0,1.7000000000000002,0.9692252064137993,False,True
42,10050.0,1.8,0.9586029372337302,False,True
42,10650.0,1.8,0.9536623909113007,False,True
42,11250.0,1.8,0.9156776132819844,False,True
42,11850.0,1.9000000000000001,0.951013399851681,False,True
42,12450.0,1.9000000000000001,0.9714898326275504,False,True
42,13050.0,2.0,0.9526577189778763,False,True
42,13650.0,2.0,0.9667784295796666,False,True
42,14250.0,2.0,0.9586213631826213,False,True
42,14850.0,2.1,0.9518284093559202,False,True
42,15450.0,2.1,0.8116438507821069,False,True
42,16050.0,-1.2000000000000002,0.9021525913774873,False,True
42,16650.0,-1.1,0.9389149040725757,False,True
42,17250.0,-1.1,0.9213634723174736,False,True
42,17850.0,-1.1,0.6514768117894104,False,True
42,18450.0,-1.0,0.8572002167014287,False,True
42,19050.0,-1.0,0.9137814310070302,False,True
42,19650.0,-1.0,0.9410075044206897,False,True
42,20250.0,-0.9,0.9104569567428162,False,True
42,20850.0,-0.9,0.9525579540558032,False,True
42,21450.0,-0.8,0.9428592536774942,False,True
42,22050.0,-0.8,0.9353071984969389,False,True
42,22650.0,-0.8,0.46289931487276975,False,True
42,23250.0,-0.7000000000000001,0.6207093164310179,False,True
42,23850.0,-0.7000000000000001,0.5455404443727169,False,True
42,24450.0,-0.6000000000000001,0.45601465365740834,False,True
42,25050.0,-0.6000000000000001,0.6222337333167041,False,True
42,25650.0,-0.6000000000000001,0.5034435689848673,False,True
42,26250.0,-0.5,0.8873826820403516,False,True
42,26850.0,-0.5,0.9770034951911613,False,True
42,27450.0,-0.5,0.9509657084501049,False,True
42,28050.0,-0.4,0.9207065100084011,False,True
42,28650.0,-0.4,0.8586891740526937,False,True
42,29250.0,-0.30000000000000004,0.8769497728281616,False,True
42,29850.0,-0.30000000000000004,0.9290822361773137,False,True
42,30450.0,-0.30000000000000004,0.7477937774282589,False,True
42,31050.0,-3.5,0.5647764826583703,False,True
42,31650.0,-3.4000000000000004,0.6212532408453241,False,True
42,32250.0,-3.4000000000000004,0.5814430948565966,False,True
42,32850.0,-3.4000000000000004,0.49140573111530617,False,True
42,33450.0,-3.3000000000000003,0.22228253870989015,False,False
42,34050.0,-11.200000000000001,0.5959276475935272,False,True
42,34650.0,-11.200000000000001,0.47411533167418685,False,True
42,35250.0,-11.100000000000001,0.5091805183536066,False,True
42,35850.0,-11.100000000000001,0.6151090900880118,False,True
42,36450.0,-11.100000000000001,0.49025388741697334,False,True
42,37050.0,-11.0,0.5763457631103895,False,True
42,37650.0,-11.0,0.5391266716762928,False,True
42,38250.0,-10.9,0.7707499969179615,False,True
42,38850.0,-10.9,0.7365205485723318,False,True
42,39450.0,-10.9,0.29575087052865345,False,False
42,40050.0,-10.8,0.3012481933112514,False,False
42,40650.0,-10.8,0.3229506587736595,False,False
42,41250.0,-10.8,0.23270937875391096,False,False
42,41850.0,-10.700000000000001,0.286744733405904,False,False
42,42450.0,-10.700000000000001,0.3025147776248329,False,False
42,43050.0,-10.600000000000001,0.26704817390097124,False,False
42,43650.0,-10.600000000000001,0.3092307377545267,False,False
42,44250.0,-10.600000000000001,0.284152667907619,False,False
42,44850.0,-10.5,0.3265544354439363,False,False
42,45450.0,-10.5,0.3298879955202782,False,False
42,46050.0,-10.4,0.25304576529945083,False,False
42,46650.0,-10.4,0.332401577847486,False,False
42,47250.0,-10.4,0.34103519760776313,False,False
42,47850.0,-10.3,0.4006059845179166,False,False
42,48450.0,-10.3,0.3118013395383503,False,False
42,49050.0,-13.4,0.14255165098199218,False,False
42,49650.0,-13.4,0.3231073863319675,False,False
42,50250.0,-13.4,0.34526151816249184,False,False
42,50713.200000000004,-13.3,0.4110535911857225,False,False
43,450.0,-1.5,0.6137910789009643,False,True
43,1050.0,-1.5,0.8643417007761833,False,True
43,1650.0,-1.5,0.797944480948968,False,True
43,2250.0,-1.5,0.7848892720266968,False,True
43,2850.0,-1.4000000000000001,0.7306817080953739,False,True
43,3450.0,-1.4000000000000001,0.6849707687721956,False,True
43,4050.0,-1.4000000000000001,0.724237084618121,False,True
43,4650.0,-1.3,0.6969790214498736,False,True
43,5250.0,-1.3,0.7663440262490332,False,True
43,5850.0,-1.3,0.6980334824272579,False,True
43,6450.0,-1.2000000000000002,0.7075901129227923,False,True
43,7050.0,-1.2000000000000002,0.7140428553063654,False,True
43,7650.0,-1.2000000000000002,0.7142195254226843,False,True
43,8250.0,-1.1,0.6430545991223091,False,True
43,8850.0,-1.1,0.7048302088344223,False,True
43,9450.0,-1.1,0.6892785362676785,False,True
43,10050.0,-1.1,0.5758709506397515,False,True
43,10650.0,-1.0,0.66518354270127,False,True
43,11250.0,-1.0,0.7420323278912694,False,True
43,11850.0,-1.0,0.6421287816630523,False,True
43,12450.0,-0.9,0.6360290812441588,False,True
43,13050.0,-0.9,0.7221984309499693,False,True
43,13650.0,-0.9,0.6840835807861754,False,True
43,14250.0,-0.8,0.6260125568066683,False,True
43,14850.0,-0.8,0.7096057927505368,False,True
43,15450.0,-7.4,0.42505386974415754,False,False
43,16050.0,-7.300000000000001,0.610736941086759,False,True
43,16650.0,-7.300000000000001,0.7213635927287763,False,True
43,17250.0,-7.300000000000001,0.6787754124482382,False,True
43,17850.0,-7.2,0.641305793035442,False,True
43,18450.0,-7.2,0.8125770662591859,False,True
43,19050.0,-7.2,0.8250793583551185,False,True
43,19650.0,-7.2,0.601387904950162,False,True
43,20250.0,-7.1000000000000005,0.7373284142047442,False,True
43,20850.0,-7.1000000000000005,0.7415358734068185,False,True
43,21450.0,-7.1000000000000005,0.6333944958555005,False,True
43,22050.0,-7.0,0.7092067063975468,False,True
43,22650.0,-7.0,0.7531172160005368,False,True
43,23250.0,-7.0,0.7102224409430626,False,True
43,23850.0,-6.9,0.6653410696757228,False,True
43,24450.0,-6.9,0.7390638437034356,False,True
43,25050.0,-6.9,0.669028760252588,False,True
43,25650.0,-6.800000000000001,0.6232160346402342,False,True
43,26250.0,-6.800000000000001,0.7434745607851597,False,True
43,26850.0,-6.800000000000001,0.7367817091557425,False,True
43,27450.0,-6.7,0.6633175267317809,False,True
43,28050.0,-6.7,0.7576568373036997,False,True
43,28650.0,-6.7,0.7425661065985432,False,True
43,29250.0,-6.7,0.6344783565768546,False,True
43,29850.0,-6.6000000000000005,0.5809290288528368,False,True
43,30450.0,-6.6000000000000005,0.6333876305819842,False,True
43,31050.0,-13.100000000000001,0.7388987913497681,False,True
43,31650.0,-13.100000000000001,0.7516566249679979,False,True
43,32250.0,-13.100000000000001,0.7689870812744402,False,True
43,32850.0,-13.100000000000001,0.7608995813794311,False,True
43,33450.0,-13.0,0.4529265008908945,False,True
43,34050.0,-26.200000000000003,0.706347460327988,False,True
43,34650.0,-26.200000000000003,0.7126956947448,False,True
43,35250.0,-26.1,0.6943264896827958,False,True
43,35850.0,-26.1,0.8331684212284847,False,True
43,36450.0,-26.1,0.6262726504725308,False,True
43,37050.0,-26.0,0.7708062063946187,False,True
43,37579.4,-26.0,0.7579615944780016,False,True
44,450.0,-2.5,0.7652770167779223,False,True
44,1050.0,-2.5,0.9231209289753946,False,True
44,1650.0,-2.4000000000000004,0.924249576232038,False,True
44,2250.0,-2.4000000000000004,0.9611949150742981,False,True
44,2850.0,-2.4000000000000004,0.942872002442962,False,True
44,3450.0,-2.3000000000000003,0.5822725076695192,False,True
44,4050.0,-2.3000000000000003,0.8588657768390475,False,True
44,4650.0,-2.2,0.929909218922222,False,True
44,5250.0,-2.2,0.9264110127258764,False,True
44,5850.0,-2.2,0.6525692720449712,False,True
44,6450.0,-2.1,0.5296193669036603,False,True
44,7050.0,-2.1,0.7326404506851397,False,True
44,7650.0,-2.1,0.7302164646527475,False,True
44,8250.0,-2.0,0.7236789694359969,False,True
44,8850.0,-2.0,0.6630130369779892,False,True
44,9450.0,-1.9000000000000001,0.6751589957782338,False,True
44,10050.0,-1.9000000000000001,0.6064282495422499,False,True
44,10650.0,-1.9000000000000001,0.5984799014266191,False,True
44,11250.0,-1.8,0.838801215809512,False,True
44,11850.0,-1.8,0.7859876985123587,False,True
44,12450.0,-1.7000000000000002,0.8049319821047296,False,True
44,13050.0,-1.7000000000000002,0.9241430788342283,False,True
44,13650.0,-1.7000000000000002,0.6645140125603627,False,True
44,14250.0,-1.6,0.3522649683268988,False,False
44,14850.0,-1.6,0.7834115420067035,False,True
44,15450.0,-1.6,0.7263760542876057,False,True
44,16050.0,-8.200000000000001,0.5577377009251724,False,True
44,16650.0,-8.200000000000001,0.4629461791075347,False,True
44,17250.0,-8.200000000000001,0.41039339048612583,False,False
44,17850.0,-8.1,0.6156174954211894,False,True
44,18450.0,-8.1,0.6879616093170348,False,True
44,19050.0,-8.0,0.8366696492520193,False,True
44,19650.0,-8.0,0.8229778853042067,False,True
44,20250.0,-8.0,0.5723889349705074,False,True
44,20850.0,-7.9,0.4685189225784439,False,True
44,21450.0,-7.9,0.7769411173354224,False,True
44,22050.0,-7.9,0.7798368527664251,False,True
44,22650.0,-7.800000000000001,0.7422253563756686,False,True
44,23250.0,-7.800000000000001,0.8035486758128657,False,True
44,23850.0,-7.7,0.7235184920567401,False,True
44,24450.0,-7.7,0.4149795648070221,False,False
44,25050.0,-7.7,0.3280213587794615,False,False
44,25650.0,-7.6000000000000005,0.3516454493827912,False,False
44,26250.0,-7.6000000000000005,0.36812124079998115,False,False
44,26850.0,-7.5,0.6730045955681941,False,True
44,27450.0,-7.5,0.9400645187070457,False,True
44,28050.0,-7.5,0.9486170277714209,False,True
44,28650.0,-7.4,0.9507551011952229,False,True
44,29250.0,-7.4,0.9282257253508085,False,True
44,29850.0,-7.4,0.888046393658482,False,True
44,30450.0,-7.300000000000001,0.5582072855319313,False,True
44,31050.0,-14.100000000000001,0.5371269888376942,False,True
44,31650.0,-14.0,0.7507686702183535,False,True
44,32250.0,-14.0,0.727104207727106,False,True
44,32850.0,-13.9,0.5873233311147953,False,True
44,33450.0,-13.9,0.4262441322155405,False,False
44,34050.0,-60.5,0.7949955779482786,False,True
44,34650.0,-60.5,0.9030159663774567,False,True
44,35250.0,-60.5,0.8988217203130231,False,True
44,35850.0,-60.400000000000006,0.9414166722525752,False,True
44,36450.0,-60.400000000000006,0.6419054779325761,False,True
44,37050.0,-60.300000000000004,0.6290242522815738,False,True
44,37650.0,-60.300000000000004,0.8057507508111781,False,True
44,38250.0,-60.300000000000004,0.707483001652169,False,True
44,38331.200000000004,-60.300000000000004,0.43385712616962896,False,False
45,450.0,1.5,0.809508889234013,False,True
45,1050.0,1.5,0.8932245982132757,False,True
45,1650.0,1.5,0.9193459903984657,False,True
45,2250.0,1.6,0.8969804863993968,False,True
45,2850.0,1.6,0.9388614501731006,False,True
45,3450.0,1.6,0.9625980439141305,False,True
45,4050.0,1.7000000000000002,0.956701436314386,False,True
45,4650.0,1.7000000000000002,0.9752152927407897,False,True
45,5250.0,1.7000000000000002,0.9729170884126721,False,True
45,5850.0,1.7000000000000002,0.9606810219669555,False,True
45,6450.0,1.8,0.9745866125982096,False,True
45,7050.0,1.8,0.9707071427535432,False,True
45,7650.0,1.8,0.9543195264013827,False,True
45,8250.0,1.9000000000000001,0.9524646294502064,False,True
45,8850.0,1.9000000000000001,0.971075912091972,False,True
45,9450.0,1.9000000000000001,0.960350384573512,False,True
45,10050.0,2.0,0.9583462868500998,False,True
45,10650.0,2.0,0.9641893321738045,False,True
45,11250.0,2.0,0.957270265542924,False,True
45,11850.0,2.1,0.9459944601684631,False,True
45,12450.0,2.1,0.9607150232174643,False,True
45,13050.0,2.1,0.9510941900108519,False,True
45,13650.0,2.2,0.9378756022554188,False,True
45,14250.0,2.2,0.9378992128784867,False,True
45,14850.0,2.2,0.8735028647952543,False,True
45,15450.0,-0.9,0.625953011956258,False,True
45,16050.0,-0.9,0.9303553854276126,False,True
45,16650.0,-0.9,0.943483222018891,False,True
45,17250.0,-0.9,0.9377708888960378,False,True
45,17850.0,-0.8,0.942031349238964,False,True
45,18450.0,-0.8,0.9528761750067822,False,True
45,19050.0,-0.8,0.9463955559702327,False,True
45,19650.0,-0.7000000000000001,0.9464635059294558,False,True
45,20250.0,-0.7000000000000001,0.9578124066649488,False,True
45,20850.0,-0.7000000000000001,0.8793464000926327,False,True
45,21450.0,-3.9000000000000004,0.9020830538617252,False,True
45,22050.0,-3.9000000000000004,0.798533110483095,False,True
45,22650.0,-7.1000000000000005,0.8972716213126684,False,True
45,23250.0,-7.1000000000000005,0.9248599817533624,False,True
45,23850.0,-7.0,0.9384025072083605,False,True
45,24450.0,-7.0,0.5619567258767945,False,True
45,25050.0,-13.5,0.9297241408333043,False,True
45,25650.0,-13.5,0.9413186766672895,False,True
45,26250.0,-13.4,0.9337186664619906,False,True
45,26850.0,-13.4,0.9476186519479609,False,True
45,27450.0,-13.4,0.9112641498262021,False,True
45,28050.0,-13.3,0.9266209999690287,False,True
45,28650.0,-13.3,0.9386092686038757,False,True
45,29250.0,-13.3,0.90977524584084,False,True
45,29850.0,-13.3,0.9100504278485018,False,True
45,30450.0,-13.200000000000001,0.7267623377557868,False,True
45,31050.0,-19.700000000000003,0.8386507475376893,False,True
45,31650.0,-19.700000000000003,0.9316869519278246,False,True
45,32250.0,-19.700000000000003,0.9481400294320619,False,True
45,32850.0,-19.6,0.9480098036811904,False,True
45,33450.0,-19.6,0.5264818019181499,False,True
45,34050.0,-47.400000000000006,0.890404270692164,False,True
45,34650.0,-47.400000000000006,0.8628057105386577,False,True
45,35250.0,-47.400000000000006,0.8396882653539411,False,True
45,35850.0,-47.400000000000006,0.8685659193077538,False,True
45,36450.0,-47.300000000000004,0.9104099030219797,False,True
45,37050.0,-47.300000000000004,0.9105358227523441,False,True
45,37650.0,-47.300000000000004,0.8977778759355586,False,True
45,38250.0,-47.2,0.9115059106250428,False,True
45,38850.0,-47.2,0.9221341677665283,False,True
45,39450.0,-47.2,0.8779168007859423,False,True
45,39870.700000000004,-47.1,0.7939471784117137,False,True
46,450.0,1.9000000000000001,0.923107528131556,False,True
46,1050.0,1.9000000000000001,0.9371838526021967,False,True
46,1650.0,2.0,0.9337222730333835,False,True
46,2250.0,2.0,0.9416641059957417,False,True
46,2850.0,2.0,0.9249134577421584,False,True
46,3450.0,2.1,0.9321982496822939,False,True
46,4050.0,2.1,0.9593766907722909,False,True
46,4650.0,2.1,0.9607109788828418,False,True
46,5250.0,2.1,0.9517893263075651,False,True
46,5850.0,2.2,0.9671354132366176,False,True
46,6450.0,2.2,0.9548648627399772,False,True
46,7050.0,2.2,0.9084098839722261,False,True
46,7650.0,2.3000000000000003,0.9664323538992388,False,True
46,8250.0,2.3000000000000003,0.9666764414143769,False,True
46,8850.0,2.3000000000000003,0.9611772222720864,False,True
46,9450.0,2.4000000000000004,0.7985223061920983,False,True
46,10050.0,2.4000000000000004,0.8900167048932472,False,True
46,10650.0,2.4000000000000004,0.925278489326544,False,True
46,11250.0,2.4000000000000004,0.9566772099434471,False,True
46,11850.0,2.5,0.9624143367260102,False,True
46,12450.0,2.5,0.9364891378953689,False,True
46,13050.0,2.6,0.892937623241499,False,True
46,13650.0,2.6,0.8857334811420522,False,True
46,14250.0,2.6,0.9448548232040068,False,True
46,14850.0,2.6,0.9363175925147579,False,True
46,15450.0,-0.6000000000000001,0.7102638927182325,False,True
46,16050.0,-0.6000000000000001,0.9491841721900238,False,True
46,16650.0,-0.5,0.9470945658851351,False,True
46,17250.0,-0.5,0.9529916947910291,False,True
46,17850.0,-0.5,0.9560696949441904,False,True
46,18450.0,-0.4,0.96077987156041,False,True
46,19050.0,-0.4,0.961421916591609,False,True
46,19650.0,-0.4,0.9472466780169772,False,True
46,20250.0,-0.30000000000000004,0.9356856309835327,False,True
46,20850.0,-0.30000000000000004,0.924697665690563,False,True
46,21450.0,-0.30000000000000004,0.9100222875855499,False,True
46,22050.0,-0.2,0.8603753007422718,False,True
46,22650.0,-0.2,0.9540113681838742,False,True
46,23250.0,-0.2,0.9793162527911214,False,True
46,23850.0,-0.2,0.9702637289614316,False,True
46,24450.0,-0.1,0.9662900363442192,False,True
46,25050.0,-0.1,0.9250595572620267,False,True
46,25650.0,-0.1,0.909584890704378,False,True
46,26250.0,0.0,0.9257065631701781,False,True
46,26850.0,0.0,0.9506933443016377,False,True
46,27450.0,0.0,0.9254594843896686,False,True
46,28050.0,0.1,0.9178473479885597,False,True
46,28650.0,0.1,0.8999073417337868,False,True
46,29250.0,0.1,0.8519947209432288,False,True
46,29850.0,0.2,0.7780461376139948,False,True
46,30450.0,0.2,0.6277044957130582,False,True
46,31050.0,-3.0,0.7264412335099398,False,True
46,31650.0,-2.9000000000000004,0.8080644853625689,False,True
46,32250.0,-2.9000000000000004,0.8190341737262782,False,True
46,32850.0,-2.9000000000000004,0.6182998009953367,False,True
46,33450.0,-2.9000000000000004,0.4438551154016534,False,False
46,34050.0,-7.800000000000001,0.6897282685215163,False,True
46,34650.0,-7.800000000000001,0.6149842290221822,False,True
46,35250.0,-7.800000000000001,0.612601848955841,False,True
46,35850.0,-7.7,0.7363733537259656,False,True
46,36450.0,-7.7,0.7732017297656648,False,True
46,37050.0,-7.7,0.7433489604426293,False,True
46,37650.0,-7.6000000000000005,0.7969867899980567,False,True
46,38250.0,-7.6000000000000005,0.9356764228914124,False,True
46,38850.0,-7.6000000000000005,0.9272004626553144,False,True
46,39450.0,-7.5,0.8835697721903454,False,True
46,39651.8,-7.5,0.8607352898754311,False,True
47,450.0,3.3000000000000003,0.6175337496976635,False,True
47,1050.0,3.4000000000000004,0.4626480197679859,False,True
47,1650.0,-39.900000000000006,0.07981838102860961,False,False
47,2250.0,-39.900000000000006,0.33398805466930304,False,False
47,2850.0,-39.800000000000004,0.43695668172643376,False,False
47,3450.0,-39.800000000000004,0.47400848186123434,False,True
47,4050.0,-39.7,0.3304395079977579,False,False
47,4650.0,-39.7,0.4331455822011433,False,False
47,5250.0,-39.7,0.41134003391227975,False,False
47,5850.0,-39.6,0.3907498947528954,False,False
47,6450.0,-39.6,0.46702022398769016,False,True
47,7050.0,-39.5,0.2619839869318506,False,False
47,7650.0,-39.5,0.5885975279888956,False,True
47,8250.0,-39.5,0.5323435779148322,False,True
47,8850.0,-39.400000000000006,0.7319552081449275,False,True
47,9450.0,-39.400000000000006,0.690157180465082,False,True
47,10050.0,-39.400000000000006,0.7646991600761959,False,True
47,10650.0,-39.300000000000004,0.752205260943918,False,True
47,11250.0,-39.300000000000004,0.8288968720359895,False,True
47,11850.0,-39.2,0.7438313448617581,False,True
47,12450.0,-39.2,0.8267148812864789,False,True
47,13050.0,-39.2,0.9284665379510962,False,True
47,13650.0,-39.1,0.9184835476017389,False,True
47,14250.0,-39.1,0.8707830156705981,False,True
47,14850.0,-39.0,0.8513163507566722,False,True
47,15450.0,-42.300000000000004,0.551173665389706,False,True
47,16050.0,-42.300000000000004,0.8737744659433284,False,True
47,16650.0,-42.300000000000004,0.8730252311533859,False,True
47,17250.0,-42.2,0.8781539534803672,False,True
47,17850.0,-42.2,0.8882917798840552,False,True
47,18450.0,-42.1,0.8315699661199258,False,True
47,19050.0,-42.1,0.879519492834723,False,True
47,19650.0,-42.1,0.8613219298918591,False,True
47,20250.0,-42.0,0.8692331025871695,False,True
47,20850.0,-42.0,0.820726886454393,False,True
47,21450.0,-41.900000000000006,0.7596822769307358,False,True
47,22050.0,-41.900000000000006,0.8746466408675404,False,True
47,22650.0,-41.900000000000006,0.9072328313623472,False,True
47,23250.0,-41.800000000000004,0.8608641671414801,False,True
47,23850.0,-41.800000000000004,0.8557298734104218,False,True
47,24450.0,-41.7,0.8742103287733799,False,True
47,25050.0,-41.7,0.842117506912198,False,True
47,25650.0,-41.7,0.8326743937727434,False,True
47,26250.0,-41.6,0.83531267466647,False,True
47,26850.0,-41.6,0.8926338292069047,False,True
47,27450.0,-41.5,0.8271039266174477,False,True
47,28050.0,-41.5,0.8605285102431275,False,True
47,28650.0,-41.5,0.8914068383549404,False,True
47,29250.0,-41.400000000000006,0.904831569942352,False,True
47,29850.0,-41.400000000000006,0.8334291474125384,False,True
47,30450.0,-41.300000000000004,0.737628808705423,False,True
47,31050.0,-44.6,0.5222131227610087,False,True
47,31650.0,-44.6,0.7367656350463646,False,True
47,32250.0,-44.6,0.810649512511973,False,True
47,32850.0,-44.5,0.6640818821261067,False,True
47,33450.0,-67.10000000000001,0.3187968746341903,False,False
47,34050.0,-67.10000000000001,0.7514861160666015,False,True
47,34650.0,-67.10000000000001,0.8172147033593631,False,True
47,35250.0,-67.0,0.7222308259077529,False,True
47,35850.0,-67.0,0.7223397153600976,False,True
47,35864.0,-67.0,0.6714222723716199,False,True
48,450.0,1.6,0.7771815908119916,False,True
48,1050.0,1.6,0.8859604860177751,False,True
48,1650.0,1.6,0.7973193352127049,False,True
48,2250.0,1.7000000000000002,0.6347131336192079,False,True
48,2850.0,1.7000000000000002,0.6718752660618215,False,True
48,3450.0,1.7000000000000002,0.6339179742692664,False,True
48,4050.0,1.8,0.45626874420555863,False,True
48,4650.0,1.8,0.6293628270727245,False,True
48,5250.0,1.8,0.7178502745306534,False,True
48,5850.0,1.8,0.7099401723472969,False,True
48,6450.0,1.9000000000000001,0.8359279230729566,False,True
48,7050.0,1.9000000000000001,0.8936316589726386,False,True
48,7650.0,1.9000000000000001,0.8560542799422693,False,True
48,8250.0,2.0,0.8678264806731923,False,True
48,8850.0,2.0,0.8894463356052791,False,True
48,9450.0,2.0,0.8050902935432359,False,True
48,10050.0,2.1,0.7029484477614578,False,True
48,10650.0,2.1,0.9111502671352018,False,True
48,11250.0,2.1,0.9058133480133356,False,True
48,11850.0,2.2,0.8685438409383041,False,True
48,12450.0,2.2,0.9741173445950713,False,True
48,13050.0,2.2,0.9695814199202307,False,True
48,13650.0,2.2,0.943009221517897,False,True
48,14250.0,2.3000000000000003,0.9432047913489553,False,True
48,14850.0,2.3000000000000003,0.953792022178223,False,True
48,15450.0,2.3000000000000003,0.5397552233000008,False,True
48,16050.0,-0.8,0.8826159070694743,False,True
48,16650.0,-0.8,0.8862154155084448,False,True
48,17250.0,-0.8,0.8463372377805746,False,True
48,17850.0,-0.7000000000000001,0.8385611199482798,False,True
48,18450.0,-0.7000000000000001,0.8834600876173188,False,True
48,19050.0,-0.7000000000000001,0.8710892281438787,False,True
48,19650.0,-0.6000000000000001,0.7869463300496551,False,True
48,20250.0,-0.6000000000000001,0.7609482586976949,False,True
48,20850.0,-0.6000000000000001,0.7651300555699028,False,True
48,21450.0,-0.6000000000000001,0.7707075608955846,False,True
48,22050.0,-0.5,0.9437154311896275,False,True
48,22650.0,-0.5,0.9787212481450899,False,True
48,23250.0,-0.5,0.9528551942464861,False,True
48,23850.0,-0.4,0.9709740699679058,False,True
48,24450.0,-0.4,0.9783106812300818,False,True
48,25050.0,-0.4,0.9521533235879011,False,True
48,25650.0,-0.30000000000000004,0.9029996611933792,False,True
48,26250.0,-0.30000000000000004,0.9351685595578629,False,True
48,26850.0,-0.30000000000000004,0.8964330617535762,False,True
48,27450.0,-0.2,0.8791250384805419,False,True
48,28050.0,-0.2,0.9127578047700818,False,True
48,28650.0,-0.2,0.749325363247458,False,True
48,29250.0,-0.2,0.7082303859300734,False,True
48,29850.0,-0.1,0.8347150861588329,False,True
48,30450.0,-0.1,0.837257787258039,False,True
48,31050.0,-3.3000000000000003,0.4993469199853668,False,True
48,31650.0,-3.2,0.7246216074873907,False,True
48,32250.0,-3.2,0.7778363810763476,False,True
48,32850.0,-3.2,0.6397820515871274,False,True
48,33450.0,-3.1,0.4093869197065304,False,False
48,34050.0,-11.200000000000001,0.6898960786417143,False,True
48,34650.0,-11.200000000000001,0.7774203292943548,False,True
48,35083.200000000004,-11.200000000000001,0.6625213824885506,False,True
49,450.0,1.0,0.8119311424954042,False,True
49,1050.0,1.0,0.9012855511217589,False,True
49,1650.0,1.0,0.8074630563337932,False,True
49,2250.0,1.1,0.8593721789881805,False,True
49,2850.0,1.1,0.8592172571610498,False,True
49,3450.0,1.2000000000000002,0.7573973756148058,False,True
49,4050.0,1.2000000000000002,0.8730074429462965,False,True
49,4650.0,1.2000000000000002,0.7936096495256588,False,True
49,5250.0,1.3,0.8609903114229235,False,True
49,5850.0,1.3,0.8610592114205313,False,True
49,6450.0,1.3,0.7491777422693778,False,True
49,7050.0,1.4000000000000001,0.4991285153008711,False,True
49,7650.0,-6.1000000000000005,0.799512443728622,False,True
49,8250.0,-6.1000000000000005,0.8318520667269037,False,True
49,8850.0,-6.0,0.8844530016852085,False,True
49,9450.0,-6.0,0.8415778609839549,False,True
49,10050.0,-5.9,0.8586895650290636,False,True
49,10650.0,-5.9,0.9193526187200787,False,True
49,11250.0,-5.9,0.8364580742608401,False,True
49,11850.0,-5.800000000000001,0.7985483804943349,False,True
49,12450.0,-5.800000000000001,0.7813913867950419,False,True
49,13050.0,-5.7,0.7132250778038156,False,True
49,13650.0,-5.7,0.8690648664048728,False,True
49,14250.0,-5.7,0.6190404493547298,False,True
49,14850.0,-13.3,0.8840989209175384,False,True
49,15450.0,-13.200000000000001,0.7794642635439338,False,True
49,16050.0,-13.200000000000001,0.8564010585672268,False,True
49,16650.0,-13.200000000000001,0.780165888098455,False,True
49,17250.0,-13.100000000000001,0.7672991390842174,False,True
49,17850.0,-13.100000000000001,0.821454737779316,False,True
49,18450.0,-13.100000000000001,0.6918910910128511,False,True
49,19050.0,-13.0,0.8477058179351074,False,True
49,19650.0,-13.0,0.8800401166907825,False,True
49,20250.0,-12.9,0.8849261013615838,False,True
49,20850.0,-12.9,0.9166449459516207,False,True
49,21450.0,-12.9,0.654406380904403,False,True
49,22050.0,-20.6,0.7279313321128492,False,True
49,22650.0,-20.6,0.7860018218814614,False,True
49,23250.0,-20.6,0.8193807265395767,False,True
49,23850.0,-20.5,0.7784723148418776,False,True
49,24450.0,-20.5,0.8572444579428589,False,True
49,25050.0,-20.5,0.763200974209447,False,True
49,25650.0,-20.400000000000002,0.8297116157622886,False,True
49,26250.0,-20.400000000000002,0.8632132910116386,False,True
49,26850.0,-20.3,0.8113831280640202,False,True
49,27450.0,-20.3,0.8790199735317716,False,True
49,28050.0,-20.3,0.8733863199283661,False,True
49,28650.0,-20.200000000000003,0.7651884865407445,False,True
49,29250.0,-28.200000000000003,0.6854905359878862,False,True
49,29850.0,-28.1,0.8088532808776939,False,True
49,30450.0,-28.1,0.8819420224298821,False,True
49,31050.0,-28.0,0.8473845425320808,False,True
49,31650.0,-28.0,0.8811259634562367,False,True
49,32250.0,-28.0,0.7569575938272901,False,True
49,32850.0,-27.900000000000002,0.7638536944026997,False,True
49,33450.0,-27.900000000000002,0.8471536527770567,False,True
49,34050.0,-27.900000000000002,0.841819565833305,False,True
49,34650.0,-27.8,0.8106915417631586,False,True
49,35250.0,-27.8,0.8679092912131179,False,True
49,35850.0,-34.1,0.44830852300464796,False,False
49,36450.0,-34.1,0.8519423018549677,False,True
49,37050.0,-34.1,0.6106537833829593,False,True
49,37382.0,-34.1,0.2023292978258424,False,False
50,450.0,0.8,0.8789697594061676,False,True
50,1050.0,0.8,0.874278734471638,False,True
50,1650.0,0.9,0.8074378862898689,False,True
50,2250.0,0.9,0.7572320687938777,False,True
50,2850.0,1.0,0.6697159903675088,False,True
50,3450.0,1.0,0.8178816160168466,False,True
50,4050.0,1.0,0.7366979972977021,False,True
50,4650.0,1.1,0.7783160098172289,False,True
50,5250.0,1.1,0.788474493691112,False,True
50,5850.0,1.2000000000000002,0.8342749121517508,False,True
50,6450.0,1.2000000000000002,0.8848297546208168,False,True
50,7050.0,1.2000000000000002,0.7109201387572801,False,True
50,7650.0,-5.5,0.7055389665939804,False,True
50,8250.0,-5.5,0.9440860324148888,False,True
50,8850.0,-5.5,0.9702768673932387,False,True
50,9450.0,-5.4,0.9462968491446793,False,True
50,10050.0,-5.4,0.8852205288098219,False,True
50,10650.0,-5.4,0.8542446010166271,False,True
50,11250.0,-5.300000000000001,0.9608188922645697,False,True
50,11850.0,-5.300000000000001,0.9741876111371011,False,True
50,12450.0,-5.2,0.9711181181336328,False,True
50,13050.0,-5.2,0.9826191247824054,False,True
50,13650.0,-5.2,0.9753129509933667,False,True
50,14250.0,-5.1000000000000005,0.660591263438903,False,True
50,14850.0,-12.0,0.9576866161253696,False,True
50,15450.0,-12.0,0.9605833965463345,False,True
50,16050.0,-11.9,0.9515637346204563,False,True
50,16650.0,-11.9,0.9538498298841993,False,True
50,17250.0,-11.9,0.9124782934232929,False,True
50,17850.0,-11.8,0.9223965252020602,False,True
50,18450.0,-11.8,0.9440593328380902,False,True
50,19050.0,-11.700000000000001,0.9643994092548045,False,True
50,19650.0,-11.700000000000001,0.9389314851481385,False,True
50,20250.0,-11.700000000000001,0.850152379380122,False,True
50,20850.0,-11.600000000000001,0.9122916534691071,False,True
50,21450.0,-11.600000000000001,0.5259641474344655,False,True
50,22050.0,-22.1,0.929329375339868,False,True
50,22650.0,-22.0,0.955537189939147,False,True
50,23250.0,-22.0,0.9517342262082609,False,True
50,23850.0,-21.900000000000002,0.9510416164697783,False,True
50,24450.0,-21.900000000000002,0.9637981417386688,False,True
50,25050.0,-21.900000000000002,0.9640635531142895,False,True
50,25650.0,-21.8,0.900328614133488,False,True
50,26250.0,-21.8,0.9402644592785889,False,True
50,26850.0,-21.8,0.9435931398326999,False,True
50,27450.0,-21.700000000000003,0.9582996169803415,False,True
50,28050.0,-21.700000000000003,0.9429202212343232,False,True
50,28650.0,-21.6,0.564402585007984,False,True
50,29250.0,-32.4,0.7833572471919463,False,True
50,29850.0,-35.6,0.745458018484586,False,True
50,30450.0,-35.5,0.8510534604269318,False,True
50,31050.0,-35.5,0.9353363855915793,False,True
50,31650.0,-35.5,0.8881022777354493,False,True
50,32250.0,-35.4,0.9462098303905022,False,True
50,32850.0,-35.4,0.9135813691625986,False,True
50,33450.0,-35.300000000000004,0.8689807916136241,False,True
50,34050.0,-35.300000000000004,0.8304493216002826,False,True
50,34650.0,-35.300000000000004,0.789356649966641,False,True
50,35250.0,-35.2,0.8024541432092809,False,True
50,35850.0,-35.2,0.7383893586759044,False,True
50,36450.0,-51.1,0.5247219558454456,False,True
50,37050.0,-51.1,0.4758451215740855,False,True
50,37650.0,-51.0,0.7278809138668897,False,True
50,38250.0,-51.0,0.7015116538167384,False,True
50,38599.4,-51.0,0.23803400348748927,False,False
